ISO-10303-21;
HEADER;
FILE_DESCRIPTION(('Open CASCADE Model'),'2;1');
FILE_NAME('CINVA-Ram 14x7x4','2026-09-28T18:56:59',('Author'),(
    'Open CASCADE'),'Open CASCADE STEP processor 7.9','build123d',
  'Unknown');
FILE_SCHEMA(('AUTOMOTIVE_DESIGN { 1 0 10303 214 1 1 1 1 }'));
ENDSEC;
DATA;
#1 = APPLICATION_PROTOCOL_DEFINITION('international standard',
  'automotive_design',2000,#2);
#2 = APPLICATION_CONTEXT(
  'core data for automotive mechanical design processes');
#3 = SHAPE_DEFINITION_REPRESENTATION(#4,#10);
#4 = PRODUCT_DEFINITION_SHAPE('','',#5);
#5 = PRODUCT_DEFINITION('design','',#6,#9);
#6 = PRODUCT_DEFINITION_FORMATION('','',#7);
#7 = PRODUCT('CINVA-Ram 14x7x4','CINVA-Ram 14x7x4','',(#8));
#8 = PRODUCT_CONTEXT('',#2,'mechanical');
#9 = PRODUCT_DEFINITION_CONTEXT('part definition',#2,'design');
#10 = SHAPE_REPRESENTATION('',(#11,#15,#19,#23,#27,#31,#35,#39,#43,#47,
    #51,#55,#59,#63,#67,#71,#75,#79,#83,#87,#91,#95,#99,#103,#107,#111,
    #115,#119,#123,#127,#131,#135,#139,#143,#147,#151,#155,#159,#163),
  #167);
#11 = AXIS2_PLACEMENT_3D('',#12,#13,#14);
#12 = CARTESIAN_POINT('',(0.,0.,0.));
#13 = DIRECTION('',(0.,0.,1.));
#14 = DIRECTION('',(1.,0.,-0.));
#15 = AXIS2_PLACEMENT_3D('',#16,#17,#18);
#16 = CARTESIAN_POINT('',(101.6,95.25,0.));
#17 = DIRECTION('',(0.,0.,1.));
#18 = DIRECTION('',(1.,0.,-0.));
#19 = AXIS2_PLACEMENT_3D('',#20,#21,#22);
#20 = CARTESIAN_POINT('',(101.6,95.25,0.));
#21 = DIRECTION('',(0.,0.,1.));
#22 = DIRECTION('',(1.,0.,-0.));
#23 = AXIS2_PLACEMENT_3D('',#24,#25,#26);
#24 = CARTESIAN_POINT('',(101.6,95.25,6.35));
#25 = DIRECTION('',(0.,-1.,2.22044604925E-16));
#26 = DIRECTION('',(1.,0.,0.));
#27 = AXIS2_PLACEMENT_3D('',#28,#29,#30);
#28 = CARTESIAN_POINT('',(101.6,95.25,6.35));
#29 = DIRECTION('',(0.,-1.,2.22044604925E-16));
#30 = DIRECTION('',(1.,0.,0.));
#31 = AXIS2_PLACEMENT_3D('',#32,#33,#34);
#32 = CARTESIAN_POINT('',(95.25,-95.25,196.85));
#33 = DIRECTION('',(1.,-2.22044604925E-16,2.22044604925E-16));
#34 = DIRECTION('',(2.22044604925E-16,1.,0.));
#35 = AXIS2_PLACEMENT_3D('',#36,#37,#38);
#36 = CARTESIAN_POINT('',(457.2,-95.25,196.85));
#37 = DIRECTION('',(1.,-2.22044604925E-16,2.22044604925E-16));
#38 = DIRECTION('',(2.22044604925E-16,1.,0.));
#39 = AXIS2_PLACEMENT_3D('',#40,#41,#42);
#40 = CARTESIAN_POINT('',(95.25,-95.25,387.35));
#41 = DIRECTION('',(0.,0.,1.));
#42 = DIRECTION('',(1.,0.,-0.));
#43 = AXIS2_PLACEMENT_3D('',#44,#45,#46);
#44 = CARTESIAN_POINT('',(101.6,57.15,393.7));
#45 = DIRECTION('',(0.,-1.,2.22044604925E-16));
#46 = DIRECTION('',(1.,0.,0.));
#47 = AXIS2_PLACEMENT_3D('',#48,#49,#50);
#48 = CARTESIAN_POINT('',(101.6,57.15,393.7));
#49 = DIRECTION('',(0.,-1.,2.22044604925E-16));
#50 = DIRECTION('',(1.,0.,0.));
#51 = AXIS2_PLACEMENT_3D('',#52,#53,#54);
#52 = CARTESIAN_POINT('',(107.95,107.95,336.55));
#53 = DIRECTION('',(0.,0.,1.));
#54 = DIRECTION('',(1.,0.,-0.));
#55 = AXIS2_PLACEMENT_3D('',#56,#57,#58);
#56 = CARTESIAN_POINT('',(107.95,57.15,393.7));
#57 = DIRECTION('',(0.,0.,1.));
#58 = DIRECTION('',(1.,0.,-0.));
#59 = AXIS2_PLACEMENT_3D('',#60,#61,#62);
#60 = CARTESIAN_POINT('',(107.95,107.95,339.725));
#61 = DIRECTION('',(0.,0.,1.));
#62 = DIRECTION('',(1.,0.,-0.));
#63 = AXIS2_PLACEMENT_3D('',#64,#65,#66);
#64 = CARTESIAN_POINT('',(102.39375,-88.10625,254.50909357704));
#65 = DIRECTION('',(0.,0.,1.));
#66 = DIRECTION('',(1.,0.,-0.));
#67 = AXIS2_PLACEMENT_3D('',#68,#69,#70);
#68 = CARTESIAN_POINT('',(114.3,69.85,203.70909357704));
#69 = DIRECTION('',(0.,-1.,2.22044604925E-16));
#70 = DIRECTION('',(1.,0.,0.));
#71 = AXIS2_PLACEMENT_3D('',#72,#73,#74);
#72 = CARTESIAN_POINT('',(114.3,69.85,203.70909357704));
#73 = DIRECTION('',(0.,-1.,2.22044604925E-16));
#74 = DIRECTION('',(1.,0.,0.));
#75 = AXIS2_PLACEMENT_3D('',#76,#77,#78);
#76 = CARTESIAN_POINT('',(203.2,50.8,70.359093577045));
#77 = DIRECTION('',(0.,-1.,2.22044604925E-16));
#78 = DIRECTION('',(1.,0.,0.));
#79 = AXIS2_PLACEMENT_3D('',#80,#81,#82);
#80 = CARTESIAN_POINT('',(203.2,50.8,70.359093577045));
#81 = DIRECTION('',(0.,-1.,2.22044604925E-16));
#82 = DIRECTION('',(1.,0.,0.));
#83 = AXIS2_PLACEMENT_3D('',#84,#85,#86);
#84 = CARTESIAN_POINT('',(203.2,44.45,70.359093577045));
#85 = DIRECTION('',(0.,-1.,2.22044604925E-16));
#86 = DIRECTION('',(1.,0.,0.));
#87 = AXIS2_PLACEMENT_3D('',#88,#89,#90);
#88 = CARTESIAN_POINT('',(203.2,44.45,70.359093577045));
#89 = DIRECTION('',(0.,-1.,2.22044604925E-16));
#90 = DIRECTION('',(1.,0.,0.));
#91 = AXIS2_PLACEMENT_3D('',#92,#93,#94);
#92 = CARTESIAN_POINT('',(152.4,-120.65,196.85));
#93 = DIRECTION('',(2.22044604925E-16,1.,2.22044604925E-16));
#94 = DIRECTION('',(4.930380657631E-32,2.22044604925E-16,-1.));
#95 = AXIS2_PLACEMENT_3D('',#96,#97,#98);
#96 = CARTESIAN_POINT('',(279.4,-120.65,95.759093577045));
#97 = DIRECTION('',(2.22044604925E-16,1.,2.22044604925E-16));
#98 = DIRECTION('',(4.930380657631E-32,2.22044604925E-16,-1.));
#99 = AXIS2_PLACEMENT_3D('',#100,#101,#102);
#100 = CARTESIAN_POINT('',(279.4,-76.2,466.725));
#101 = DIRECTION('',(2.22044604925E-16,1.,2.22044604925E-16));
#102 = DIRECTION('',(4.930380657631E-32,2.22044604925E-16,-1.));
#103 = AXIS2_PLACEMENT_3D('',#104,#105,#106);
#104 = CARTESIAN_POINT('',(229.2759773176,114.3,566.85642744249));
#105 = DIRECTION('',(2.21740300511E-16,-1.,1.162091672734E-17));
#106 = DIRECTION('',(5.233595624294E-02,0.,-0.998629534755));
#107 = AXIS2_PLACEMENT_3D('',#108,#109,#110);
#108 = CARTESIAN_POINT('',(229.2759773176,114.3,566.85642744249));
#109 = DIRECTION('',(2.21740300511E-16,-1.,1.162091672734E-17));
#110 = DIRECTION('',(5.233595624294E-02,0.,-0.998629534755));
#111 = AXIS2_PLACEMENT_3D('',#112,#113,#114);
#112 = CARTESIAN_POINT('',(280.00635768313,-114.3,569.51509401963));
#113 = DIRECTION('',(0.998629534755,-0.,5.233595624294E-02));
#114 = DIRECTION('',(5.233595624294E-02,0.,-0.998629534755));
#115 = AXIS2_PLACEMENT_3D('',#116,#117,#118);
#116 = CARTESIAN_POINT('',(222.93467977191,-114.3,566.52409412035));
#117 = DIRECTION('',(0.998629534755,-0.,5.233595624294E-02));
#118 = DIRECTION('',(5.233595624294E-02,0.,-0.998629534755));
#119 = AXIS2_PLACEMENT_3D('',#120,#121,#122);
#120 = CARTESIAN_POINT('',(230.60531060617,-19.05,541.49123725972));
#121 = DIRECTION('',(0.998629534755,-0.,5.233595624294E-02));
#122 = DIRECTION('',(5.233595624294E-02,0.,-0.998629534755));
#123 = AXIS2_PLACEMENT_3D('',#124,#125,#126);
#124 = CARTESIAN_POINT('',(193.675,-38.1,469.9));
#125 = DIRECTION('',(2.22044604925E-16,1.,2.22044604925E-16));
#126 = DIRECTION('',(4.930380657631E-32,2.22044604925E-16,-1.));
#127 = AXIS2_PLACEMENT_3D('',#128,#129,#130);
#128 = CARTESIAN_POINT('',(168.275,-25.4,444.5));
#129 = DIRECTION('',(0.,0.,1.));
#130 = DIRECTION('',(1.,0.,-0.));
#131 = AXIS2_PLACEMENT_3D('',#132,#133,#134);
#132 = CARTESIAN_POINT('',(193.675,0.,495.3));
#133 = DIRECTION('',(0.,0.,1.));
#134 = DIRECTION('',(1.,0.,0.));
#135 = AXIS2_PLACEMENT_3D('',#136,#137,#138);
#136 = CARTESIAN_POINT('',(152.9588,-38.1,584.2));
#137 = DIRECTION('',(2.22044604925E-16,1.,2.22044604925E-16));
#138 = DIRECTION('',(4.930380657631E-32,2.22044604925E-16,-1.));
#139 = AXIS2_PLACEMENT_3D('',#140,#141,#142);
#140 = CARTESIAN_POINT('',(140.9420639224,-28.575,573.31096530993));
#141 = DIRECTION('',(3.614691299795E-17,-1.,2.190826493747E-16));
#142 = DIRECTION('',(0.986660538087,0.,-0.162791223908));
#143 = AXIS2_PLACEMENT_3D('',#144,#145,#146);
#144 = CARTESIAN_POINT('',(140.9420639224,-28.575,573.31096530993));
#145 = DIRECTION('',(3.614691299795E-17,-1.,2.190826493747E-16));
#146 = DIRECTION('',(0.986660538087,0.,-0.162791223908));
#147 = AXIS2_PLACEMENT_3D('',#148,#149,#150);
#148 = CARTESIAN_POINT('',(238.17943327197,-34.925,557.26756461133));
#149 = DIRECTION('',(0.91127256726,-2.22044604925E-16,-0.411803725287));
#150 = DIRECTION('',(2.023431571762E-16,1.,-9.143879548795E-17));
#151 = AXIS2_PLACEMENT_3D('',#152,#153,#154);
#152 = CARTESIAN_POINT('',(311.15,-31.75,495.3));
#153 = DIRECTION('',(2.22044604925E-16,1.,2.22044604925E-16));
#154 = DIRECTION('',(4.930380657631E-32,2.22044604925E-16,-1.));
#155 = AXIS2_PLACEMENT_3D('',#156,#157,#158);
#156 = CARTESIAN_POINT('',(311.15,25.4,495.3));
#157 = DIRECTION('',(2.22044604925E-16,1.,2.22044604925E-16));
#158 = DIRECTION('',(4.930380657631E-32,2.22044604925E-16,-1.));
#159 = AXIS2_PLACEMENT_3D('',#160,#161,#162);
#160 = CARTESIAN_POINT('',(311.15,-25.4,495.3));
#161 = DIRECTION('',(2.22044604925E-16,1.,2.22044604925E-16));
#162 = DIRECTION('',(4.930380657631E-32,2.22044604925E-16,-1.));
#163 = AXIS2_PLACEMENT_3D('',#164,#165,#166);
#164 = CARTESIAN_POINT('',(311.15,19.05,495.3));
#165 = DIRECTION('',(2.22044604925E-16,1.,2.22044604925E-16));
#166 = DIRECTION('',(4.930380657631E-32,2.22044604925E-16,-1.));
#167 = ( GEOMETRIC_REPRESENTATION_CONTEXT(3) 
GLOBAL_UNCERTAINTY_ASSIGNED_CONTEXT((#171)) GLOBAL_UNIT_ASSIGNED_CONTEXT
((#168,#169,#170)) REPRESENTATION_CONTEXT('Context #1',
  '3D Context with UNIT and UNCERTAINTY') );
#168 = ( LENGTH_UNIT() NAMED_UNIT(*) SI_UNIT(.MILLI.,.METRE.) );
#169 = ( NAMED_UNIT(*) PLANE_ANGLE_UNIT() SI_UNIT($,.RADIAN.) );
#170 = ( NAMED_UNIT(*) SI_UNIT($,.STERADIAN.) SOLID_ANGLE_UNIT() );
#171 = UNCERTAINTY_MEASURE_WITH_UNIT(LENGTH_MEASURE(2.54E-06),#168,
  'distance_accuracy_value','confusion accuracy');
#172 = PRODUCT_RELATED_PRODUCT_CATEGORY('part',$,(#7));
#173 = SHAPE_DEFINITION_REPRESENTATION(#174,#180);
#174 = PRODUCT_DEFINITION_SHAPE('','',#175);
#175 = PRODUCT_DEFINITION('design','',#176,#179);
#176 = PRODUCT_DEFINITION_FORMATION('','',#177);
#177 = PRODUCT('Base Bracket','Base Bracket','',(#178));
#178 = PRODUCT_CONTEXT('',#2,'mechanical');
#179 = PRODUCT_DEFINITION_CONTEXT('part definition',#2,'design');
#180 = ADVANCED_BREP_SHAPE_REPRESENTATION('',(#11,#181),#1085);
#181 = MANIFOLD_SOLID_BREP('',#182);
#182 = CLOSED_SHELL('',(#183,#359,#497,#639,#688,#813,#914,#941,#950,
    #977,#1004,#1031,#1058));
#183 = ADVANCED_FACE('',(#184),#198,.F.);
#184 = FACE_BOUND('',#185,.F.);
#185 = EDGE_LOOP('',(#186,#221,#249,#277,#305,#333));
#186 = ORIENTED_EDGE('',*,*,#187,.F.);
#187 = EDGE_CURVE('',#188,#190,#192,.T.);
#188 = VERTEX_POINT('',#189);
#189 = CARTESIAN_POINT('',(0.,0.,0.));
#190 = VERTEX_POINT('',#191);
#191 = CARTESIAN_POINT('',(0.,0.,50.8));
#192 = SURFACE_CURVE('',#193,(#197,#209),.PCURVE_S1.);
#193 = LINE('',#194,#195);
#194 = CARTESIAN_POINT('',(0.,0.,0.));
#195 = VECTOR('',#196,25.4);
#196 = DIRECTION('',(0.,0.,1.));
#197 = PCURVE('',#198,#203);
#198 = PLANE('',#199);
#199 = AXIS2_PLACEMENT_3D('',#200,#201,#202);
#200 = CARTESIAN_POINT('',(0.,0.,0.));
#201 = DIRECTION('',(1.,0.,-0.));
#202 = DIRECTION('',(0.,0.,1.));
#203 = DEFINITIONAL_REPRESENTATION('',(#204),#208);
#204 = LINE('',#205,#206);
#205 = CARTESIAN_POINT('',(0.,0.));
#206 = VECTOR('',#207,1.);
#207 = DIRECTION('',(1.,0.));
#208 = ( GEOMETRIC_REPRESENTATION_CONTEXT(2) 
PARAMETRIC_REPRESENTATION_CONTEXT() REPRESENTATION_CONTEXT('2D SPACE',''
  ) );
#209 = PCURVE('',#210,#215);
#210 = PLANE('',#211);
#211 = AXIS2_PLACEMENT_3D('',#212,#213,#214);
#212 = CARTESIAN_POINT('',(0.,0.,0.));
#213 = DIRECTION('',(-0.,1.,0.));
#214 = DIRECTION('',(0.,0.,1.));
#215 = DEFINITIONAL_REPRESENTATION('',(#216),#220);
#216 = LINE('',#217,#218);
#217 = CARTESIAN_POINT('',(0.,0.));
#218 = VECTOR('',#219,1.);
#219 = DIRECTION('',(1.,0.));
#220 = ( GEOMETRIC_REPRESENTATION_CONTEXT(2) 
PARAMETRIC_REPRESENTATION_CONTEXT() REPRESENTATION_CONTEXT('2D SPACE',''
  ) );
#221 = ORIENTED_EDGE('',*,*,#222,.F.);
#222 = EDGE_CURVE('',#223,#188,#225,.T.);
#223 = VERTEX_POINT('',#224);
#224 = CARTESIAN_POINT('',(0.,50.8,0.));
#225 = SURFACE_CURVE('',#226,(#230,#237),.PCURVE_S1.);
#226 = LINE('',#227,#228);
#227 = CARTESIAN_POINT('',(0.,50.8,0.));
#228 = VECTOR('',#229,25.4);
#229 = DIRECTION('',(0.,-1.,0.));
#230 = PCURVE('',#198,#231);
#231 = DEFINITIONAL_REPRESENTATION('',(#232),#236);
#232 = LINE('',#233,#234);
#233 = CARTESIAN_POINT('',(0.,-50.8));
#234 = VECTOR('',#235,1.);
#235 = DIRECTION('',(0.,1.));
#236 = ( GEOMETRIC_REPRESENTATION_CONTEXT(2) 
PARAMETRIC_REPRESENTATION_CONTEXT() REPRESENTATION_CONTEXT('2D SPACE',''
  ) );
#237 = PCURVE('',#238,#243);
#238 = PLANE('',#239);
#239 = AXIS2_PLACEMENT_3D('',#240,#241,#242);
#240 = CARTESIAN_POINT('',(0.,0.,0.));
#241 = DIRECTION('',(0.,0.,1.));
#242 = DIRECTION('',(1.,0.,-0.));
#243 = DEFINITIONAL_REPRESENTATION('',(#244),#248);
#244 = LINE('',#245,#246);
#245 = CARTESIAN_POINT('',(0.,50.8));
#246 = VECTOR('',#247,1.);
#247 = DIRECTION('',(0.,-1.));
#248 = ( GEOMETRIC_REPRESENTATION_CONTEXT(2) 
PARAMETRIC_REPRESENTATION_CONTEXT() REPRESENTATION_CONTEXT('2D SPACE',''
  ) );
#249 = ORIENTED_EDGE('',*,*,#250,.T.);
#250 = EDGE_CURVE('',#223,#251,#253,.T.);
#251 = VERTEX_POINT('',#252);
#252 = CARTESIAN_POINT('',(0.,50.8,6.35));
#253 = SURFACE_CURVE('',#254,(#258,#265),.PCURVE_S1.);
#254 = LINE('',#255,#256);
#255 = CARTESIAN_POINT('',(0.,50.8,0.));
#256 = VECTOR('',#257,25.4);
#257 = DIRECTION('',(0.,0.,1.));
#258 = PCURVE('',#198,#259);
#259 = DEFINITIONAL_REPRESENTATION('',(#260),#264);
#260 = LINE('',#261,#262);
#261 = CARTESIAN_POINT('',(0.,-50.8));
#262 = VECTOR('',#263,1.);
#263 = DIRECTION('',(1.,0.));
#264 = ( GEOMETRIC_REPRESENTATION_CONTEXT(2) 
PARAMETRIC_REPRESENTATION_CONTEXT() REPRESENTATION_CONTEXT('2D SPACE',''
  ) );
#265 = PCURVE('',#266,#271);
#266 = PLANE('',#267);
#267 = AXIS2_PLACEMENT_3D('',#268,#269,#270);
#268 = CARTESIAN_POINT('',(0.,50.8,0.));
#269 = DIRECTION('',(-0.,1.,0.));
#270 = DIRECTION('',(0.,0.,1.));
#271 = DEFINITIONAL_REPRESENTATION('',(#272),#276);
#272 = LINE('',#273,#274);
#273 = CARTESIAN_POINT('',(0.,0.));
#274 = VECTOR('',#275,1.);
#275 = DIRECTION('',(1.,0.));
#276 = ( GEOMETRIC_REPRESENTATION_CONTEXT(2) 
PARAMETRIC_REPRESENTATION_CONTEXT() REPRESENTATION_CONTEXT('2D SPACE',''
  ) );
#277 = ORIENTED_EDGE('',*,*,#278,.F.);
#278 = EDGE_CURVE('',#279,#251,#281,.T.);
#279 = VERTEX_POINT('',#280);
#280 = CARTESIAN_POINT('',(0.,6.35,6.35));
#281 = SURFACE_CURVE('',#282,(#286,#293),.PCURVE_S1.);
#282 = LINE('',#283,#284);
#283 = CARTESIAN_POINT('',(0.,0.,6.35));
#284 = VECTOR('',#285,25.4);
#285 = DIRECTION('',(-0.,1.,0.));
#286 = PCURVE('',#198,#287);
#287 = DEFINITIONAL_REPRESENTATION('',(#288),#292);
#288 = LINE('',#289,#290);
#289 = CARTESIAN_POINT('',(6.35,0.));
#290 = VECTOR('',#291,1.);
#291 = DIRECTION('',(0.,-1.));
#292 = ( GEOMETRIC_REPRESENTATION_CONTEXT(2) 
PARAMETRIC_REPRESENTATION_CONTEXT() REPRESENTATION_CONTEXT('2D SPACE',''
  ) );
#293 = PCURVE('',#294,#299);
#294 = PLANE('',#295);
#295 = AXIS2_PLACEMENT_3D('',#296,#297,#298);
#296 = CARTESIAN_POINT('',(0.,0.,6.35));
#297 = DIRECTION('',(0.,0.,1.));
#298 = DIRECTION('',(1.,0.,-0.));
#299 = DEFINITIONAL_REPRESENTATION('',(#300),#304);
#300 = LINE('',#301,#302);
#301 = CARTESIAN_POINT('',(0.,0.));
#302 = VECTOR('',#303,1.);
#303 = DIRECTION('',(0.,1.));
#304 = ( GEOMETRIC_REPRESENTATION_CONTEXT(2) 
PARAMETRIC_REPRESENTATION_CONTEXT() REPRESENTATION_CONTEXT('2D SPACE',''
  ) );
#305 = ORIENTED_EDGE('',*,*,#306,.T.);
#306 = EDGE_CURVE('',#279,#307,#309,.T.);
#307 = VERTEX_POINT('',#308);
#308 = CARTESIAN_POINT('',(0.,6.35,50.8));
#309 = SURFACE_CURVE('',#310,(#314,#321),.PCURVE_S1.);
#310 = LINE('',#311,#312);
#311 = CARTESIAN_POINT('',(0.,6.35,0.));
#312 = VECTOR('',#313,25.4);
#313 = DIRECTION('',(0.,0.,1.));
#314 = PCURVE('',#198,#315);
#315 = DEFINITIONAL_REPRESENTATION('',(#316),#320);
#316 = LINE('',#317,#318);
#317 = CARTESIAN_POINT('',(0.,-6.35));
#318 = VECTOR('',#319,1.);
#319 = DIRECTION('',(1.,0.));
#320 = ( GEOMETRIC_REPRESENTATION_CONTEXT(2) 
PARAMETRIC_REPRESENTATION_CONTEXT() REPRESENTATION_CONTEXT('2D SPACE',''
  ) );
#321 = PCURVE('',#322,#327);
#322 = PLANE('',#323);
#323 = AXIS2_PLACEMENT_3D('',#324,#325,#326);
#324 = CARTESIAN_POINT('',(0.,6.35,0.));
#325 = DIRECTION('',(-0.,1.,0.));
#326 = DIRECTION('',(0.,0.,1.));
#327 = DEFINITIONAL_REPRESENTATION('',(#328),#332);
#328 = LINE('',#329,#330);
#329 = CARTESIAN_POINT('',(0.,0.));
#330 = VECTOR('',#331,1.);
#331 = DIRECTION('',(1.,0.));
#332 = ( GEOMETRIC_REPRESENTATION_CONTEXT(2) 
PARAMETRIC_REPRESENTATION_CONTEXT() REPRESENTATION_CONTEXT('2D SPACE',''
  ) );
#333 = ORIENTED_EDGE('',*,*,#334,.F.);
#334 = EDGE_CURVE('',#190,#307,#335,.T.);
#335 = SURFACE_CURVE('',#336,(#340,#347),.PCURVE_S1.);
#336 = LINE('',#337,#338);
#337 = CARTESIAN_POINT('',(0.,0.,50.8));
#338 = VECTOR('',#339,25.4);
#339 = DIRECTION('',(-0.,1.,0.));
#340 = PCURVE('',#198,#341);
#341 = DEFINITIONAL_REPRESENTATION('',(#342),#346);
#342 = LINE('',#343,#344);
#343 = CARTESIAN_POINT('',(50.8,0.));
#344 = VECTOR('',#345,1.);
#345 = DIRECTION('',(0.,-1.));
#346 = ( GEOMETRIC_REPRESENTATION_CONTEXT(2) 
PARAMETRIC_REPRESENTATION_CONTEXT() REPRESENTATION_CONTEXT('2D SPACE',''
  ) );
#347 = PCURVE('',#348,#353);
#348 = PLANE('',#349);
#349 = AXIS2_PLACEMENT_3D('',#350,#351,#352);
#350 = CARTESIAN_POINT('',(0.,0.,50.8));
#351 = DIRECTION('',(0.,0.,1.));
#352 = DIRECTION('',(1.,0.,-0.));
#353 = DEFINITIONAL_REPRESENTATION('',(#354),#358);
#354 = LINE('',#355,#356);
#355 = CARTESIAN_POINT('',(0.,0.));
#356 = VECTOR('',#357,1.);
#357 = DIRECTION('',(0.,1.));
#358 = ( GEOMETRIC_REPRESENTATION_CONTEXT(2) 
PARAMETRIC_REPRESENTATION_CONTEXT() REPRESENTATION_CONTEXT('2D SPACE',''
  ) );
#359 = ADVANCED_FACE('',(#360,#435,#466),#210,.F.);
#360 = FACE_BOUND('',#361,.F.);
#361 = EDGE_LOOP('',(#362,#385,#386,#409));
#362 = ORIENTED_EDGE('',*,*,#363,.F.);
#363 = EDGE_CURVE('',#188,#364,#366,.T.);
#364 = VERTEX_POINT('',#365);
#365 = CARTESIAN_POINT('',(914.4,0.,0.));
#366 = SURFACE_CURVE('',#367,(#371,#378),.PCURVE_S1.);
#367 = LINE('',#368,#369);
#368 = CARTESIAN_POINT('',(0.,0.,0.));
#369 = VECTOR('',#370,25.4);
#370 = DIRECTION('',(1.,0.,-0.));
#371 = PCURVE('',#210,#372);
#372 = DEFINITIONAL_REPRESENTATION('',(#373),#377);
#373 = LINE('',#374,#375);
#374 = CARTESIAN_POINT('',(0.,0.));
#375 = VECTOR('',#376,1.);
#376 = DIRECTION('',(0.,1.));
#377 = ( GEOMETRIC_REPRESENTATION_CONTEXT(2) 
PARAMETRIC_REPRESENTATION_CONTEXT() REPRESENTATION_CONTEXT('2D SPACE',''
  ) );
#378 = PCURVE('',#238,#379);
#379 = DEFINITIONAL_REPRESENTATION('',(#380),#384);
#380 = LINE('',#381,#382);
#381 = CARTESIAN_POINT('',(0.,0.));
#382 = VECTOR('',#383,1.);
#383 = DIRECTION('',(1.,0.));
#384 = ( GEOMETRIC_REPRESENTATION_CONTEXT(2) 
PARAMETRIC_REPRESENTATION_CONTEXT() REPRESENTATION_CONTEXT('2D SPACE',''
  ) );
#385 = ORIENTED_EDGE('',*,*,#187,.T.);
#386 = ORIENTED_EDGE('',*,*,#387,.T.);
#387 = EDGE_CURVE('',#190,#388,#390,.T.);
#388 = VERTEX_POINT('',#389);
#389 = CARTESIAN_POINT('',(914.4,0.,50.8));
#390 = SURFACE_CURVE('',#391,(#395,#402),.PCURVE_S1.);
#391 = LINE('',#392,#393);
#392 = CARTESIAN_POINT('',(0.,0.,50.8));
#393 = VECTOR('',#394,25.4);
#394 = DIRECTION('',(1.,0.,-0.));
#395 = PCURVE('',#210,#396);
#396 = DEFINITIONAL_REPRESENTATION('',(#397),#401);
#397 = LINE('',#398,#399);
#398 = CARTESIAN_POINT('',(50.8,0.));
#399 = VECTOR('',#400,1.);
#400 = DIRECTION('',(0.,1.));
#401 = ( GEOMETRIC_REPRESENTATION_CONTEXT(2) 
PARAMETRIC_REPRESENTATION_CONTEXT() REPRESENTATION_CONTEXT('2D SPACE',''
  ) );
#402 = PCURVE('',#348,#403);
#403 = DEFINITIONAL_REPRESENTATION('',(#404),#408);
#404 = LINE('',#405,#406);
#405 = CARTESIAN_POINT('',(0.,0.));
#406 = VECTOR('',#407,1.);
#407 = DIRECTION('',(1.,0.));
#408 = ( GEOMETRIC_REPRESENTATION_CONTEXT(2) 
PARAMETRIC_REPRESENTATION_CONTEXT() REPRESENTATION_CONTEXT('2D SPACE',''
  ) );
#409 = ORIENTED_EDGE('',*,*,#410,.F.);
#410 = EDGE_CURVE('',#364,#388,#411,.T.);
#411 = SURFACE_CURVE('',#412,(#416,#423),.PCURVE_S1.);
#412 = LINE('',#413,#414);
#413 = CARTESIAN_POINT('',(914.4,0.,0.));
#414 = VECTOR('',#415,25.4);
#415 = DIRECTION('',(0.,0.,1.));
#416 = PCURVE('',#210,#417);
#417 = DEFINITIONAL_REPRESENTATION('',(#418),#422);
#418 = LINE('',#419,#420);
#419 = CARTESIAN_POINT('',(0.,914.4));
#420 = VECTOR('',#421,1.);
#421 = DIRECTION('',(1.,0.));
#422 = ( GEOMETRIC_REPRESENTATION_CONTEXT(2) 
PARAMETRIC_REPRESENTATION_CONTEXT() REPRESENTATION_CONTEXT('2D SPACE',''
  ) );
#423 = PCURVE('',#424,#429);
#424 = PLANE('',#425);
#425 = AXIS2_PLACEMENT_3D('',#426,#427,#428);
#426 = CARTESIAN_POINT('',(914.4,0.,0.));
#427 = DIRECTION('',(1.,0.,-0.));
#428 = DIRECTION('',(0.,0.,1.));
#429 = DEFINITIONAL_REPRESENTATION('',(#430),#434);
#430 = LINE('',#431,#432);
#431 = CARTESIAN_POINT('',(0.,0.));
#432 = VECTOR('',#433,1.);
#433 = DIRECTION('',(1.,0.));
#434 = ( GEOMETRIC_REPRESENTATION_CONTEXT(2) 
PARAMETRIC_REPRESENTATION_CONTEXT() REPRESENTATION_CONTEXT('2D SPACE',''
  ) );
#435 = FACE_BOUND('',#436,.F.);
#436 = EDGE_LOOP('',(#437));
#437 = ORIENTED_EDGE('',*,*,#438,.F.);
#438 = EDGE_CURVE('',#439,#439,#441,.T.);
#439 = VERTEX_POINT('',#440);
#440 = CARTESIAN_POINT('',(82.55,0.,31.75));
#441 = SURFACE_CURVE('',#442,(#447,#454),.PCURVE_S1.);
#442 = CIRCLE('',#443,6.35);
#443 = AXIS2_PLACEMENT_3D('',#444,#445,#446);
#444 = CARTESIAN_POINT('',(76.2,0.,31.75));
#445 = DIRECTION('',(0.,1.,2.22044604925E-16));
#446 = DIRECTION('',(1.,0.,-0.));
#447 = PCURVE('',#210,#448);
#448 = DEFINITIONAL_REPRESENTATION('',(#449),#453);
#449 = CIRCLE('',#450,6.35);
#450 = AXIS2_PLACEMENT_2D('',#451,#452);
#451 = CARTESIAN_POINT('',(31.75,76.2));
#452 = DIRECTION('',(0.,1.));
#453 = ( GEOMETRIC_REPRESENTATION_CONTEXT(2) 
PARAMETRIC_REPRESENTATION_CONTEXT() REPRESENTATION_CONTEXT('2D SPACE',''
  ) );
#454 = PCURVE('',#455,#460);
#455 = CYLINDRICAL_SURFACE('',#456,6.35);
#456 = AXIS2_PLACEMENT_3D('',#457,#458,#459);
#457 = CARTESIAN_POINT('',(76.2,-0.254,31.75));
#458 = DIRECTION('',(0.,1.,2.22044604925E-16));
#459 = DIRECTION('',(1.,0.,-0.));
#460 = DEFINITIONAL_REPRESENTATION('',(#461),#465);
#461 = LINE('',#462,#463);
#462 = CARTESIAN_POINT('',(0.,0.254));
#463 = VECTOR('',#464,1.);
#464 = DIRECTION('',(1.,0.));
#465 = ( GEOMETRIC_REPRESENTATION_CONTEXT(2) 
PARAMETRIC_REPRESENTATION_CONTEXT() REPRESENTATION_CONTEXT('2D SPACE',''
  ) );
#466 = FACE_BOUND('',#467,.F.);
#467 = EDGE_LOOP('',(#468));
#468 = ORIENTED_EDGE('',*,*,#469,.F.);
#469 = EDGE_CURVE('',#470,#470,#472,.T.);
#470 = VERTEX_POINT('',#471);
#471 = CARTESIAN_POINT('',(285.75,0.,31.75));
#472 = SURFACE_CURVE('',#473,(#478,#485),.PCURVE_S1.);
#473 = CIRCLE('',#474,6.35);
#474 = AXIS2_PLACEMENT_3D('',#475,#476,#477);
#475 = CARTESIAN_POINT('',(279.4,0.,31.75));
#476 = DIRECTION('',(0.,1.,2.22044604925E-16));
#477 = DIRECTION('',(1.,0.,-0.));
#478 = PCURVE('',#210,#479);
#479 = DEFINITIONAL_REPRESENTATION('',(#480),#484);
#480 = CIRCLE('',#481,6.35);
#481 = AXIS2_PLACEMENT_2D('',#482,#483);
#482 = CARTESIAN_POINT('',(31.75,279.4));
#483 = DIRECTION('',(0.,1.));
#484 = ( GEOMETRIC_REPRESENTATION_CONTEXT(2) 
PARAMETRIC_REPRESENTATION_CONTEXT() REPRESENTATION_CONTEXT('2D SPACE',''
  ) );
#485 = PCURVE('',#486,#491);
#486 = CYLINDRICAL_SURFACE('',#487,6.35);
#487 = AXIS2_PLACEMENT_3D('',#488,#489,#490);
#488 = CARTESIAN_POINT('',(279.4,-0.254,31.75));
#489 = DIRECTION('',(0.,1.,2.22044604925E-16));
#490 = DIRECTION('',(1.,0.,-0.));
#491 = DEFINITIONAL_REPRESENTATION('',(#492),#496);
#492 = LINE('',#493,#494);
#493 = CARTESIAN_POINT('',(0.,0.254));
#494 = VECTOR('',#495,1.);
#495 = DIRECTION('',(1.,0.));
#496 = ( GEOMETRIC_REPRESENTATION_CONTEXT(2) 
PARAMETRIC_REPRESENTATION_CONTEXT() REPRESENTATION_CONTEXT('2D SPACE',''
  ) );
#497 = ADVANCED_FACE('',(#498,#546,#577,#608),#238,.F.);
#498 = FACE_BOUND('',#499,.F.);
#499 = EDGE_LOOP('',(#500,#501,#524,#545));
#500 = ORIENTED_EDGE('',*,*,#363,.T.);
#501 = ORIENTED_EDGE('',*,*,#502,.F.);
#502 = EDGE_CURVE('',#503,#364,#505,.T.);
#503 = VERTEX_POINT('',#504);
#504 = CARTESIAN_POINT('',(914.4,50.8,0.));
#505 = SURFACE_CURVE('',#506,(#510,#517),.PCURVE_S1.);
#506 = LINE('',#507,#508);
#507 = CARTESIAN_POINT('',(914.4,50.8,0.));
#508 = VECTOR('',#509,25.4);
#509 = DIRECTION('',(0.,-1.,0.));
#510 = PCURVE('',#238,#511);
#511 = DEFINITIONAL_REPRESENTATION('',(#512),#516);
#512 = LINE('',#513,#514);
#513 = CARTESIAN_POINT('',(914.4,50.8));
#514 = VECTOR('',#515,1.);
#515 = DIRECTION('',(0.,-1.));
#516 = ( GEOMETRIC_REPRESENTATION_CONTEXT(2) 
PARAMETRIC_REPRESENTATION_CONTEXT() REPRESENTATION_CONTEXT('2D SPACE',''
  ) );
#517 = PCURVE('',#424,#518);
#518 = DEFINITIONAL_REPRESENTATION('',(#519),#523);
#519 = LINE('',#520,#521);
#520 = CARTESIAN_POINT('',(0.,-50.8));
#521 = VECTOR('',#522,1.);
#522 = DIRECTION('',(0.,1.));
#523 = ( GEOMETRIC_REPRESENTATION_CONTEXT(2) 
PARAMETRIC_REPRESENTATION_CONTEXT() REPRESENTATION_CONTEXT('2D SPACE',''
  ) );
#524 = ORIENTED_EDGE('',*,*,#525,.F.);
#525 = EDGE_CURVE('',#223,#503,#526,.T.);
#526 = SURFACE_CURVE('',#527,(#531,#538),.PCURVE_S1.);
#527 = LINE('',#528,#529);
#528 = CARTESIAN_POINT('',(0.,50.8,0.));
#529 = VECTOR('',#530,25.4);
#530 = DIRECTION('',(1.,0.,-0.));
#531 = PCURVE('',#238,#532);
#532 = DEFINITIONAL_REPRESENTATION('',(#533),#537);
#533 = LINE('',#534,#535);
#534 = CARTESIAN_POINT('',(0.,50.8));
#535 = VECTOR('',#536,1.);
#536 = DIRECTION('',(1.,0.));
#537 = ( GEOMETRIC_REPRESENTATION_CONTEXT(2) 
PARAMETRIC_REPRESENTATION_CONTEXT() REPRESENTATION_CONTEXT('2D SPACE',''
  ) );
#538 = PCURVE('',#266,#539);
#539 = DEFINITIONAL_REPRESENTATION('',(#540),#544);
#540 = LINE('',#541,#542);
#541 = CARTESIAN_POINT('',(0.,0.));
#542 = VECTOR('',#543,1.);
#543 = DIRECTION('',(0.,1.));
#544 = ( GEOMETRIC_REPRESENTATION_CONTEXT(2) 
PARAMETRIC_REPRESENTATION_CONTEXT() REPRESENTATION_CONTEXT('2D SPACE',''
  ) );
#545 = ORIENTED_EDGE('',*,*,#222,.T.);
#546 = FACE_BOUND('',#547,.F.);
#547 = EDGE_LOOP('',(#548));
#548 = ORIENTED_EDGE('',*,*,#549,.F.);
#549 = EDGE_CURVE('',#550,#550,#552,.T.);
#550 = VERTEX_POINT('',#551);
#551 = CARTESIAN_POINT('',(82.55,25.4,0.));
#552 = SURFACE_CURVE('',#553,(#558,#565),.PCURVE_S1.);
#553 = CIRCLE('',#554,6.35);
#554 = AXIS2_PLACEMENT_3D('',#555,#556,#557);
#555 = CARTESIAN_POINT('',(76.2,25.4,0.));
#556 = DIRECTION('',(0.,0.,1.));
#557 = DIRECTION('',(1.,0.,-0.));
#558 = PCURVE('',#238,#559);
#559 = DEFINITIONAL_REPRESENTATION('',(#560),#564);
#560 = CIRCLE('',#561,6.35);
#561 = AXIS2_PLACEMENT_2D('',#562,#563);
#562 = CARTESIAN_POINT('',(76.2,25.4));
#563 = DIRECTION('',(1.,0.));
#564 = ( GEOMETRIC_REPRESENTATION_CONTEXT(2) 
PARAMETRIC_REPRESENTATION_CONTEXT() REPRESENTATION_CONTEXT('2D SPACE',''
  ) );
#565 = PCURVE('',#566,#571);
#566 = CYLINDRICAL_SURFACE('',#567,6.35);
#567 = AXIS2_PLACEMENT_3D('',#568,#569,#570);
#568 = CARTESIAN_POINT('',(76.2,25.4,-0.254));
#569 = DIRECTION('',(0.,0.,1.));
#570 = DIRECTION('',(1.,0.,-0.));
#571 = DEFINITIONAL_REPRESENTATION('',(#572),#576);
#572 = LINE('',#573,#574);
#573 = CARTESIAN_POINT('',(0.,0.254));
#574 = VECTOR('',#575,1.);
#575 = DIRECTION('',(1.,0.));
#576 = ( GEOMETRIC_REPRESENTATION_CONTEXT(2) 
PARAMETRIC_REPRESENTATION_CONTEXT() REPRESENTATION_CONTEXT('2D SPACE',''
  ) );
#577 = FACE_BOUND('',#578,.F.);
#578 = EDGE_LOOP('',(#579));
#579 = ORIENTED_EDGE('',*,*,#580,.F.);
#580 = EDGE_CURVE('',#581,#581,#583,.T.);
#581 = VERTEX_POINT('',#582);
#582 = CARTESIAN_POINT('',(463.55,25.4,0.));
#583 = SURFACE_CURVE('',#584,(#589,#596),.PCURVE_S1.);
#584 = CIRCLE('',#585,6.35);
#585 = AXIS2_PLACEMENT_3D('',#586,#587,#588);
#586 = CARTESIAN_POINT('',(457.2,25.4,0.));
#587 = DIRECTION('',(0.,0.,1.));
#588 = DIRECTION('',(1.,0.,-0.));
#589 = PCURVE('',#238,#590);
#590 = DEFINITIONAL_REPRESENTATION('',(#591),#595);
#591 = CIRCLE('',#592,6.35);
#592 = AXIS2_PLACEMENT_2D('',#593,#594);
#593 = CARTESIAN_POINT('',(457.2,25.4));
#594 = DIRECTION('',(1.,0.));
#595 = ( GEOMETRIC_REPRESENTATION_CONTEXT(2) 
PARAMETRIC_REPRESENTATION_CONTEXT() REPRESENTATION_CONTEXT('2D SPACE',''
  ) );
#596 = PCURVE('',#597,#602);
#597 = CYLINDRICAL_SURFACE('',#598,6.35);
#598 = AXIS2_PLACEMENT_3D('',#599,#600,#601);
#599 = CARTESIAN_POINT('',(457.2,25.4,-0.254));
#600 = DIRECTION('',(0.,0.,1.));
#601 = DIRECTION('',(1.,0.,-0.));
#602 = DEFINITIONAL_REPRESENTATION('',(#603),#607);
#603 = LINE('',#604,#605);
#604 = CARTESIAN_POINT('',(0.,0.254));
#605 = VECTOR('',#606,1.);
#606 = DIRECTION('',(1.,0.));
#607 = ( GEOMETRIC_REPRESENTATION_CONTEXT(2) 
PARAMETRIC_REPRESENTATION_CONTEXT() REPRESENTATION_CONTEXT('2D SPACE',''
  ) );
#608 = FACE_BOUND('',#609,.F.);
#609 = EDGE_LOOP('',(#610));
#610 = ORIENTED_EDGE('',*,*,#611,.F.);
#611 = EDGE_CURVE('',#612,#612,#614,.T.);
#612 = VERTEX_POINT('',#613);
#613 = CARTESIAN_POINT('',(844.55,25.4,0.));
#614 = SURFACE_CURVE('',#615,(#620,#627),.PCURVE_S1.);
#615 = CIRCLE('',#616,6.35);
#616 = AXIS2_PLACEMENT_3D('',#617,#618,#619);
#617 = CARTESIAN_POINT('',(838.2,25.4,0.));
#618 = DIRECTION('',(0.,0.,1.));
#619 = DIRECTION('',(1.,0.,-0.));
#620 = PCURVE('',#238,#621);
#621 = DEFINITIONAL_REPRESENTATION('',(#622),#626);
#622 = CIRCLE('',#623,6.35);
#623 = AXIS2_PLACEMENT_2D('',#624,#625);
#624 = CARTESIAN_POINT('',(838.2,25.4));
#625 = DIRECTION('',(1.,0.));
#626 = ( GEOMETRIC_REPRESENTATION_CONTEXT(2) 
PARAMETRIC_REPRESENTATION_CONTEXT() REPRESENTATION_CONTEXT('2D SPACE',''
  ) );
#627 = PCURVE('',#628,#633);
#628 = CYLINDRICAL_SURFACE('',#629,6.35);
#629 = AXIS2_PLACEMENT_3D('',#630,#631,#632);
#630 = CARTESIAN_POINT('',(838.2,25.4,-0.254));
#631 = DIRECTION('',(0.,0.,1.));
#632 = DIRECTION('',(1.,0.,-0.));
#633 = DEFINITIONAL_REPRESENTATION('',(#634),#638);
#634 = LINE('',#635,#636);
#635 = CARTESIAN_POINT('',(0.,0.254));
#636 = VECTOR('',#637,1.);
#637 = DIRECTION('',(1.,0.));
#638 = ( GEOMETRIC_REPRESENTATION_CONTEXT(2) 
PARAMETRIC_REPRESENTATION_CONTEXT() REPRESENTATION_CONTEXT('2D SPACE',''
  ) );
#639 = ADVANCED_FACE('',(#640),#266,.T.);
#640 = FACE_BOUND('',#641,.T.);
#641 = EDGE_LOOP('',(#642,#643,#644,#667));
#642 = ORIENTED_EDGE('',*,*,#525,.F.);
#643 = ORIENTED_EDGE('',*,*,#250,.T.);
#644 = ORIENTED_EDGE('',*,*,#645,.T.);
#645 = EDGE_CURVE('',#251,#646,#648,.T.);
#646 = VERTEX_POINT('',#647);
#647 = CARTESIAN_POINT('',(914.4,50.8,6.35));
#648 = SURFACE_CURVE('',#649,(#653,#660),.PCURVE_S1.);
#649 = LINE('',#650,#651);
#650 = CARTESIAN_POINT('',(0.,50.8,6.35));
#651 = VECTOR('',#652,25.4);
#652 = DIRECTION('',(1.,0.,-0.));
#653 = PCURVE('',#266,#654);
#654 = DEFINITIONAL_REPRESENTATION('',(#655),#659);
#655 = LINE('',#656,#657);
#656 = CARTESIAN_POINT('',(6.35,0.));
#657 = VECTOR('',#658,1.);
#658 = DIRECTION('',(0.,1.));
#659 = ( GEOMETRIC_REPRESENTATION_CONTEXT(2) 
PARAMETRIC_REPRESENTATION_CONTEXT() REPRESENTATION_CONTEXT('2D SPACE',''
  ) );
#660 = PCURVE('',#294,#661);
#661 = DEFINITIONAL_REPRESENTATION('',(#662),#666);
#662 = LINE('',#663,#664);
#663 = CARTESIAN_POINT('',(0.,50.8));
#664 = VECTOR('',#665,1.);
#665 = DIRECTION('',(1.,0.));
#666 = ( GEOMETRIC_REPRESENTATION_CONTEXT(2) 
PARAMETRIC_REPRESENTATION_CONTEXT() REPRESENTATION_CONTEXT('2D SPACE',''
  ) );
#667 = ORIENTED_EDGE('',*,*,#668,.F.);
#668 = EDGE_CURVE('',#503,#646,#669,.T.);
#669 = SURFACE_CURVE('',#670,(#674,#681),.PCURVE_S1.);
#670 = LINE('',#671,#672);
#671 = CARTESIAN_POINT('',(914.4,50.8,0.));
#672 = VECTOR('',#673,25.4);
#673 = DIRECTION('',(0.,0.,1.));
#674 = PCURVE('',#266,#675);
#675 = DEFINITIONAL_REPRESENTATION('',(#676),#680);
#676 = LINE('',#677,#678);
#677 = CARTESIAN_POINT('',(0.,914.4));
#678 = VECTOR('',#679,1.);
#679 = DIRECTION('',(1.,0.));
#680 = ( GEOMETRIC_REPRESENTATION_CONTEXT(2) 
PARAMETRIC_REPRESENTATION_CONTEXT() REPRESENTATION_CONTEXT('2D SPACE',''
  ) );
#681 = PCURVE('',#424,#682);
#682 = DEFINITIONAL_REPRESENTATION('',(#683),#687);
#683 = LINE('',#684,#685);
#684 = CARTESIAN_POINT('',(0.,-50.8));
#685 = VECTOR('',#686,1.);
#686 = DIRECTION('',(1.,0.));
#687 = ( GEOMETRIC_REPRESENTATION_CONTEXT(2) 
PARAMETRIC_REPRESENTATION_CONTEXT() REPRESENTATION_CONTEXT('2D SPACE',''
  ) );
#688 = ADVANCED_FACE('',(#689,#735,#761,#787),#294,.T.);
#689 = FACE_BOUND('',#690,.T.);
#690 = EDGE_LOOP('',(#691,#692,#713,#734));
#691 = ORIENTED_EDGE('',*,*,#278,.F.);
#692 = ORIENTED_EDGE('',*,*,#693,.T.);
#693 = EDGE_CURVE('',#279,#694,#696,.T.);
#694 = VERTEX_POINT('',#695);
#695 = CARTESIAN_POINT('',(914.4,6.35,6.35));
#696 = SURFACE_CURVE('',#697,(#701,#707),.PCURVE_S1.);
#697 = LINE('',#698,#699);
#698 = CARTESIAN_POINT('',(0.,6.35,6.35));
#699 = VECTOR('',#700,25.4);
#700 = DIRECTION('',(1.,0.,-0.));
#701 = PCURVE('',#294,#702);
#702 = DEFINITIONAL_REPRESENTATION('',(#703),#706);
#703 = B_SPLINE_CURVE_WITH_KNOTS('',1,(#704,#705),.UNSPECIFIED.,.F.,.F.,
  (2,2),(0.,36.),.PIECEWISE_BEZIER_KNOTS.);
#704 = CARTESIAN_POINT('',(0.,6.35));
#705 = CARTESIAN_POINT('',(914.4,6.35));
#706 = ( GEOMETRIC_REPRESENTATION_CONTEXT(2) 
PARAMETRIC_REPRESENTATION_CONTEXT() REPRESENTATION_CONTEXT('2D SPACE',''
  ) );
#707 = PCURVE('',#322,#708);
#708 = DEFINITIONAL_REPRESENTATION('',(#709),#712);
#709 = B_SPLINE_CURVE_WITH_KNOTS('',1,(#710,#711),.UNSPECIFIED.,.F.,.F.,
  (2,2),(0.,36.),.PIECEWISE_BEZIER_KNOTS.);
#710 = CARTESIAN_POINT('',(6.35,0.));
#711 = CARTESIAN_POINT('',(6.35,914.4));
#712 = ( GEOMETRIC_REPRESENTATION_CONTEXT(2) 
PARAMETRIC_REPRESENTATION_CONTEXT() REPRESENTATION_CONTEXT('2D SPACE',''
  ) );
#713 = ORIENTED_EDGE('',*,*,#714,.T.);
#714 = EDGE_CURVE('',#694,#646,#715,.T.);
#715 = SURFACE_CURVE('',#716,(#720,#727),.PCURVE_S1.);
#716 = LINE('',#717,#718);
#717 = CARTESIAN_POINT('',(914.4,0.,6.35));
#718 = VECTOR('',#719,25.4);
#719 = DIRECTION('',(-0.,1.,0.));
#720 = PCURVE('',#294,#721);
#721 = DEFINITIONAL_REPRESENTATION('',(#722),#726);
#722 = LINE('',#723,#724);
#723 = CARTESIAN_POINT('',(914.4,0.));
#724 = VECTOR('',#725,1.);
#725 = DIRECTION('',(0.,1.));
#726 = ( GEOMETRIC_REPRESENTATION_CONTEXT(2) 
PARAMETRIC_REPRESENTATION_CONTEXT() REPRESENTATION_CONTEXT('2D SPACE',''
  ) );
#727 = PCURVE('',#424,#728);
#728 = DEFINITIONAL_REPRESENTATION('',(#729),#733);
#729 = LINE('',#730,#731);
#730 = CARTESIAN_POINT('',(6.35,0.));
#731 = VECTOR('',#732,1.);
#732 = DIRECTION('',(0.,-1.));
#733 = ( GEOMETRIC_REPRESENTATION_CONTEXT(2) 
PARAMETRIC_REPRESENTATION_CONTEXT() REPRESENTATION_CONTEXT('2D SPACE',''
  ) );
#734 = ORIENTED_EDGE('',*,*,#645,.F.);
#735 = FACE_BOUND('',#736,.T.);
#736 = EDGE_LOOP('',(#737));
#737 = ORIENTED_EDGE('',*,*,#738,.F.);
#738 = EDGE_CURVE('',#739,#739,#741,.T.);
#739 = VERTEX_POINT('',#740);
#740 = CARTESIAN_POINT('',(82.55,25.4,6.35));
#741 = SURFACE_CURVE('',#742,(#747,#754),.PCURVE_S1.);
#742 = CIRCLE('',#743,6.35);
#743 = AXIS2_PLACEMENT_3D('',#744,#745,#746);
#744 = CARTESIAN_POINT('',(76.2,25.4,6.35));
#745 = DIRECTION('',(0.,0.,1.));
#746 = DIRECTION('',(1.,0.,-0.));
#747 = PCURVE('',#294,#748);
#748 = DEFINITIONAL_REPRESENTATION('',(#749),#753);
#749 = CIRCLE('',#750,6.35);
#750 = AXIS2_PLACEMENT_2D('',#751,#752);
#751 = CARTESIAN_POINT('',(76.2,25.4));
#752 = DIRECTION('',(1.,0.));
#753 = ( GEOMETRIC_REPRESENTATION_CONTEXT(2) 
PARAMETRIC_REPRESENTATION_CONTEXT() REPRESENTATION_CONTEXT('2D SPACE',''
  ) );
#754 = PCURVE('',#566,#755);
#755 = DEFINITIONAL_REPRESENTATION('',(#756),#760);
#756 = LINE('',#757,#758);
#757 = CARTESIAN_POINT('',(0.,6.604));
#758 = VECTOR('',#759,1.);
#759 = DIRECTION('',(1.,0.));
#760 = ( GEOMETRIC_REPRESENTATION_CONTEXT(2) 
PARAMETRIC_REPRESENTATION_CONTEXT() REPRESENTATION_CONTEXT('2D SPACE',''
  ) );
#761 = FACE_BOUND('',#762,.T.);
#762 = EDGE_LOOP('',(#763));
#763 = ORIENTED_EDGE('',*,*,#764,.F.);
#764 = EDGE_CURVE('',#765,#765,#767,.T.);
#765 = VERTEX_POINT('',#766);
#766 = CARTESIAN_POINT('',(463.55,25.4,6.35));
#767 = SURFACE_CURVE('',#768,(#773,#780),.PCURVE_S1.);
#768 = CIRCLE('',#769,6.35);
#769 = AXIS2_PLACEMENT_3D('',#770,#771,#772);
#770 = CARTESIAN_POINT('',(457.2,25.4,6.35));
#771 = DIRECTION('',(0.,0.,1.));
#772 = DIRECTION('',(1.,0.,-0.));
#773 = PCURVE('',#294,#774);
#774 = DEFINITIONAL_REPRESENTATION('',(#775),#779);
#775 = CIRCLE('',#776,6.35);
#776 = AXIS2_PLACEMENT_2D('',#777,#778);
#777 = CARTESIAN_POINT('',(457.2,25.4));
#778 = DIRECTION('',(1.,0.));
#779 = ( GEOMETRIC_REPRESENTATION_CONTEXT(2) 
PARAMETRIC_REPRESENTATION_CONTEXT() REPRESENTATION_CONTEXT('2D SPACE',''
  ) );
#780 = PCURVE('',#597,#781);
#781 = DEFINITIONAL_REPRESENTATION('',(#782),#786);
#782 = LINE('',#783,#784);
#783 = CARTESIAN_POINT('',(0.,6.604));
#784 = VECTOR('',#785,1.);
#785 = DIRECTION('',(1.,0.));
#786 = ( GEOMETRIC_REPRESENTATION_CONTEXT(2) 
PARAMETRIC_REPRESENTATION_CONTEXT() REPRESENTATION_CONTEXT('2D SPACE',''
  ) );
#787 = FACE_BOUND('',#788,.T.);
#788 = EDGE_LOOP('',(#789));
#789 = ORIENTED_EDGE('',*,*,#790,.F.);
#790 = EDGE_CURVE('',#791,#791,#793,.T.);
#791 = VERTEX_POINT('',#792);
#792 = CARTESIAN_POINT('',(844.55,25.4,6.35));
#793 = SURFACE_CURVE('',#794,(#799,#806),.PCURVE_S1.);
#794 = CIRCLE('',#795,6.35);
#795 = AXIS2_PLACEMENT_3D('',#796,#797,#798);
#796 = CARTESIAN_POINT('',(838.2,25.4,6.35));
#797 = DIRECTION('',(0.,0.,1.));
#798 = DIRECTION('',(1.,0.,-0.));
#799 = PCURVE('',#294,#800);
#800 = DEFINITIONAL_REPRESENTATION('',(#801),#805);
#801 = CIRCLE('',#802,6.35);
#802 = AXIS2_PLACEMENT_2D('',#803,#804);
#803 = CARTESIAN_POINT('',(838.2,25.4));
#804 = DIRECTION('',(1.,0.));
#805 = ( GEOMETRIC_REPRESENTATION_CONTEXT(2) 
PARAMETRIC_REPRESENTATION_CONTEXT() REPRESENTATION_CONTEXT('2D SPACE',''
  ) );
#806 = PCURVE('',#628,#807);
#807 = DEFINITIONAL_REPRESENTATION('',(#808),#812);
#808 = LINE('',#809,#810);
#809 = CARTESIAN_POINT('',(0.,6.604));
#810 = VECTOR('',#811,1.);
#811 = DIRECTION('',(1.,0.));
#812 = ( GEOMETRIC_REPRESENTATION_CONTEXT(2) 
PARAMETRIC_REPRESENTATION_CONTEXT() REPRESENTATION_CONTEXT('2D SPACE',''
  ) );
#813 = ADVANCED_FACE('',(#814,#862,#888),#322,.T.);
#814 = FACE_BOUND('',#815,.T.);
#815 = EDGE_LOOP('',(#816,#839,#840,#841));
#816 = ORIENTED_EDGE('',*,*,#817,.F.);
#817 = EDGE_CURVE('',#694,#818,#820,.T.);
#818 = VERTEX_POINT('',#819);
#819 = CARTESIAN_POINT('',(914.4,6.35,50.8));
#820 = SURFACE_CURVE('',#821,(#825,#832),.PCURVE_S1.);
#821 = LINE('',#822,#823);
#822 = CARTESIAN_POINT('',(914.4,6.35,0.));
#823 = VECTOR('',#824,25.4);
#824 = DIRECTION('',(0.,0.,1.));
#825 = PCURVE('',#322,#826);
#826 = DEFINITIONAL_REPRESENTATION('',(#827),#831);
#827 = LINE('',#828,#829);
#828 = CARTESIAN_POINT('',(0.,914.4));
#829 = VECTOR('',#830,1.);
#830 = DIRECTION('',(1.,0.));
#831 = ( GEOMETRIC_REPRESENTATION_CONTEXT(2) 
PARAMETRIC_REPRESENTATION_CONTEXT() REPRESENTATION_CONTEXT('2D SPACE',''
  ) );
#832 = PCURVE('',#424,#833);
#833 = DEFINITIONAL_REPRESENTATION('',(#834),#838);
#834 = LINE('',#835,#836);
#835 = CARTESIAN_POINT('',(0.,-6.35));
#836 = VECTOR('',#837,1.);
#837 = DIRECTION('',(1.,0.));
#838 = ( GEOMETRIC_REPRESENTATION_CONTEXT(2) 
PARAMETRIC_REPRESENTATION_CONTEXT() REPRESENTATION_CONTEXT('2D SPACE',''
  ) );
#839 = ORIENTED_EDGE('',*,*,#693,.F.);
#840 = ORIENTED_EDGE('',*,*,#306,.T.);
#841 = ORIENTED_EDGE('',*,*,#842,.T.);
#842 = EDGE_CURVE('',#307,#818,#843,.T.);
#843 = SURFACE_CURVE('',#844,(#848,#855),.PCURVE_S1.);
#844 = LINE('',#845,#846);
#845 = CARTESIAN_POINT('',(0.,6.35,50.8));
#846 = VECTOR('',#847,25.4);
#847 = DIRECTION('',(1.,0.,-0.));
#848 = PCURVE('',#322,#849);
#849 = DEFINITIONAL_REPRESENTATION('',(#850),#854);
#850 = LINE('',#851,#852);
#851 = CARTESIAN_POINT('',(50.8,0.));
#852 = VECTOR('',#853,1.);
#853 = DIRECTION('',(0.,1.));
#854 = ( GEOMETRIC_REPRESENTATION_CONTEXT(2) 
PARAMETRIC_REPRESENTATION_CONTEXT() REPRESENTATION_CONTEXT('2D SPACE',''
  ) );
#855 = PCURVE('',#348,#856);
#856 = DEFINITIONAL_REPRESENTATION('',(#857),#861);
#857 = LINE('',#858,#859);
#858 = CARTESIAN_POINT('',(0.,6.35));
#859 = VECTOR('',#860,1.);
#860 = DIRECTION('',(1.,0.));
#861 = ( GEOMETRIC_REPRESENTATION_CONTEXT(2) 
PARAMETRIC_REPRESENTATION_CONTEXT() REPRESENTATION_CONTEXT('2D SPACE',''
  ) );
#862 = FACE_BOUND('',#863,.T.);
#863 = EDGE_LOOP('',(#864));
#864 = ORIENTED_EDGE('',*,*,#865,.F.);
#865 = EDGE_CURVE('',#866,#866,#868,.T.);
#866 = VERTEX_POINT('',#867);
#867 = CARTESIAN_POINT('',(82.55,6.35,31.75));
#868 = SURFACE_CURVE('',#869,(#874,#881),.PCURVE_S1.);
#869 = CIRCLE('',#870,6.35);
#870 = AXIS2_PLACEMENT_3D('',#871,#872,#873);
#871 = CARTESIAN_POINT('',(76.2,6.35,31.75));
#872 = DIRECTION('',(0.,1.,2.22044604925E-16));
#873 = DIRECTION('',(1.,0.,-0.));
#874 = PCURVE('',#322,#875);
#875 = DEFINITIONAL_REPRESENTATION('',(#876),#880);
#876 = CIRCLE('',#877,6.35);
#877 = AXIS2_PLACEMENT_2D('',#878,#879);
#878 = CARTESIAN_POINT('',(31.75,76.2));
#879 = DIRECTION('',(0.,1.));
#880 = ( GEOMETRIC_REPRESENTATION_CONTEXT(2) 
PARAMETRIC_REPRESENTATION_CONTEXT() REPRESENTATION_CONTEXT('2D SPACE',''
  ) );
#881 = PCURVE('',#455,#882);
#882 = DEFINITIONAL_REPRESENTATION('',(#883),#887);
#883 = LINE('',#884,#885);
#884 = CARTESIAN_POINT('',(0.,6.604));
#885 = VECTOR('',#886,1.);
#886 = DIRECTION('',(1.,0.));
#887 = ( GEOMETRIC_REPRESENTATION_CONTEXT(2) 
PARAMETRIC_REPRESENTATION_CONTEXT() REPRESENTATION_CONTEXT('2D SPACE',''
  ) );
#888 = FACE_BOUND('',#889,.T.);
#889 = EDGE_LOOP('',(#890));
#890 = ORIENTED_EDGE('',*,*,#891,.F.);
#891 = EDGE_CURVE('',#892,#892,#894,.T.);
#892 = VERTEX_POINT('',#893);
#893 = CARTESIAN_POINT('',(285.75,6.35,31.75));
#894 = SURFACE_CURVE('',#895,(#900,#907),.PCURVE_S1.);
#895 = CIRCLE('',#896,6.35);
#896 = AXIS2_PLACEMENT_3D('',#897,#898,#899);
#897 = CARTESIAN_POINT('',(279.4,6.35,31.75));
#898 = DIRECTION('',(0.,1.,2.22044604925E-16));
#899 = DIRECTION('',(1.,0.,-0.));
#900 = PCURVE('',#322,#901);
#901 = DEFINITIONAL_REPRESENTATION('',(#902),#906);
#902 = CIRCLE('',#903,6.35);
#903 = AXIS2_PLACEMENT_2D('',#904,#905);
#904 = CARTESIAN_POINT('',(31.75,279.4));
#905 = DIRECTION('',(0.,1.));
#906 = ( GEOMETRIC_REPRESENTATION_CONTEXT(2) 
PARAMETRIC_REPRESENTATION_CONTEXT() REPRESENTATION_CONTEXT('2D SPACE',''
  ) );
#907 = PCURVE('',#486,#908);
#908 = DEFINITIONAL_REPRESENTATION('',(#909),#913);
#909 = LINE('',#910,#911);
#910 = CARTESIAN_POINT('',(0.,6.604));
#911 = VECTOR('',#912,1.);
#912 = DIRECTION('',(1.,0.));
#913 = ( GEOMETRIC_REPRESENTATION_CONTEXT(2) 
PARAMETRIC_REPRESENTATION_CONTEXT() REPRESENTATION_CONTEXT('2D SPACE',''
  ) );
#914 = ADVANCED_FACE('',(#915),#348,.T.);
#915 = FACE_BOUND('',#916,.T.);
#916 = EDGE_LOOP('',(#917,#918,#919,#940));
#917 = ORIENTED_EDGE('',*,*,#334,.F.);
#918 = ORIENTED_EDGE('',*,*,#387,.T.);
#919 = ORIENTED_EDGE('',*,*,#920,.T.);
#920 = EDGE_CURVE('',#388,#818,#921,.T.);
#921 = SURFACE_CURVE('',#922,(#926,#933),.PCURVE_S1.);
#922 = LINE('',#923,#924);
#923 = CARTESIAN_POINT('',(914.4,0.,50.8));
#924 = VECTOR('',#925,25.4);
#925 = DIRECTION('',(-0.,1.,0.));
#926 = PCURVE('',#348,#927);
#927 = DEFINITIONAL_REPRESENTATION('',(#928),#932);
#928 = LINE('',#929,#930);
#929 = CARTESIAN_POINT('',(914.4,0.));
#930 = VECTOR('',#931,1.);
#931 = DIRECTION('',(0.,1.));
#932 = ( GEOMETRIC_REPRESENTATION_CONTEXT(2) 
PARAMETRIC_REPRESENTATION_CONTEXT() REPRESENTATION_CONTEXT('2D SPACE',''
  ) );
#933 = PCURVE('',#424,#934);
#934 = DEFINITIONAL_REPRESENTATION('',(#935),#939);
#935 = LINE('',#936,#937);
#936 = CARTESIAN_POINT('',(50.8,0.));
#937 = VECTOR('',#938,1.);
#938 = DIRECTION('',(0.,-1.));
#939 = ( GEOMETRIC_REPRESENTATION_CONTEXT(2) 
PARAMETRIC_REPRESENTATION_CONTEXT() REPRESENTATION_CONTEXT('2D SPACE',''
  ) );
#940 = ORIENTED_EDGE('',*,*,#842,.F.);
#941 = ADVANCED_FACE('',(#942),#424,.T.);
#942 = FACE_BOUND('',#943,.T.);
#943 = EDGE_LOOP('',(#944,#945,#946,#947,#948,#949));
#944 = ORIENTED_EDGE('',*,*,#410,.F.);
#945 = ORIENTED_EDGE('',*,*,#502,.F.);
#946 = ORIENTED_EDGE('',*,*,#668,.T.);
#947 = ORIENTED_EDGE('',*,*,#714,.F.);
#948 = ORIENTED_EDGE('',*,*,#817,.T.);
#949 = ORIENTED_EDGE('',*,*,#920,.F.);
#950 = ADVANCED_FACE('',(#951),#455,.F.);
#951 = FACE_BOUND('',#952,.F.);
#952 = EDGE_LOOP('',(#953,#954,#975,#976));
#953 = ORIENTED_EDGE('',*,*,#865,.F.);
#954 = ORIENTED_EDGE('',*,*,#955,.F.);
#955 = EDGE_CURVE('',#439,#866,#956,.T.);
#956 = SEAM_CURVE('',#957,(#961,#968),.PCURVE_S1.);
#957 = LINE('',#958,#959);
#958 = CARTESIAN_POINT('',(82.55,-0.254,31.75));
#959 = VECTOR('',#960,25.4);
#960 = DIRECTION('',(0.,1.,2.22044604925E-16));
#961 = PCURVE('',#455,#962);
#962 = DEFINITIONAL_REPRESENTATION('',(#963),#967);
#963 = LINE('',#964,#965);
#964 = CARTESIAN_POINT('',(6.28318530718,-0.));
#965 = VECTOR('',#966,1.);
#966 = DIRECTION('',(0.,1.));
#967 = ( GEOMETRIC_REPRESENTATION_CONTEXT(2) 
PARAMETRIC_REPRESENTATION_CONTEXT() REPRESENTATION_CONTEXT('2D SPACE',''
  ) );
#968 = PCURVE('',#455,#969);
#969 = DEFINITIONAL_REPRESENTATION('',(#970),#974);
#970 = LINE('',#971,#972);
#971 = CARTESIAN_POINT('',(0.,-0.));
#972 = VECTOR('',#973,1.);
#973 = DIRECTION('',(0.,1.));
#974 = ( GEOMETRIC_REPRESENTATION_CONTEXT(2) 
PARAMETRIC_REPRESENTATION_CONTEXT() REPRESENTATION_CONTEXT('2D SPACE',''
  ) );
#975 = ORIENTED_EDGE('',*,*,#438,.T.);
#976 = ORIENTED_EDGE('',*,*,#955,.T.);
#977 = ADVANCED_FACE('',(#978),#486,.F.);
#978 = FACE_BOUND('',#979,.F.);
#979 = EDGE_LOOP('',(#980,#981,#1002,#1003));
#980 = ORIENTED_EDGE('',*,*,#891,.F.);
#981 = ORIENTED_EDGE('',*,*,#982,.F.);
#982 = EDGE_CURVE('',#470,#892,#983,.T.);
#983 = SEAM_CURVE('',#984,(#988,#995),.PCURVE_S1.);
#984 = LINE('',#985,#986);
#985 = CARTESIAN_POINT('',(285.75,-0.254,31.75));
#986 = VECTOR('',#987,25.4);
#987 = DIRECTION('',(0.,1.,2.22044604925E-16));
#988 = PCURVE('',#486,#989);
#989 = DEFINITIONAL_REPRESENTATION('',(#990),#994);
#990 = LINE('',#991,#992);
#991 = CARTESIAN_POINT('',(6.28318530718,-0.));
#992 = VECTOR('',#993,1.);
#993 = DIRECTION('',(0.,1.));
#994 = ( GEOMETRIC_REPRESENTATION_CONTEXT(2) 
PARAMETRIC_REPRESENTATION_CONTEXT() REPRESENTATION_CONTEXT('2D SPACE',''
  ) );
#995 = PCURVE('',#486,#996);
#996 = DEFINITIONAL_REPRESENTATION('',(#997),#1001);
#997 = LINE('',#998,#999);
#998 = CARTESIAN_POINT('',(0.,-0.));
#999 = VECTOR('',#1000,1.);
#1000 = DIRECTION('',(0.,1.));
#1001 = ( GEOMETRIC_REPRESENTATION_CONTEXT(2) 
PARAMETRIC_REPRESENTATION_CONTEXT() REPRESENTATION_CONTEXT('2D SPACE',''
  ) );
#1002 = ORIENTED_EDGE('',*,*,#469,.T.);
#1003 = ORIENTED_EDGE('',*,*,#982,.T.);
#1004 = ADVANCED_FACE('',(#1005),#566,.F.);
#1005 = FACE_BOUND('',#1006,.F.);
#1006 = EDGE_LOOP('',(#1007,#1008,#1029,#1030));
#1007 = ORIENTED_EDGE('',*,*,#738,.F.);
#1008 = ORIENTED_EDGE('',*,*,#1009,.F.);
#1009 = EDGE_CURVE('',#550,#739,#1010,.T.);
#1010 = SEAM_CURVE('',#1011,(#1015,#1022),.PCURVE_S1.);
#1011 = LINE('',#1012,#1013);
#1012 = CARTESIAN_POINT('',(82.55,25.4,-0.254));
#1013 = VECTOR('',#1014,25.4);
#1014 = DIRECTION('',(0.,0.,1.));
#1015 = PCURVE('',#566,#1016);
#1016 = DEFINITIONAL_REPRESENTATION('',(#1017),#1021);
#1017 = LINE('',#1018,#1019);
#1018 = CARTESIAN_POINT('',(6.28318530718,-0.));
#1019 = VECTOR('',#1020,1.);
#1020 = DIRECTION('',(0.,1.));
#1021 = ( GEOMETRIC_REPRESENTATION_CONTEXT(2) 
PARAMETRIC_REPRESENTATION_CONTEXT() REPRESENTATION_CONTEXT('2D SPACE',''
  ) );
#1022 = PCURVE('',#566,#1023);
#1023 = DEFINITIONAL_REPRESENTATION('',(#1024),#1028);
#1024 = LINE('',#1025,#1026);
#1025 = CARTESIAN_POINT('',(0.,-0.));
#1026 = VECTOR('',#1027,1.);
#1027 = DIRECTION('',(0.,1.));
#1028 = ( GEOMETRIC_REPRESENTATION_CONTEXT(2) 
PARAMETRIC_REPRESENTATION_CONTEXT() REPRESENTATION_CONTEXT('2D SPACE',''
  ) );
#1029 = ORIENTED_EDGE('',*,*,#549,.T.);
#1030 = ORIENTED_EDGE('',*,*,#1009,.T.);
#1031 = ADVANCED_FACE('',(#1032),#597,.F.);
#1032 = FACE_BOUND('',#1033,.F.);
#1033 = EDGE_LOOP('',(#1034,#1035,#1056,#1057));
#1034 = ORIENTED_EDGE('',*,*,#764,.F.);
#1035 = ORIENTED_EDGE('',*,*,#1036,.F.);
#1036 = EDGE_CURVE('',#581,#765,#1037,.T.);
#1037 = SEAM_CURVE('',#1038,(#1042,#1049),.PCURVE_S1.);
#1038 = LINE('',#1039,#1040);
#1039 = CARTESIAN_POINT('',(463.55,25.4,-0.254));
#1040 = VECTOR('',#1041,25.4);
#1041 = DIRECTION('',(0.,0.,1.));
#1042 = PCURVE('',#597,#1043);
#1043 = DEFINITIONAL_REPRESENTATION('',(#1044),#1048);
#1044 = LINE('',#1045,#1046);
#1045 = CARTESIAN_POINT('',(6.28318530718,-0.));
#1046 = VECTOR('',#1047,1.);
#1047 = DIRECTION('',(0.,1.));
#1048 = ( GEOMETRIC_REPRESENTATION_CONTEXT(2) 
PARAMETRIC_REPRESENTATION_CONTEXT() REPRESENTATION_CONTEXT('2D SPACE',''
  ) );
#1049 = PCURVE('',#597,#1050);
#1050 = DEFINITIONAL_REPRESENTATION('',(#1051),#1055);
#1051 = LINE('',#1052,#1053);
#1052 = CARTESIAN_POINT('',(0.,-0.));
#1053 = VECTOR('',#1054,1.);
#1054 = DIRECTION('',(0.,1.));
#1055 = ( GEOMETRIC_REPRESENTATION_CONTEXT(2) 
PARAMETRIC_REPRESENTATION_CONTEXT() REPRESENTATION_CONTEXT('2D SPACE',''
  ) );
#1056 = ORIENTED_EDGE('',*,*,#580,.T.);
#1057 = ORIENTED_EDGE('',*,*,#1036,.T.);
#1058 = ADVANCED_FACE('',(#1059),#628,.F.);
#1059 = FACE_BOUND('',#1060,.F.);
#1060 = EDGE_LOOP('',(#1061,#1062,#1083,#1084));
#1061 = ORIENTED_EDGE('',*,*,#790,.F.);
#1062 = ORIENTED_EDGE('',*,*,#1063,.F.);
#1063 = EDGE_CURVE('',#612,#791,#1064,.T.);
#1064 = SEAM_CURVE('',#1065,(#1069,#1076),.PCURVE_S1.);
#1065 = LINE('',#1066,#1067);
#1066 = CARTESIAN_POINT('',(844.55,25.4,-0.254));
#1067 = VECTOR('',#1068,25.4);
#1068 = DIRECTION('',(0.,0.,1.));
#1069 = PCURVE('',#628,#1070);
#1070 = DEFINITIONAL_REPRESENTATION('',(#1071),#1075);
#1071 = LINE('',#1072,#1073);
#1072 = CARTESIAN_POINT('',(6.28318530718,-0.));
#1073 = VECTOR('',#1074,1.);
#1074 = DIRECTION('',(0.,1.));
#1075 = ( GEOMETRIC_REPRESENTATION_CONTEXT(2) 
PARAMETRIC_REPRESENTATION_CONTEXT() REPRESENTATION_CONTEXT('2D SPACE',''
  ) );
#1076 = PCURVE('',#628,#1077);
#1077 = DEFINITIONAL_REPRESENTATION('',(#1078),#1082);
#1078 = LINE('',#1079,#1080);
#1079 = CARTESIAN_POINT('',(0.,-0.));
#1080 = VECTOR('',#1081,1.);
#1081 = DIRECTION('',(0.,1.));
#1082 = ( GEOMETRIC_REPRESENTATION_CONTEXT(2) 
PARAMETRIC_REPRESENTATION_CONTEXT() REPRESENTATION_CONTEXT('2D SPACE',''
  ) );
#1083 = ORIENTED_EDGE('',*,*,#611,.T.);
#1084 = ORIENTED_EDGE('',*,*,#1063,.T.);
#1085 = ( GEOMETRIC_REPRESENTATION_CONTEXT(3) 
GLOBAL_UNCERTAINTY_ASSIGNED_CONTEXT((#1089)) 
GLOBAL_UNIT_ASSIGNED_CONTEXT((#1086,#1087,#1088)) REPRESENTATION_CONTEXT
('Context #1','3D Context with UNIT and UNCERTAINTY') );
#1086 = ( LENGTH_UNIT() NAMED_UNIT(*) SI_UNIT(.MILLI.,.METRE.) );
#1087 = ( NAMED_UNIT(*) PLANE_ANGLE_UNIT() SI_UNIT($,.RADIAN.) );
#1088 = ( NAMED_UNIT(*) SI_UNIT($,.STERADIAN.) SOLID_ANGLE_UNIT() );
#1089 = UNCERTAINTY_MEASURE_WITH_UNIT(LENGTH_MEASURE(2.54E-06),#1086,
  'distance_accuracy_value','confusion accuracy');
#1090 = CONTEXT_DEPENDENT_SHAPE_REPRESENTATION(#1091,#1093);
#1091 = ( REPRESENTATION_RELATIONSHIP('','',#180,#10) 
REPRESENTATION_RELATIONSHIP_WITH_TRANSFORMATION(#1092) 
SHAPE_REPRESENTATION_RELATIONSHIP() );
#1092 = ITEM_DEFINED_TRANSFORMATION('','',#11,#15);
#1093 = PRODUCT_DEFINITION_SHAPE('Placement','Placement of an item',
  #1094);
#1094 = NEXT_ASSEMBLY_USAGE_OCCURRENCE('1','Base Bracket','',#5,#175,$);
#1095 = PRODUCT_RELATED_PRODUCT_CATEGORY('part',$,(#177));
#1096 = SHAPE_DEFINITION_REPRESENTATION(#1097,#1103);
#1097 = PRODUCT_DEFINITION_SHAPE('','',#1098);
#1098 = PRODUCT_DEFINITION('design','',#1099,#1102);
#1099 = PRODUCT_DEFINITION_FORMATION('','',#1100);
#1100 = PRODUCT('Base Bracket (mirror)','Base Bracket (mirror)','',(
    #1101));
#1101 = PRODUCT_CONTEXT('',#2,'mechanical');
#1102 = PRODUCT_DEFINITION_CONTEXT('part definition',#2,'design');
#1103 = ADVANCED_BREP_SHAPE_REPRESENTATION('',(#11,#1104),#2050);
#1104 = MANIFOLD_SOLID_BREP('',#1105);
#1105 = CLOSED_SHELL('',(#1106,#1282,#1428,#1582,#1631,#1770,#1879,#1906
    ,#1915,#1942,#1969,#1996,#2023));
#1106 = ADVANCED_FACE('',(#1107),#1121,.F.);
#1107 = FACE_BOUND('',#1108,.T.);
#1108 = EDGE_LOOP('',(#1109,#1144,#1172,#1200,#1228,#1256));
#1109 = ORIENTED_EDGE('',*,*,#1110,.F.);
#1110 = EDGE_CURVE('',#1111,#1113,#1115,.T.);
#1111 = VERTEX_POINT('',#1112);
#1112 = CARTESIAN_POINT('',(0.,-190.5,0.));
#1113 = VERTEX_POINT('',#1114);
#1114 = CARTESIAN_POINT('',(0.,-190.5,50.8));
#1115 = SURFACE_CURVE('',#1116,(#1120,#1132),.PCURVE_S1.);
#1116 = LINE('',#1117,#1118);
#1117 = CARTESIAN_POINT('',(0.,-190.5,0.));
#1118 = VECTOR('',#1119,25.4);
#1119 = DIRECTION('',(-0.,-0.,1.));
#1120 = PCURVE('',#1121,#1126);
#1121 = PLANE('',#1122);
#1122 = AXIS2_PLACEMENT_3D('',#1123,#1124,#1125);
#1123 = CARTESIAN_POINT('',(0.,-190.5,0.));
#1124 = DIRECTION('',(1.,-0.,-0.));
#1125 = DIRECTION('',(0.,0.,-1.));
#1126 = DEFINITIONAL_REPRESENTATION('',(#1127),#1131);
#1127 = LINE('',#1128,#1129);
#1128 = CARTESIAN_POINT('',(-0.,0.));
#1129 = VECTOR('',#1130,1.);
#1130 = DIRECTION('',(-1.,0.));
#1131 = ( GEOMETRIC_REPRESENTATION_CONTEXT(2) 
PARAMETRIC_REPRESENTATION_CONTEXT() REPRESENTATION_CONTEXT('2D SPACE',''
  ) );
#1132 = PCURVE('',#1133,#1138);
#1133 = PLANE('',#1134);
#1134 = AXIS2_PLACEMENT_3D('',#1135,#1136,#1137);
#1135 = CARTESIAN_POINT('',(0.,-190.5,0.));
#1136 = DIRECTION('',(-0.,-1.,0.));
#1137 = DIRECTION('',(0.,0.,-1.));
#1138 = DEFINITIONAL_REPRESENTATION('',(#1139),#1143);
#1139 = LINE('',#1140,#1141);
#1140 = CARTESIAN_POINT('',(-0.,0.));
#1141 = VECTOR('',#1142,1.);
#1142 = DIRECTION('',(-1.,0.));
#1143 = ( GEOMETRIC_REPRESENTATION_CONTEXT(2) 
PARAMETRIC_REPRESENTATION_CONTEXT() REPRESENTATION_CONTEXT('2D SPACE',''
  ) );
#1144 = ORIENTED_EDGE('',*,*,#1145,.F.);
#1145 = EDGE_CURVE('',#1146,#1111,#1148,.T.);
#1146 = VERTEX_POINT('',#1147);
#1147 = CARTESIAN_POINT('',(0.,-241.3,0.));
#1148 = SURFACE_CURVE('',#1149,(#1153,#1160),.PCURVE_S1.);
#1149 = LINE('',#1150,#1151);
#1150 = CARTESIAN_POINT('',(0.,-241.3,0.));
#1151 = VECTOR('',#1152,25.4);
#1152 = DIRECTION('',(-0.,1.,-0.));
#1153 = PCURVE('',#1121,#1154);
#1154 = DEFINITIONAL_REPRESENTATION('',(#1155),#1159);
#1155 = LINE('',#1156,#1157);
#1156 = CARTESIAN_POINT('',(-0.,-50.8));
#1157 = VECTOR('',#1158,1.);
#1158 = DIRECTION('',(-0.,1.));
#1159 = ( GEOMETRIC_REPRESENTATION_CONTEXT(2) 
PARAMETRIC_REPRESENTATION_CONTEXT() REPRESENTATION_CONTEXT('2D SPACE',''
  ) );
#1160 = PCURVE('',#1161,#1166);
#1161 = PLANE('',#1162);
#1162 = AXIS2_PLACEMENT_3D('',#1163,#1164,#1165);
#1163 = CARTESIAN_POINT('',(0.,-190.5,0.));
#1164 = DIRECTION('',(-0.,-0.,1.));
#1165 = DIRECTION('',(-1.,0.,0.));
#1166 = DEFINITIONAL_REPRESENTATION('',(#1167),#1171);
#1167 = LINE('',#1168,#1169);
#1168 = CARTESIAN_POINT('',(-0.,50.8));
#1169 = VECTOR('',#1170,1.);
#1170 = DIRECTION('',(-0.,-1.));
#1171 = ( GEOMETRIC_REPRESENTATION_CONTEXT(2) 
PARAMETRIC_REPRESENTATION_CONTEXT() REPRESENTATION_CONTEXT('2D SPACE',''
  ) );
#1172 = ORIENTED_EDGE('',*,*,#1173,.T.);
#1173 = EDGE_CURVE('',#1146,#1174,#1176,.T.);
#1174 = VERTEX_POINT('',#1175);
#1175 = CARTESIAN_POINT('',(0.,-241.3,6.35));
#1176 = SURFACE_CURVE('',#1177,(#1181,#1188),.PCURVE_S1.);
#1177 = LINE('',#1178,#1179);
#1178 = CARTESIAN_POINT('',(0.,-241.3,0.));
#1179 = VECTOR('',#1180,25.4);
#1180 = DIRECTION('',(-0.,-0.,1.));
#1181 = PCURVE('',#1121,#1182);
#1182 = DEFINITIONAL_REPRESENTATION('',(#1183),#1187);
#1183 = LINE('',#1184,#1185);
#1184 = CARTESIAN_POINT('',(-0.,-50.8));
#1185 = VECTOR('',#1186,1.);
#1186 = DIRECTION('',(-1.,0.));
#1187 = ( GEOMETRIC_REPRESENTATION_CONTEXT(2) 
PARAMETRIC_REPRESENTATION_CONTEXT() REPRESENTATION_CONTEXT('2D SPACE',''
  ) );
#1188 = PCURVE('',#1189,#1194);
#1189 = PLANE('',#1190);
#1190 = AXIS2_PLACEMENT_3D('',#1191,#1192,#1193);
#1191 = CARTESIAN_POINT('',(0.,-241.3,0.));
#1192 = DIRECTION('',(-0.,-1.,0.));
#1193 = DIRECTION('',(0.,0.,-1.));
#1194 = DEFINITIONAL_REPRESENTATION('',(#1195),#1199);
#1195 = LINE('',#1196,#1197);
#1196 = CARTESIAN_POINT('',(-0.,0.));
#1197 = VECTOR('',#1198,1.);
#1198 = DIRECTION('',(-1.,0.));
#1199 = ( GEOMETRIC_REPRESENTATION_CONTEXT(2) 
PARAMETRIC_REPRESENTATION_CONTEXT() REPRESENTATION_CONTEXT('2D SPACE',''
  ) );
#1200 = ORIENTED_EDGE('',*,*,#1201,.F.);
#1201 = EDGE_CURVE('',#1202,#1174,#1204,.T.);
#1202 = VERTEX_POINT('',#1203);
#1203 = CARTESIAN_POINT('',(0.,-196.85,6.35));
#1204 = SURFACE_CURVE('',#1205,(#1209,#1216),.PCURVE_S1.);
#1205 = LINE('',#1206,#1207);
#1206 = CARTESIAN_POINT('',(0.,-190.5,6.35));
#1207 = VECTOR('',#1208,25.4);
#1208 = DIRECTION('',(-0.,-1.,0.));
#1209 = PCURVE('',#1121,#1210);
#1210 = DEFINITIONAL_REPRESENTATION('',(#1211),#1215);
#1211 = LINE('',#1212,#1213);
#1212 = CARTESIAN_POINT('',(-6.35,0.));
#1213 = VECTOR('',#1214,1.);
#1214 = DIRECTION('',(-0.,-1.));
#1215 = ( GEOMETRIC_REPRESENTATION_CONTEXT(2) 
PARAMETRIC_REPRESENTATION_CONTEXT() REPRESENTATION_CONTEXT('2D SPACE',''
  ) );
#1216 = PCURVE('',#1217,#1222);
#1217 = PLANE('',#1218);
#1218 = AXIS2_PLACEMENT_3D('',#1219,#1220,#1221);
#1219 = CARTESIAN_POINT('',(0.,-190.5,6.35));
#1220 = DIRECTION('',(-0.,-0.,1.));
#1221 = DIRECTION('',(-1.,0.,0.));
#1222 = DEFINITIONAL_REPRESENTATION('',(#1223),#1227);
#1223 = LINE('',#1224,#1225);
#1224 = CARTESIAN_POINT('',(-0.,0.));
#1225 = VECTOR('',#1226,1.);
#1226 = DIRECTION('',(-0.,1.));
#1227 = ( GEOMETRIC_REPRESENTATION_CONTEXT(2) 
PARAMETRIC_REPRESENTATION_CONTEXT() REPRESENTATION_CONTEXT('2D SPACE',''
  ) );
#1228 = ORIENTED_EDGE('',*,*,#1229,.T.);
#1229 = EDGE_CURVE('',#1202,#1230,#1232,.T.);
#1230 = VERTEX_POINT('',#1231);
#1231 = CARTESIAN_POINT('',(0.,-196.85,50.8));
#1232 = SURFACE_CURVE('',#1233,(#1237,#1244),.PCURVE_S1.);
#1233 = LINE('',#1234,#1235);
#1234 = CARTESIAN_POINT('',(0.,-196.85,0.));
#1235 = VECTOR('',#1236,25.4);
#1236 = DIRECTION('',(-0.,-0.,1.));
#1237 = PCURVE('',#1121,#1238);
#1238 = DEFINITIONAL_REPRESENTATION('',(#1239),#1243);
#1239 = LINE('',#1240,#1241);
#1240 = CARTESIAN_POINT('',(-0.,-6.35));
#1241 = VECTOR('',#1242,1.);
#1242 = DIRECTION('',(-1.,0.));
#1243 = ( GEOMETRIC_REPRESENTATION_CONTEXT(2) 
PARAMETRIC_REPRESENTATION_CONTEXT() REPRESENTATION_CONTEXT('2D SPACE',''
  ) );
#1244 = PCURVE('',#1245,#1250);
#1245 = PLANE('',#1246);
#1246 = AXIS2_PLACEMENT_3D('',#1247,#1248,#1249);
#1247 = CARTESIAN_POINT('',(0.,-196.85,0.));
#1248 = DIRECTION('',(-0.,-1.,0.));
#1249 = DIRECTION('',(0.,0.,-1.));
#1250 = DEFINITIONAL_REPRESENTATION('',(#1251),#1255);
#1251 = LINE('',#1252,#1253);
#1252 = CARTESIAN_POINT('',(-0.,0.));
#1253 = VECTOR('',#1254,1.);
#1254 = DIRECTION('',(-1.,0.));
#1255 = ( GEOMETRIC_REPRESENTATION_CONTEXT(2) 
PARAMETRIC_REPRESENTATION_CONTEXT() REPRESENTATION_CONTEXT('2D SPACE',''
  ) );
#1256 = ORIENTED_EDGE('',*,*,#1257,.F.);
#1257 = EDGE_CURVE('',#1113,#1230,#1258,.T.);
#1258 = SURFACE_CURVE('',#1259,(#1263,#1270),.PCURVE_S1.);
#1259 = LINE('',#1260,#1261);
#1260 = CARTESIAN_POINT('',(0.,-190.5,50.8));
#1261 = VECTOR('',#1262,25.4);
#1262 = DIRECTION('',(-0.,-1.,0.));
#1263 = PCURVE('',#1121,#1264);
#1264 = DEFINITIONAL_REPRESENTATION('',(#1265),#1269);
#1265 = LINE('',#1266,#1267);
#1266 = CARTESIAN_POINT('',(-50.8,0.));
#1267 = VECTOR('',#1268,1.);
#1268 = DIRECTION('',(-0.,-1.));
#1269 = ( GEOMETRIC_REPRESENTATION_CONTEXT(2) 
PARAMETRIC_REPRESENTATION_CONTEXT() REPRESENTATION_CONTEXT('2D SPACE',''
  ) );
#1270 = PCURVE('',#1271,#1276);
#1271 = PLANE('',#1272);
#1272 = AXIS2_PLACEMENT_3D('',#1273,#1274,#1275);
#1273 = CARTESIAN_POINT('',(0.,-190.5,50.8));
#1274 = DIRECTION('',(-0.,-0.,1.));
#1275 = DIRECTION('',(-1.,0.,0.));
#1276 = DEFINITIONAL_REPRESENTATION('',(#1277),#1281);
#1277 = LINE('',#1278,#1279);
#1278 = CARTESIAN_POINT('',(-0.,0.));
#1279 = VECTOR('',#1280,1.);
#1280 = DIRECTION('',(-0.,1.));
#1281 = ( GEOMETRIC_REPRESENTATION_CONTEXT(2) 
PARAMETRIC_REPRESENTATION_CONTEXT() REPRESENTATION_CONTEXT('2D SPACE',''
  ) );
#1282 = ADVANCED_FACE('',(#1283,#1358,#1393),#1133,.F.);
#1283 = FACE_BOUND('',#1284,.T.);
#1284 = EDGE_LOOP('',(#1285,#1308,#1309,#1332));
#1285 = ORIENTED_EDGE('',*,*,#1286,.F.);
#1286 = EDGE_CURVE('',#1111,#1287,#1289,.T.);
#1287 = VERTEX_POINT('',#1288);
#1288 = CARTESIAN_POINT('',(914.4,-190.5,0.));
#1289 = SURFACE_CURVE('',#1290,(#1294,#1301),.PCURVE_S1.);
#1290 = LINE('',#1291,#1292);
#1291 = CARTESIAN_POINT('',(0.,-190.5,0.));
#1292 = VECTOR('',#1293,25.4);
#1293 = DIRECTION('',(1.,-0.,-0.));
#1294 = PCURVE('',#1133,#1295);
#1295 = DEFINITIONAL_REPRESENTATION('',(#1296),#1300);
#1296 = LINE('',#1297,#1298);
#1297 = CARTESIAN_POINT('',(-0.,0.));
#1298 = VECTOR('',#1299,1.);
#1299 = DIRECTION('',(0.,1.));
#1300 = ( GEOMETRIC_REPRESENTATION_CONTEXT(2) 
PARAMETRIC_REPRESENTATION_CONTEXT() REPRESENTATION_CONTEXT('2D SPACE',''
  ) );
#1301 = PCURVE('',#1161,#1302);
#1302 = DEFINITIONAL_REPRESENTATION('',(#1303),#1307);
#1303 = LINE('',#1304,#1305);
#1304 = CARTESIAN_POINT('',(-0.,0.));
#1305 = VECTOR('',#1306,1.);
#1306 = DIRECTION('',(-1.,-0.));
#1307 = ( GEOMETRIC_REPRESENTATION_CONTEXT(2) 
PARAMETRIC_REPRESENTATION_CONTEXT() REPRESENTATION_CONTEXT('2D SPACE',''
  ) );
#1308 = ORIENTED_EDGE('',*,*,#1110,.T.);
#1309 = ORIENTED_EDGE('',*,*,#1310,.T.);
#1310 = EDGE_CURVE('',#1113,#1311,#1313,.T.);
#1311 = VERTEX_POINT('',#1312);
#1312 = CARTESIAN_POINT('',(914.4,-190.5,50.8));
#1313 = SURFACE_CURVE('',#1314,(#1318,#1325),.PCURVE_S1.);
#1314 = LINE('',#1315,#1316);
#1315 = CARTESIAN_POINT('',(0.,-190.5,50.8));
#1316 = VECTOR('',#1317,25.4);
#1317 = DIRECTION('',(1.,-0.,-0.));
#1318 = PCURVE('',#1133,#1319);
#1319 = DEFINITIONAL_REPRESENTATION('',(#1320),#1324);
#1320 = LINE('',#1321,#1322);
#1321 = CARTESIAN_POINT('',(-50.8,0.));
#1322 = VECTOR('',#1323,1.);
#1323 = DIRECTION('',(0.,1.));
#1324 = ( GEOMETRIC_REPRESENTATION_CONTEXT(2) 
PARAMETRIC_REPRESENTATION_CONTEXT() REPRESENTATION_CONTEXT('2D SPACE',''
  ) );
#1325 = PCURVE('',#1271,#1326);
#1326 = DEFINITIONAL_REPRESENTATION('',(#1327),#1331);
#1327 = LINE('',#1328,#1329);
#1328 = CARTESIAN_POINT('',(-0.,0.));
#1329 = VECTOR('',#1330,1.);
#1330 = DIRECTION('',(-1.,-0.));
#1331 = ( GEOMETRIC_REPRESENTATION_CONTEXT(2) 
PARAMETRIC_REPRESENTATION_CONTEXT() REPRESENTATION_CONTEXT('2D SPACE',''
  ) );
#1332 = ORIENTED_EDGE('',*,*,#1333,.F.);
#1333 = EDGE_CURVE('',#1287,#1311,#1334,.T.);
#1334 = SURFACE_CURVE('',#1335,(#1339,#1346),.PCURVE_S1.);
#1335 = LINE('',#1336,#1337);
#1336 = CARTESIAN_POINT('',(914.4,-190.5,0.));
#1337 = VECTOR('',#1338,25.4);
#1338 = DIRECTION('',(-0.,-0.,1.));
#1339 = PCURVE('',#1133,#1340);
#1340 = DEFINITIONAL_REPRESENTATION('',(#1341),#1345);
#1341 = LINE('',#1342,#1343);
#1342 = CARTESIAN_POINT('',(-0.,914.4));
#1343 = VECTOR('',#1344,1.);
#1344 = DIRECTION('',(-1.,0.));
#1345 = ( GEOMETRIC_REPRESENTATION_CONTEXT(2) 
PARAMETRIC_REPRESENTATION_CONTEXT() REPRESENTATION_CONTEXT('2D SPACE',''
  ) );
#1346 = PCURVE('',#1347,#1352);
#1347 = PLANE('',#1348);
#1348 = AXIS2_PLACEMENT_3D('',#1349,#1350,#1351);
#1349 = CARTESIAN_POINT('',(914.4,-190.5,0.));
#1350 = DIRECTION('',(1.,-0.,-0.));
#1351 = DIRECTION('',(0.,0.,-1.));
#1352 = DEFINITIONAL_REPRESENTATION('',(#1353),#1357);
#1353 = LINE('',#1354,#1355);
#1354 = CARTESIAN_POINT('',(-0.,0.));
#1355 = VECTOR('',#1356,1.);
#1356 = DIRECTION('',(-1.,0.));
#1357 = ( GEOMETRIC_REPRESENTATION_CONTEXT(2) 
PARAMETRIC_REPRESENTATION_CONTEXT() REPRESENTATION_CONTEXT('2D SPACE',''
  ) );
#1358 = FACE_BOUND('',#1359,.T.);
#1359 = EDGE_LOOP('',(#1360));
#1360 = ORIENTED_EDGE('',*,*,#1361,.F.);
#1361 = EDGE_CURVE('',#1362,#1362,#1364,.T.);
#1362 = VERTEX_POINT('',#1363);
#1363 = CARTESIAN_POINT('',(82.55,-190.5,31.75));
#1364 = SURFACE_CURVE('',#1365,(#1370,#1381),.PCURVE_S1.);
#1365 = CIRCLE('',#1366,6.35);
#1366 = AXIS2_PLACEMENT_3D('',#1367,#1368,#1369);
#1367 = CARTESIAN_POINT('',(76.2,-190.5,31.75));
#1368 = DIRECTION('',(0.,1.,-2.22044604925E-16));
#1369 = DIRECTION('',(1.,-0.,-0.));
#1370 = PCURVE('',#1133,#1371);
#1371 = DEFINITIONAL_REPRESENTATION('',(#1372),#1380);
#1372 = ( BOUNDED_CURVE() B_SPLINE_CURVE(2,(#1373,#1374,#1375,#1376,
#1377,#1378,#1379),.UNSPECIFIED.,.T.,.F.) B_SPLINE_CURVE_WITH_KNOTS((1,2
    ,2,2,2,1),(-2.094395102393,0.,2.094395102393,4.188790204786,
6.28318530718,8.377580409573),.UNSPECIFIED.) CURVE() 
GEOMETRIC_REPRESENTATION_ITEM() RATIONAL_B_SPLINE_CURVE((1.,0.5,1.,0.5,
1.,0.5,1.)) REPRESENTATION_ITEM('') );
#1373 = CARTESIAN_POINT('',(-31.75,82.55));
#1374 = CARTESIAN_POINT('',(-20.75147737193,82.55));
#1375 = CARTESIAN_POINT('',(-26.25073868596,73.025));
#1376 = CARTESIAN_POINT('',(-31.75,63.5));
#1377 = CARTESIAN_POINT('',(-37.24926131403,73.025));
#1378 = CARTESIAN_POINT('',(-42.74852262806,82.55));
#1379 = CARTESIAN_POINT('',(-31.75,82.55));
#1380 = ( GEOMETRIC_REPRESENTATION_CONTEXT(2) 
PARAMETRIC_REPRESENTATION_CONTEXT() REPRESENTATION_CONTEXT('2D SPACE',''
  ) );
#1381 = PCURVE('',#1382,#1387);
#1382 = CYLINDRICAL_SURFACE('',#1383,6.35);
#1383 = AXIS2_PLACEMENT_3D('',#1384,#1385,#1386);
#1384 = CARTESIAN_POINT('',(76.2,-190.246,31.75));
#1385 = DIRECTION('',(0.,-1.,2.22044604925E-16));
#1386 = DIRECTION('',(1.,0.,0.));
#1387 = DEFINITIONAL_REPRESENTATION('',(#1388),#1392);
#1388 = LINE('',#1389,#1390);
#1389 = CARTESIAN_POINT('',(-0.,0.254));
#1390 = VECTOR('',#1391,1.);
#1391 = DIRECTION('',(-1.,0.));
#1392 = ( GEOMETRIC_REPRESENTATION_CONTEXT(2) 
PARAMETRIC_REPRESENTATION_CONTEXT() REPRESENTATION_CONTEXT('2D SPACE',''
  ) );
#1393 = FACE_BOUND('',#1394,.T.);
#1394 = EDGE_LOOP('',(#1395));
#1395 = ORIENTED_EDGE('',*,*,#1396,.F.);
#1396 = EDGE_CURVE('',#1397,#1397,#1399,.T.);
#1397 = VERTEX_POINT('',#1398);
#1398 = CARTESIAN_POINT('',(285.75,-190.5,31.75));
#1399 = SURFACE_CURVE('',#1400,(#1405,#1416),.PCURVE_S1.);
#1400 = CIRCLE('',#1401,6.35);
#1401 = AXIS2_PLACEMENT_3D('',#1402,#1403,#1404);
#1402 = CARTESIAN_POINT('',(279.4,-190.5,31.75));
#1403 = DIRECTION('',(0.,1.,-2.22044604925E-16));
#1404 = DIRECTION('',(1.,-0.,-0.));
#1405 = PCURVE('',#1133,#1406);
#1406 = DEFINITIONAL_REPRESENTATION('',(#1407),#1415);
#1407 = ( BOUNDED_CURVE() B_SPLINE_CURVE(2,(#1408,#1409,#1410,#1411,
#1412,#1413,#1414),.UNSPECIFIED.,.T.,.F.) B_SPLINE_CURVE_WITH_KNOTS((1,2
    ,2,2,2,1),(-2.094395102393,0.,2.094395102393,4.188790204786,
6.28318530718,8.377580409573),.UNSPECIFIED.) CURVE() 
GEOMETRIC_REPRESENTATION_ITEM() RATIONAL_B_SPLINE_CURVE((1.,0.5,1.,0.5,
1.,0.5,1.)) REPRESENTATION_ITEM('') );
#1408 = CARTESIAN_POINT('',(-31.75,285.75));
#1409 = CARTESIAN_POINT('',(-20.75147737193,285.75));
#1410 = CARTESIAN_POINT('',(-26.25073868596,276.225));
#1411 = CARTESIAN_POINT('',(-31.75,266.7));
#1412 = CARTESIAN_POINT('',(-37.24926131403,276.225));
#1413 = CARTESIAN_POINT('',(-42.74852262806,285.75));
#1414 = CARTESIAN_POINT('',(-31.75,285.75));
#1415 = ( GEOMETRIC_REPRESENTATION_CONTEXT(2) 
PARAMETRIC_REPRESENTATION_CONTEXT() REPRESENTATION_CONTEXT('2D SPACE',''
  ) );
#1416 = PCURVE('',#1417,#1422);
#1417 = CYLINDRICAL_SURFACE('',#1418,6.35);
#1418 = AXIS2_PLACEMENT_3D('',#1419,#1420,#1421);
#1419 = CARTESIAN_POINT('',(279.4,-190.246,31.75));
#1420 = DIRECTION('',(0.,-1.,2.22044604925E-16));
#1421 = DIRECTION('',(1.,0.,0.));
#1422 = DEFINITIONAL_REPRESENTATION('',(#1423),#1427);
#1423 = LINE('',#1424,#1425);
#1424 = CARTESIAN_POINT('',(-0.,0.254));
#1425 = VECTOR('',#1426,1.);
#1426 = DIRECTION('',(-1.,0.));
#1427 = ( GEOMETRIC_REPRESENTATION_CONTEXT(2) 
PARAMETRIC_REPRESENTATION_CONTEXT() REPRESENTATION_CONTEXT('2D SPACE',''
  ) );
#1428 = ADVANCED_FACE('',(#1429,#1477,#1512,#1547),#1161,.F.);
#1429 = FACE_BOUND('',#1430,.T.);
#1430 = EDGE_LOOP('',(#1431,#1432,#1455,#1476));
#1431 = ORIENTED_EDGE('',*,*,#1286,.T.);
#1432 = ORIENTED_EDGE('',*,*,#1433,.F.);
#1433 = EDGE_CURVE('',#1434,#1287,#1436,.T.);
#1434 = VERTEX_POINT('',#1435);
#1435 = CARTESIAN_POINT('',(914.4,-241.3,0.));
#1436 = SURFACE_CURVE('',#1437,(#1441,#1448),.PCURVE_S1.);
#1437 = LINE('',#1438,#1439);
#1438 = CARTESIAN_POINT('',(914.4,-241.3,0.));
#1439 = VECTOR('',#1440,25.4);
#1440 = DIRECTION('',(-0.,1.,-0.));
#1441 = PCURVE('',#1161,#1442);
#1442 = DEFINITIONAL_REPRESENTATION('',(#1443),#1447);
#1443 = LINE('',#1444,#1445);
#1444 = CARTESIAN_POINT('',(-914.4,50.8));
#1445 = VECTOR('',#1446,1.);
#1446 = DIRECTION('',(-0.,-1.));
#1447 = ( GEOMETRIC_REPRESENTATION_CONTEXT(2) 
PARAMETRIC_REPRESENTATION_CONTEXT() REPRESENTATION_CONTEXT('2D SPACE',''
  ) );
#1448 = PCURVE('',#1347,#1449);
#1449 = DEFINITIONAL_REPRESENTATION('',(#1450),#1454);
#1450 = LINE('',#1451,#1452);
#1451 = CARTESIAN_POINT('',(-0.,-50.8));
#1452 = VECTOR('',#1453,1.);
#1453 = DIRECTION('',(-0.,1.));
#1454 = ( GEOMETRIC_REPRESENTATION_CONTEXT(2) 
PARAMETRIC_REPRESENTATION_CONTEXT() REPRESENTATION_CONTEXT('2D SPACE',''
  ) );
#1455 = ORIENTED_EDGE('',*,*,#1456,.F.);
#1456 = EDGE_CURVE('',#1146,#1434,#1457,.T.);
#1457 = SURFACE_CURVE('',#1458,(#1462,#1469),.PCURVE_S1.);
#1458 = LINE('',#1459,#1460);
#1459 = CARTESIAN_POINT('',(0.,-241.3,0.));
#1460 = VECTOR('',#1461,25.4);
#1461 = DIRECTION('',(1.,-0.,-0.));
#1462 = PCURVE('',#1161,#1463);
#1463 = DEFINITIONAL_REPRESENTATION('',(#1464),#1468);
#1464 = LINE('',#1465,#1466);
#1465 = CARTESIAN_POINT('',(-0.,50.8));
#1466 = VECTOR('',#1467,1.);
#1467 = DIRECTION('',(-1.,-0.));
#1468 = ( GEOMETRIC_REPRESENTATION_CONTEXT(2) 
PARAMETRIC_REPRESENTATION_CONTEXT() REPRESENTATION_CONTEXT('2D SPACE',''
  ) );
#1469 = PCURVE('',#1189,#1470);
#1470 = DEFINITIONAL_REPRESENTATION('',(#1471),#1475);
#1471 = LINE('',#1472,#1473);
#1472 = CARTESIAN_POINT('',(-0.,0.));
#1473 = VECTOR('',#1474,1.);
#1474 = DIRECTION('',(0.,1.));
#1475 = ( GEOMETRIC_REPRESENTATION_CONTEXT(2) 
PARAMETRIC_REPRESENTATION_CONTEXT() REPRESENTATION_CONTEXT('2D SPACE',''
  ) );
#1476 = ORIENTED_EDGE('',*,*,#1145,.T.);
#1477 = FACE_BOUND('',#1478,.T.);
#1478 = EDGE_LOOP('',(#1479));
#1479 = ORIENTED_EDGE('',*,*,#1480,.F.);
#1480 = EDGE_CURVE('',#1481,#1481,#1483,.T.);
#1481 = VERTEX_POINT('',#1482);
#1482 = CARTESIAN_POINT('',(82.55,-215.9,0.));
#1483 = SURFACE_CURVE('',#1484,(#1489,#1500),.PCURVE_S1.);
#1484 = CIRCLE('',#1485,6.35);
#1485 = AXIS2_PLACEMENT_3D('',#1486,#1487,#1488);
#1486 = CARTESIAN_POINT('',(76.2,-215.9,0.));
#1487 = DIRECTION('',(-0.,0.,-1.));
#1488 = DIRECTION('',(1.,-0.,-0.));
#1489 = PCURVE('',#1161,#1490);
#1490 = DEFINITIONAL_REPRESENTATION('',(#1491),#1499);
#1491 = ( BOUNDED_CURVE() B_SPLINE_CURVE(2,(#1492,#1493,#1494,#1495,
#1496,#1497,#1498),.UNSPECIFIED.,.T.,.F.) B_SPLINE_CURVE_WITH_KNOTS((1,2
    ,2,2,2,1),(-2.094395102393,0.,2.094395102393,4.188790204786,
6.28318530718,8.377580409573),.UNSPECIFIED.) CURVE() 
GEOMETRIC_REPRESENTATION_ITEM() RATIONAL_B_SPLINE_CURVE((1.,0.5,1.,0.5,
1.,0.5,1.)) REPRESENTATION_ITEM('') );
#1492 = CARTESIAN_POINT('',(-82.55,25.4));
#1493 = CARTESIAN_POINT('',(-82.55,36.398522628062));
#1494 = CARTESIAN_POINT('',(-73.025,30.899261314031));
#1495 = CARTESIAN_POINT('',(-63.5,25.4));
#1496 = CARTESIAN_POINT('',(-73.025,19.900738685969));
#1497 = CARTESIAN_POINT('',(-82.55,14.401477371938));
#1498 = CARTESIAN_POINT('',(-82.55,25.4));
#1499 = ( GEOMETRIC_REPRESENTATION_CONTEXT(2) 
PARAMETRIC_REPRESENTATION_CONTEXT() REPRESENTATION_CONTEXT('2D SPACE',''
  ) );
#1500 = PCURVE('',#1501,#1506);
#1501 = CYLINDRICAL_SURFACE('',#1502,6.35);
#1502 = AXIS2_PLACEMENT_3D('',#1503,#1504,#1505);
#1503 = CARTESIAN_POINT('',(76.2,-215.9,-0.254));
#1504 = DIRECTION('',(-0.,-0.,1.));
#1505 = DIRECTION('',(1.,-0.,-0.));
#1506 = DEFINITIONAL_REPRESENTATION('',(#1507),#1511);
#1507 = LINE('',#1508,#1509);
#1508 = CARTESIAN_POINT('',(-0.,0.254));
#1509 = VECTOR('',#1510,1.);
#1510 = DIRECTION('',(-1.,0.));
#1511 = ( GEOMETRIC_REPRESENTATION_CONTEXT(2) 
PARAMETRIC_REPRESENTATION_CONTEXT() REPRESENTATION_CONTEXT('2D SPACE',''
  ) );
#1512 = FACE_BOUND('',#1513,.T.);
#1513 = EDGE_LOOP('',(#1514));
#1514 = ORIENTED_EDGE('',*,*,#1515,.F.);
#1515 = EDGE_CURVE('',#1516,#1516,#1518,.T.);
#1516 = VERTEX_POINT('',#1517);
#1517 = CARTESIAN_POINT('',(463.55,-215.9,0.));
#1518 = SURFACE_CURVE('',#1519,(#1524,#1535),.PCURVE_S1.);
#1519 = CIRCLE('',#1520,6.35);
#1520 = AXIS2_PLACEMENT_3D('',#1521,#1522,#1523);
#1521 = CARTESIAN_POINT('',(457.2,-215.9,0.));
#1522 = DIRECTION('',(-0.,0.,-1.));
#1523 = DIRECTION('',(1.,-0.,-0.));
#1524 = PCURVE('',#1161,#1525);
#1525 = DEFINITIONAL_REPRESENTATION('',(#1526),#1534);
#1526 = ( BOUNDED_CURVE() B_SPLINE_CURVE(2,(#1527,#1528,#1529,#1530,
#1531,#1532,#1533),.UNSPECIFIED.,.T.,.F.) B_SPLINE_CURVE_WITH_KNOTS((1,2
    ,2,2,2,1),(-2.094395102393,0.,2.094395102393,4.188790204786,
6.28318530718,8.377580409573),.UNSPECIFIED.) CURVE() 
GEOMETRIC_REPRESENTATION_ITEM() RATIONAL_B_SPLINE_CURVE((1.,0.5,1.,0.5,
1.,0.5,1.)) REPRESENTATION_ITEM('') );
#1527 = CARTESIAN_POINT('',(-463.55,25.4));
#1528 = CARTESIAN_POINT('',(-463.55,36.398522628062));
#1529 = CARTESIAN_POINT('',(-454.025,30.899261314031));
#1530 = CARTESIAN_POINT('',(-444.5,25.4));
#1531 = CARTESIAN_POINT('',(-454.025,19.900738685969));
#1532 = CARTESIAN_POINT('',(-463.55,14.401477371938));
#1533 = CARTESIAN_POINT('',(-463.55,25.4));
#1534 = ( GEOMETRIC_REPRESENTATION_CONTEXT(2) 
PARAMETRIC_REPRESENTATION_CONTEXT() REPRESENTATION_CONTEXT('2D SPACE',''
  ) );
#1535 = PCURVE('',#1536,#1541);
#1536 = CYLINDRICAL_SURFACE('',#1537,6.35);
#1537 = AXIS2_PLACEMENT_3D('',#1538,#1539,#1540);
#1538 = CARTESIAN_POINT('',(457.2,-215.9,-0.254));
#1539 = DIRECTION('',(-0.,-0.,1.));
#1540 = DIRECTION('',(1.,-0.,-0.));
#1541 = DEFINITIONAL_REPRESENTATION('',(#1542),#1546);
#1542 = LINE('',#1543,#1544);
#1543 = CARTESIAN_POINT('',(-0.,0.254));
#1544 = VECTOR('',#1545,1.);
#1545 = DIRECTION('',(-1.,0.));
#1546 = ( GEOMETRIC_REPRESENTATION_CONTEXT(2) 
PARAMETRIC_REPRESENTATION_CONTEXT() REPRESENTATION_CONTEXT('2D SPACE',''
  ) );
#1547 = FACE_BOUND('',#1548,.T.);
#1548 = EDGE_LOOP('',(#1549));
#1549 = ORIENTED_EDGE('',*,*,#1550,.F.);
#1550 = EDGE_CURVE('',#1551,#1551,#1553,.T.);
#1551 = VERTEX_POINT('',#1552);
#1552 = CARTESIAN_POINT('',(844.55,-215.9,0.));
#1553 = SURFACE_CURVE('',#1554,(#1559,#1570),.PCURVE_S1.);
#1554 = CIRCLE('',#1555,6.35);
#1555 = AXIS2_PLACEMENT_3D('',#1556,#1557,#1558);
#1556 = CARTESIAN_POINT('',(838.2,-215.9,0.));
#1557 = DIRECTION('',(-0.,0.,-1.));
#1558 = DIRECTION('',(1.,-0.,-0.));
#1559 = PCURVE('',#1161,#1560);
#1560 = DEFINITIONAL_REPRESENTATION('',(#1561),#1569);
#1561 = ( BOUNDED_CURVE() B_SPLINE_CURVE(2,(#1562,#1563,#1564,#1565,
#1566,#1567,#1568),.UNSPECIFIED.,.T.,.F.) B_SPLINE_CURVE_WITH_KNOTS((1,2
    ,2,2,2,1),(-2.094395102393,0.,2.094395102393,4.188790204786,
6.28318530718,8.377580409573),.UNSPECIFIED.) CURVE() 
GEOMETRIC_REPRESENTATION_ITEM() RATIONAL_B_SPLINE_CURVE((1.,0.5,1.,0.5,
1.,0.5,1.)) REPRESENTATION_ITEM('') );
#1562 = CARTESIAN_POINT('',(-844.55,25.4));
#1563 = CARTESIAN_POINT('',(-844.55,36.398522628062));
#1564 = CARTESIAN_POINT('',(-835.025,30.899261314031));
#1565 = CARTESIAN_POINT('',(-825.5,25.4));
#1566 = CARTESIAN_POINT('',(-835.025,19.900738685969));
#1567 = CARTESIAN_POINT('',(-844.55,14.401477371938));
#1568 = CARTESIAN_POINT('',(-844.55,25.4));
#1569 = ( GEOMETRIC_REPRESENTATION_CONTEXT(2) 
PARAMETRIC_REPRESENTATION_CONTEXT() REPRESENTATION_CONTEXT('2D SPACE',''
  ) );
#1570 = PCURVE('',#1571,#1576);
#1571 = CYLINDRICAL_SURFACE('',#1572,6.35);
#1572 = AXIS2_PLACEMENT_3D('',#1573,#1574,#1575);
#1573 = CARTESIAN_POINT('',(838.2,-215.9,-0.254));
#1574 = DIRECTION('',(-0.,-0.,1.));
#1575 = DIRECTION('',(1.,-0.,-0.));
#1576 = DEFINITIONAL_REPRESENTATION('',(#1577),#1581);
#1577 = LINE('',#1578,#1579);
#1578 = CARTESIAN_POINT('',(-0.,0.254));
#1579 = VECTOR('',#1580,1.);
#1580 = DIRECTION('',(-1.,0.));
#1581 = ( GEOMETRIC_REPRESENTATION_CONTEXT(2) 
PARAMETRIC_REPRESENTATION_CONTEXT() REPRESENTATION_CONTEXT('2D SPACE',''
  ) );
#1582 = ADVANCED_FACE('',(#1583),#1189,.T.);
#1583 = FACE_BOUND('',#1584,.F.);
#1584 = EDGE_LOOP('',(#1585,#1586,#1587,#1610));
#1585 = ORIENTED_EDGE('',*,*,#1456,.F.);
#1586 = ORIENTED_EDGE('',*,*,#1173,.T.);
#1587 = ORIENTED_EDGE('',*,*,#1588,.T.);
#1588 = EDGE_CURVE('',#1174,#1589,#1591,.T.);
#1589 = VERTEX_POINT('',#1590);
#1590 = CARTESIAN_POINT('',(914.4,-241.3,6.35));
#1591 = SURFACE_CURVE('',#1592,(#1596,#1603),.PCURVE_S1.);
#1592 = LINE('',#1593,#1594);
#1593 = CARTESIAN_POINT('',(0.,-241.3,6.35));
#1594 = VECTOR('',#1595,25.4);
#1595 = DIRECTION('',(1.,-0.,-0.));
#1596 = PCURVE('',#1189,#1597);
#1597 = DEFINITIONAL_REPRESENTATION('',(#1598),#1602);
#1598 = LINE('',#1599,#1600);
#1599 = CARTESIAN_POINT('',(-6.35,0.));
#1600 = VECTOR('',#1601,1.);
#1601 = DIRECTION('',(0.,1.));
#1602 = ( GEOMETRIC_REPRESENTATION_CONTEXT(2) 
PARAMETRIC_REPRESENTATION_CONTEXT() REPRESENTATION_CONTEXT('2D SPACE',''
  ) );
#1603 = PCURVE('',#1217,#1604);
#1604 = DEFINITIONAL_REPRESENTATION('',(#1605),#1609);
#1605 = LINE('',#1606,#1607);
#1606 = CARTESIAN_POINT('',(-0.,50.8));
#1607 = VECTOR('',#1608,1.);
#1608 = DIRECTION('',(-1.,-0.));
#1609 = ( GEOMETRIC_REPRESENTATION_CONTEXT(2) 
PARAMETRIC_REPRESENTATION_CONTEXT() REPRESENTATION_CONTEXT('2D SPACE',''
  ) );
#1610 = ORIENTED_EDGE('',*,*,#1611,.F.);
#1611 = EDGE_CURVE('',#1434,#1589,#1612,.T.);
#1612 = SURFACE_CURVE('',#1613,(#1617,#1624),.PCURVE_S1.);
#1613 = LINE('',#1614,#1615);
#1614 = CARTESIAN_POINT('',(914.4,-241.3,0.));
#1615 = VECTOR('',#1616,25.4);
#1616 = DIRECTION('',(-0.,-0.,1.));
#1617 = PCURVE('',#1189,#1618);
#1618 = DEFINITIONAL_REPRESENTATION('',(#1619),#1623);
#1619 = LINE('',#1620,#1621);
#1620 = CARTESIAN_POINT('',(-0.,914.4));
#1621 = VECTOR('',#1622,1.);
#1622 = DIRECTION('',(-1.,0.));
#1623 = ( GEOMETRIC_REPRESENTATION_CONTEXT(2) 
PARAMETRIC_REPRESENTATION_CONTEXT() REPRESENTATION_CONTEXT('2D SPACE',''
  ) );
#1624 = PCURVE('',#1347,#1625);
#1625 = DEFINITIONAL_REPRESENTATION('',(#1626),#1630);
#1626 = LINE('',#1627,#1628);
#1627 = CARTESIAN_POINT('',(-0.,-50.8));
#1628 = VECTOR('',#1629,1.);
#1629 = DIRECTION('',(-1.,0.));
#1630 = ( GEOMETRIC_REPRESENTATION_CONTEXT(2) 
PARAMETRIC_REPRESENTATION_CONTEXT() REPRESENTATION_CONTEXT('2D SPACE',''
  ) );
#1631 = ADVANCED_FACE('',(#1632,#1680,#1710,#1740),#1217,.T.);
#1632 = FACE_BOUND('',#1633,.F.);
#1633 = EDGE_LOOP('',(#1634,#1635,#1658,#1679));
#1634 = ORIENTED_EDGE('',*,*,#1201,.F.);
#1635 = ORIENTED_EDGE('',*,*,#1636,.T.);
#1636 = EDGE_CURVE('',#1202,#1637,#1639,.T.);
#1637 = VERTEX_POINT('',#1638);
#1638 = CARTESIAN_POINT('',(914.4,-196.85,6.35));
#1639 = SURFACE_CURVE('',#1640,(#1644,#1651),.PCURVE_S1.);
#1640 = LINE('',#1641,#1642);
#1641 = CARTESIAN_POINT('',(0.,-196.85,6.35));
#1642 = VECTOR('',#1643,25.4);
#1643 = DIRECTION('',(1.,-0.,-0.));
#1644 = PCURVE('',#1217,#1645);
#1645 = DEFINITIONAL_REPRESENTATION('',(#1646),#1650);
#1646 = LINE('',#1647,#1648);
#1647 = CARTESIAN_POINT('',(-0.,6.35));
#1648 = VECTOR('',#1649,1.);
#1649 = DIRECTION('',(-1.,-0.));
#1650 = ( GEOMETRIC_REPRESENTATION_CONTEXT(2) 
PARAMETRIC_REPRESENTATION_CONTEXT() REPRESENTATION_CONTEXT('2D SPACE',''
  ) );
#1651 = PCURVE('',#1245,#1652);
#1652 = DEFINITIONAL_REPRESENTATION('',(#1653),#1657);
#1653 = LINE('',#1654,#1655);
#1654 = CARTESIAN_POINT('',(-6.35,0.));
#1655 = VECTOR('',#1656,1.);
#1656 = DIRECTION('',(0.,1.));
#1657 = ( GEOMETRIC_REPRESENTATION_CONTEXT(2) 
PARAMETRIC_REPRESENTATION_CONTEXT() REPRESENTATION_CONTEXT('2D SPACE',''
  ) );
#1658 = ORIENTED_EDGE('',*,*,#1659,.T.);
#1659 = EDGE_CURVE('',#1637,#1589,#1660,.T.);
#1660 = SURFACE_CURVE('',#1661,(#1665,#1672),.PCURVE_S1.);
#1661 = LINE('',#1662,#1663);
#1662 = CARTESIAN_POINT('',(914.4,-190.5,6.35));
#1663 = VECTOR('',#1664,25.4);
#1664 = DIRECTION('',(-0.,-1.,0.));
#1665 = PCURVE('',#1217,#1666);
#1666 = DEFINITIONAL_REPRESENTATION('',(#1667),#1671);
#1667 = LINE('',#1668,#1669);
#1668 = CARTESIAN_POINT('',(-914.4,0.));
#1669 = VECTOR('',#1670,1.);
#1670 = DIRECTION('',(-0.,1.));
#1671 = ( GEOMETRIC_REPRESENTATION_CONTEXT(2) 
PARAMETRIC_REPRESENTATION_CONTEXT() REPRESENTATION_CONTEXT('2D SPACE',''
  ) );
#1672 = PCURVE('',#1347,#1673);
#1673 = DEFINITIONAL_REPRESENTATION('',(#1674),#1678);
#1674 = LINE('',#1675,#1676);
#1675 = CARTESIAN_POINT('',(-6.35,0.));
#1676 = VECTOR('',#1677,1.);
#1677 = DIRECTION('',(-0.,-1.));
#1678 = ( GEOMETRIC_REPRESENTATION_CONTEXT(2) 
PARAMETRIC_REPRESENTATION_CONTEXT() REPRESENTATION_CONTEXT('2D SPACE',''
  ) );
#1679 = ORIENTED_EDGE('',*,*,#1588,.F.);
#1680 = FACE_BOUND('',#1681,.F.);
#1681 = EDGE_LOOP('',(#1682));
#1682 = ORIENTED_EDGE('',*,*,#1683,.F.);
#1683 = EDGE_CURVE('',#1684,#1684,#1686,.T.);
#1684 = VERTEX_POINT('',#1685);
#1685 = CARTESIAN_POINT('',(82.55,-215.9,6.35));
#1686 = SURFACE_CURVE('',#1687,(#1692,#1703),.PCURVE_S1.);
#1687 = CIRCLE('',#1688,6.35);
#1688 = AXIS2_PLACEMENT_3D('',#1689,#1690,#1691);
#1689 = CARTESIAN_POINT('',(76.2,-215.9,6.35));
#1690 = DIRECTION('',(-0.,0.,-1.));
#1691 = DIRECTION('',(1.,-0.,-0.));
#1692 = PCURVE('',#1217,#1693);
#1693 = DEFINITIONAL_REPRESENTATION('',(#1694),#1702);
#1694 = ( BOUNDED_CURVE() B_SPLINE_CURVE(2,(#1695,#1696,#1697,#1698,
#1699,#1700,#1701),.UNSPECIFIED.,.T.,.F.) B_SPLINE_CURVE_WITH_KNOTS((1,2
    ,2,2,2,1),(-2.094395102393,0.,2.094395102393,4.188790204786,
6.28318530718,8.377580409573),.UNSPECIFIED.) CURVE() 
GEOMETRIC_REPRESENTATION_ITEM() RATIONAL_B_SPLINE_CURVE((1.,0.5,1.,0.5,
1.,0.5,1.)) REPRESENTATION_ITEM('') );
#1695 = CARTESIAN_POINT('',(-82.55,25.4));
#1696 = CARTESIAN_POINT('',(-82.55,36.398522628062));
#1697 = CARTESIAN_POINT('',(-73.025,30.899261314031));
#1698 = CARTESIAN_POINT('',(-63.5,25.4));
#1699 = CARTESIAN_POINT('',(-73.025,19.900738685969));
#1700 = CARTESIAN_POINT('',(-82.55,14.401477371938));
#1701 = CARTESIAN_POINT('',(-82.55,25.4));
#1702 = ( GEOMETRIC_REPRESENTATION_CONTEXT(2) 
PARAMETRIC_REPRESENTATION_CONTEXT() REPRESENTATION_CONTEXT('2D SPACE',''
  ) );
#1703 = PCURVE('',#1501,#1704);
#1704 = DEFINITIONAL_REPRESENTATION('',(#1705),#1709);
#1705 = LINE('',#1706,#1707);
#1706 = CARTESIAN_POINT('',(-0.,6.604));
#1707 = VECTOR('',#1708,1.);
#1708 = DIRECTION('',(-1.,0.));
#1709 = ( GEOMETRIC_REPRESENTATION_CONTEXT(2) 
PARAMETRIC_REPRESENTATION_CONTEXT() REPRESENTATION_CONTEXT('2D SPACE',''
  ) );
#1710 = FACE_BOUND('',#1711,.F.);
#1711 = EDGE_LOOP('',(#1712));
#1712 = ORIENTED_EDGE('',*,*,#1713,.F.);
#1713 = EDGE_CURVE('',#1714,#1714,#1716,.T.);
#1714 = VERTEX_POINT('',#1715);
#1715 = CARTESIAN_POINT('',(463.55,-215.9,6.35));
#1716 = SURFACE_CURVE('',#1717,(#1722,#1733),.PCURVE_S1.);
#1717 = CIRCLE('',#1718,6.35);
#1718 = AXIS2_PLACEMENT_3D('',#1719,#1720,#1721);
#1719 = CARTESIAN_POINT('',(457.2,-215.9,6.35));
#1720 = DIRECTION('',(-0.,0.,-1.));
#1721 = DIRECTION('',(1.,-0.,-0.));
#1722 = PCURVE('',#1217,#1723);
#1723 = DEFINITIONAL_REPRESENTATION('',(#1724),#1732);
#1724 = ( BOUNDED_CURVE() B_SPLINE_CURVE(2,(#1725,#1726,#1727,#1728,
#1729,#1730,#1731),.UNSPECIFIED.,.T.,.F.) B_SPLINE_CURVE_WITH_KNOTS((1,2
    ,2,2,2,1),(-2.094395102393,0.,2.094395102393,4.188790204786,
6.28318530718,8.377580409573),.UNSPECIFIED.) CURVE() 
GEOMETRIC_REPRESENTATION_ITEM() RATIONAL_B_SPLINE_CURVE((1.,0.5,1.,0.5,
1.,0.5,1.)) REPRESENTATION_ITEM('') );
#1725 = CARTESIAN_POINT('',(-463.55,25.4));
#1726 = CARTESIAN_POINT('',(-463.55,36.398522628062));
#1727 = CARTESIAN_POINT('',(-454.025,30.899261314031));
#1728 = CARTESIAN_POINT('',(-444.5,25.4));
#1729 = CARTESIAN_POINT('',(-454.025,19.900738685969));
#1730 = CARTESIAN_POINT('',(-463.55,14.401477371938));
#1731 = CARTESIAN_POINT('',(-463.55,25.4));
#1732 = ( GEOMETRIC_REPRESENTATION_CONTEXT(2) 
PARAMETRIC_REPRESENTATION_CONTEXT() REPRESENTATION_CONTEXT('2D SPACE',''
  ) );
#1733 = PCURVE('',#1536,#1734);
#1734 = DEFINITIONAL_REPRESENTATION('',(#1735),#1739);
#1735 = LINE('',#1736,#1737);
#1736 = CARTESIAN_POINT('',(-0.,6.604));
#1737 = VECTOR('',#1738,1.);
#1738 = DIRECTION('',(-1.,0.));
#1739 = ( GEOMETRIC_REPRESENTATION_CONTEXT(2) 
PARAMETRIC_REPRESENTATION_CONTEXT() REPRESENTATION_CONTEXT('2D SPACE',''
  ) );
#1740 = FACE_BOUND('',#1741,.F.);
#1741 = EDGE_LOOP('',(#1742));
#1742 = ORIENTED_EDGE('',*,*,#1743,.F.);
#1743 = EDGE_CURVE('',#1744,#1744,#1746,.T.);
#1744 = VERTEX_POINT('',#1745);
#1745 = CARTESIAN_POINT('',(844.55,-215.9,6.35));
#1746 = SURFACE_CURVE('',#1747,(#1752,#1763),.PCURVE_S1.);
#1747 = CIRCLE('',#1748,6.35);
#1748 = AXIS2_PLACEMENT_3D('',#1749,#1750,#1751);
#1749 = CARTESIAN_POINT('',(838.2,-215.9,6.35));
#1750 = DIRECTION('',(-0.,0.,-1.));
#1751 = DIRECTION('',(1.,-0.,-0.));
#1752 = PCURVE('',#1217,#1753);
#1753 = DEFINITIONAL_REPRESENTATION('',(#1754),#1762);
#1754 = ( BOUNDED_CURVE() B_SPLINE_CURVE(2,(#1755,#1756,#1757,#1758,
#1759,#1760,#1761),.UNSPECIFIED.,.T.,.F.) B_SPLINE_CURVE_WITH_KNOTS((1,2
    ,2,2,2,1),(-2.094395102393,0.,2.094395102393,4.188790204786,
6.28318530718,8.377580409573),.UNSPECIFIED.) CURVE() 
GEOMETRIC_REPRESENTATION_ITEM() RATIONAL_B_SPLINE_CURVE((1.,0.5,1.,0.5,
1.,0.5,1.)) REPRESENTATION_ITEM('') );
#1755 = CARTESIAN_POINT('',(-844.55,25.4));
#1756 = CARTESIAN_POINT('',(-844.55,36.398522628062));
#1757 = CARTESIAN_POINT('',(-835.025,30.899261314031));
#1758 = CARTESIAN_POINT('',(-825.5,25.4));
#1759 = CARTESIAN_POINT('',(-835.025,19.900738685969));
#1760 = CARTESIAN_POINT('',(-844.55,14.401477371938));
#1761 = CARTESIAN_POINT('',(-844.55,25.4));
#1762 = ( GEOMETRIC_REPRESENTATION_CONTEXT(2) 
PARAMETRIC_REPRESENTATION_CONTEXT() REPRESENTATION_CONTEXT('2D SPACE',''
  ) );
#1763 = PCURVE('',#1571,#1764);
#1764 = DEFINITIONAL_REPRESENTATION('',(#1765),#1769);
#1765 = LINE('',#1766,#1767);
#1766 = CARTESIAN_POINT('',(-0.,6.604));
#1767 = VECTOR('',#1768,1.);
#1768 = DIRECTION('',(-1.,0.));
#1769 = ( GEOMETRIC_REPRESENTATION_CONTEXT(2) 
PARAMETRIC_REPRESENTATION_CONTEXT() REPRESENTATION_CONTEXT('2D SPACE',''
  ) );
#1770 = ADVANCED_FACE('',(#1771,#1819,#1849),#1245,.T.);
#1771 = FACE_BOUND('',#1772,.F.);
#1772 = EDGE_LOOP('',(#1773,#1796,#1797,#1798));
#1773 = ORIENTED_EDGE('',*,*,#1774,.F.);
#1774 = EDGE_CURVE('',#1637,#1775,#1777,.T.);
#1775 = VERTEX_POINT('',#1776);
#1776 = CARTESIAN_POINT('',(914.4,-196.85,50.8));
#1777 = SURFACE_CURVE('',#1778,(#1782,#1789),.PCURVE_S1.);
#1778 = LINE('',#1779,#1780);
#1779 = CARTESIAN_POINT('',(914.4,-196.85,0.));
#1780 = VECTOR('',#1781,25.4);
#1781 = DIRECTION('',(-0.,-0.,1.));
#1782 = PCURVE('',#1245,#1783);
#1783 = DEFINITIONAL_REPRESENTATION('',(#1784),#1788);
#1784 = LINE('',#1785,#1786);
#1785 = CARTESIAN_POINT('',(-0.,914.4));
#1786 = VECTOR('',#1787,1.);
#1787 = DIRECTION('',(-1.,0.));
#1788 = ( GEOMETRIC_REPRESENTATION_CONTEXT(2) 
PARAMETRIC_REPRESENTATION_CONTEXT() REPRESENTATION_CONTEXT('2D SPACE',''
  ) );
#1789 = PCURVE('',#1347,#1790);
#1790 = DEFINITIONAL_REPRESENTATION('',(#1791),#1795);
#1791 = LINE('',#1792,#1793);
#1792 = CARTESIAN_POINT('',(-0.,-6.35));
#1793 = VECTOR('',#1794,1.);
#1794 = DIRECTION('',(-1.,0.));
#1795 = ( GEOMETRIC_REPRESENTATION_CONTEXT(2) 
PARAMETRIC_REPRESENTATION_CONTEXT() REPRESENTATION_CONTEXT('2D SPACE',''
  ) );
#1796 = ORIENTED_EDGE('',*,*,#1636,.F.);
#1797 = ORIENTED_EDGE('',*,*,#1229,.T.);
#1798 = ORIENTED_EDGE('',*,*,#1799,.T.);
#1799 = EDGE_CURVE('',#1230,#1775,#1800,.T.);
#1800 = SURFACE_CURVE('',#1801,(#1805,#1812),.PCURVE_S1.);
#1801 = LINE('',#1802,#1803);
#1802 = CARTESIAN_POINT('',(0.,-196.85,50.8));
#1803 = VECTOR('',#1804,25.4);
#1804 = DIRECTION('',(1.,-0.,-0.));
#1805 = PCURVE('',#1245,#1806);
#1806 = DEFINITIONAL_REPRESENTATION('',(#1807),#1811);
#1807 = LINE('',#1808,#1809);
#1808 = CARTESIAN_POINT('',(-50.8,0.));
#1809 = VECTOR('',#1810,1.);
#1810 = DIRECTION('',(0.,1.));
#1811 = ( GEOMETRIC_REPRESENTATION_CONTEXT(2) 
PARAMETRIC_REPRESENTATION_CONTEXT() REPRESENTATION_CONTEXT('2D SPACE',''
  ) );
#1812 = PCURVE('',#1271,#1813);
#1813 = DEFINITIONAL_REPRESENTATION('',(#1814),#1818);
#1814 = LINE('',#1815,#1816);
#1815 = CARTESIAN_POINT('',(-0.,6.35));
#1816 = VECTOR('',#1817,1.);
#1817 = DIRECTION('',(-1.,-0.));
#1818 = ( GEOMETRIC_REPRESENTATION_CONTEXT(2) 
PARAMETRIC_REPRESENTATION_CONTEXT() REPRESENTATION_CONTEXT('2D SPACE',''
  ) );
#1819 = FACE_BOUND('',#1820,.F.);
#1820 = EDGE_LOOP('',(#1821));
#1821 = ORIENTED_EDGE('',*,*,#1822,.F.);
#1822 = EDGE_CURVE('',#1823,#1823,#1825,.T.);
#1823 = VERTEX_POINT('',#1824);
#1824 = CARTESIAN_POINT('',(82.55,-196.85,31.75));
#1825 = SURFACE_CURVE('',#1826,(#1831,#1842),.PCURVE_S1.);
#1826 = CIRCLE('',#1827,6.35);
#1827 = AXIS2_PLACEMENT_3D('',#1828,#1829,#1830);
#1828 = CARTESIAN_POINT('',(76.2,-196.85,31.75));
#1829 = DIRECTION('',(0.,1.,-2.22044604925E-16));
#1830 = DIRECTION('',(1.,-0.,-0.));
#1831 = PCURVE('',#1245,#1832);
#1832 = DEFINITIONAL_REPRESENTATION('',(#1833),#1841);
#1833 = ( BOUNDED_CURVE() B_SPLINE_CURVE(2,(#1834,#1835,#1836,#1837,
#1838,#1839,#1840),.UNSPECIFIED.,.T.,.F.) B_SPLINE_CURVE_WITH_KNOTS((1,2
    ,2,2,2,1),(-2.094395102393,0.,2.094395102393,4.188790204786,
6.28318530718,8.377580409573),.UNSPECIFIED.) CURVE() 
GEOMETRIC_REPRESENTATION_ITEM() RATIONAL_B_SPLINE_CURVE((1.,0.5,1.,0.5,
1.,0.5,1.)) REPRESENTATION_ITEM('') );
#1834 = CARTESIAN_POINT('',(-31.75,82.55));
#1835 = CARTESIAN_POINT('',(-20.75147737193,82.55));
#1836 = CARTESIAN_POINT('',(-26.25073868596,73.025));
#1837 = CARTESIAN_POINT('',(-31.75,63.5));
#1838 = CARTESIAN_POINT('',(-37.24926131403,73.025));
#1839 = CARTESIAN_POINT('',(-42.74852262806,82.55));
#1840 = CARTESIAN_POINT('',(-31.75,82.55));
#1841 = ( GEOMETRIC_REPRESENTATION_CONTEXT(2) 
PARAMETRIC_REPRESENTATION_CONTEXT() REPRESENTATION_CONTEXT('2D SPACE',''
  ) );
#1842 = PCURVE('',#1382,#1843);
#1843 = DEFINITIONAL_REPRESENTATION('',(#1844),#1848);
#1844 = LINE('',#1845,#1846);
#1845 = CARTESIAN_POINT('',(-0.,6.604));
#1846 = VECTOR('',#1847,1.);
#1847 = DIRECTION('',(-1.,0.));
#1848 = ( GEOMETRIC_REPRESENTATION_CONTEXT(2) 
PARAMETRIC_REPRESENTATION_CONTEXT() REPRESENTATION_CONTEXT('2D SPACE',''
  ) );
#1849 = FACE_BOUND('',#1850,.F.);
#1850 = EDGE_LOOP('',(#1851));
#1851 = ORIENTED_EDGE('',*,*,#1852,.F.);
#1852 = EDGE_CURVE('',#1853,#1853,#1855,.T.);
#1853 = VERTEX_POINT('',#1854);
#1854 = CARTESIAN_POINT('',(285.75,-196.85,31.75));
#1855 = SURFACE_CURVE('',#1856,(#1861,#1872),.PCURVE_S1.);
#1856 = CIRCLE('',#1857,6.35);
#1857 = AXIS2_PLACEMENT_3D('',#1858,#1859,#1860);
#1858 = CARTESIAN_POINT('',(279.4,-196.85,31.75));
#1859 = DIRECTION('',(0.,1.,-2.22044604925E-16));
#1860 = DIRECTION('',(1.,-0.,-0.));
#1861 = PCURVE('',#1245,#1862);
#1862 = DEFINITIONAL_REPRESENTATION('',(#1863),#1871);
#1863 = ( BOUNDED_CURVE() B_SPLINE_CURVE(2,(#1864,#1865,#1866,#1867,
#1868,#1869,#1870),.UNSPECIFIED.,.T.,.F.) B_SPLINE_CURVE_WITH_KNOTS((1,2
    ,2,2,2,1),(-2.094395102393,0.,2.094395102393,4.188790204786,
6.28318530718,8.377580409573),.UNSPECIFIED.) CURVE() 
GEOMETRIC_REPRESENTATION_ITEM() RATIONAL_B_SPLINE_CURVE((1.,0.5,1.,0.5,
1.,0.5,1.)) REPRESENTATION_ITEM('') );
#1864 = CARTESIAN_POINT('',(-31.75,285.75));
#1865 = CARTESIAN_POINT('',(-20.75147737193,285.75));
#1866 = CARTESIAN_POINT('',(-26.25073868596,276.225));
#1867 = CARTESIAN_POINT('',(-31.75,266.7));
#1868 = CARTESIAN_POINT('',(-37.24926131403,276.225));
#1869 = CARTESIAN_POINT('',(-42.74852262806,285.75));
#1870 = CARTESIAN_POINT('',(-31.75,285.75));
#1871 = ( GEOMETRIC_REPRESENTATION_CONTEXT(2) 
PARAMETRIC_REPRESENTATION_CONTEXT() REPRESENTATION_CONTEXT('2D SPACE',''
  ) );
#1872 = PCURVE('',#1417,#1873);
#1873 = DEFINITIONAL_REPRESENTATION('',(#1874),#1878);
#1874 = LINE('',#1875,#1876);
#1875 = CARTESIAN_POINT('',(-0.,6.604));
#1876 = VECTOR('',#1877,1.);
#1877 = DIRECTION('',(-1.,0.));
#1878 = ( GEOMETRIC_REPRESENTATION_CONTEXT(2) 
PARAMETRIC_REPRESENTATION_CONTEXT() REPRESENTATION_CONTEXT('2D SPACE',''
  ) );
#1879 = ADVANCED_FACE('',(#1880),#1271,.T.);
#1880 = FACE_BOUND('',#1881,.F.);
#1881 = EDGE_LOOP('',(#1882,#1883,#1884,#1905));
#1882 = ORIENTED_EDGE('',*,*,#1257,.F.);
#1883 = ORIENTED_EDGE('',*,*,#1310,.T.);
#1884 = ORIENTED_EDGE('',*,*,#1885,.T.);
#1885 = EDGE_CURVE('',#1311,#1775,#1886,.T.);
#1886 = SURFACE_CURVE('',#1887,(#1891,#1898),.PCURVE_S1.);
#1887 = LINE('',#1888,#1889);
#1888 = CARTESIAN_POINT('',(914.4,-190.5,50.8));
#1889 = VECTOR('',#1890,25.4);
#1890 = DIRECTION('',(-0.,-1.,0.));
#1891 = PCURVE('',#1271,#1892);
#1892 = DEFINITIONAL_REPRESENTATION('',(#1893),#1897);
#1893 = LINE('',#1894,#1895);
#1894 = CARTESIAN_POINT('',(-914.4,0.));
#1895 = VECTOR('',#1896,1.);
#1896 = DIRECTION('',(-0.,1.));
#1897 = ( GEOMETRIC_REPRESENTATION_CONTEXT(2) 
PARAMETRIC_REPRESENTATION_CONTEXT() REPRESENTATION_CONTEXT('2D SPACE',''
  ) );
#1898 = PCURVE('',#1347,#1899);
#1899 = DEFINITIONAL_REPRESENTATION('',(#1900),#1904);
#1900 = LINE('',#1901,#1902);
#1901 = CARTESIAN_POINT('',(-50.8,0.));
#1902 = VECTOR('',#1903,1.);
#1903 = DIRECTION('',(-0.,-1.));
#1904 = ( GEOMETRIC_REPRESENTATION_CONTEXT(2) 
PARAMETRIC_REPRESENTATION_CONTEXT() REPRESENTATION_CONTEXT('2D SPACE',''
  ) );
#1905 = ORIENTED_EDGE('',*,*,#1799,.F.);
#1906 = ADVANCED_FACE('',(#1907),#1347,.T.);
#1907 = FACE_BOUND('',#1908,.F.);
#1908 = EDGE_LOOP('',(#1909,#1910,#1911,#1912,#1913,#1914));
#1909 = ORIENTED_EDGE('',*,*,#1333,.F.);
#1910 = ORIENTED_EDGE('',*,*,#1433,.F.);
#1911 = ORIENTED_EDGE('',*,*,#1611,.T.);
#1912 = ORIENTED_EDGE('',*,*,#1659,.F.);
#1913 = ORIENTED_EDGE('',*,*,#1774,.T.);
#1914 = ORIENTED_EDGE('',*,*,#1885,.F.);
#1915 = ADVANCED_FACE('',(#1916),#1382,.F.);
#1916 = FACE_BOUND('',#1917,.T.);
#1917 = EDGE_LOOP('',(#1918,#1919,#1940,#1941));
#1918 = ORIENTED_EDGE('',*,*,#1822,.F.);
#1919 = ORIENTED_EDGE('',*,*,#1920,.F.);
#1920 = EDGE_CURVE('',#1362,#1823,#1921,.T.);
#1921 = SEAM_CURVE('',#1922,(#1926,#1933),.PCURVE_S1.);
#1922 = LINE('',#1923,#1924);
#1923 = CARTESIAN_POINT('',(82.55,-190.246,31.75));
#1924 = VECTOR('',#1925,25.4);
#1925 = DIRECTION('',(0.,-1.,2.22044604925E-16));
#1926 = PCURVE('',#1382,#1927);
#1927 = DEFINITIONAL_REPRESENTATION('',(#1928),#1932);
#1928 = LINE('',#1929,#1930);
#1929 = CARTESIAN_POINT('',(-6.28318530718,-0.));
#1930 = VECTOR('',#1931,1.);
#1931 = DIRECTION('',(-0.,1.));
#1932 = ( GEOMETRIC_REPRESENTATION_CONTEXT(2) 
PARAMETRIC_REPRESENTATION_CONTEXT() REPRESENTATION_CONTEXT('2D SPACE',''
  ) );
#1933 = PCURVE('',#1382,#1934);
#1934 = DEFINITIONAL_REPRESENTATION('',(#1935),#1939);
#1935 = LINE('',#1936,#1937);
#1936 = CARTESIAN_POINT('',(-0.,-0.));
#1937 = VECTOR('',#1938,1.);
#1938 = DIRECTION('',(-0.,1.));
#1939 = ( GEOMETRIC_REPRESENTATION_CONTEXT(2) 
PARAMETRIC_REPRESENTATION_CONTEXT() REPRESENTATION_CONTEXT('2D SPACE',''
  ) );
#1940 = ORIENTED_EDGE('',*,*,#1361,.T.);
#1941 = ORIENTED_EDGE('',*,*,#1920,.T.);
#1942 = ADVANCED_FACE('',(#1943),#1417,.F.);
#1943 = FACE_BOUND('',#1944,.T.);
#1944 = EDGE_LOOP('',(#1945,#1946,#1967,#1968));
#1945 = ORIENTED_EDGE('',*,*,#1852,.F.);
#1946 = ORIENTED_EDGE('',*,*,#1947,.F.);
#1947 = EDGE_CURVE('',#1397,#1853,#1948,.T.);
#1948 = SEAM_CURVE('',#1949,(#1953,#1960),.PCURVE_S1.);
#1949 = LINE('',#1950,#1951);
#1950 = CARTESIAN_POINT('',(285.75,-190.246,31.75));
#1951 = VECTOR('',#1952,25.4);
#1952 = DIRECTION('',(0.,-1.,2.22044604925E-16));
#1953 = PCURVE('',#1417,#1954);
#1954 = DEFINITIONAL_REPRESENTATION('',(#1955),#1959);
#1955 = LINE('',#1956,#1957);
#1956 = CARTESIAN_POINT('',(-6.28318530718,-0.));
#1957 = VECTOR('',#1958,1.);
#1958 = DIRECTION('',(-0.,1.));
#1959 = ( GEOMETRIC_REPRESENTATION_CONTEXT(2) 
PARAMETRIC_REPRESENTATION_CONTEXT() REPRESENTATION_CONTEXT('2D SPACE',''
  ) );
#1960 = PCURVE('',#1417,#1961);
#1961 = DEFINITIONAL_REPRESENTATION('',(#1962),#1966);
#1962 = LINE('',#1963,#1964);
#1963 = CARTESIAN_POINT('',(-0.,-0.));
#1964 = VECTOR('',#1965,1.);
#1965 = DIRECTION('',(-0.,1.));
#1966 = ( GEOMETRIC_REPRESENTATION_CONTEXT(2) 
PARAMETRIC_REPRESENTATION_CONTEXT() REPRESENTATION_CONTEXT('2D SPACE',''
  ) );
#1967 = ORIENTED_EDGE('',*,*,#1396,.T.);
#1968 = ORIENTED_EDGE('',*,*,#1947,.T.);
#1969 = ADVANCED_FACE('',(#1970),#1501,.F.);
#1970 = FACE_BOUND('',#1971,.T.);
#1971 = EDGE_LOOP('',(#1972,#1973,#1994,#1995));
#1972 = ORIENTED_EDGE('',*,*,#1683,.F.);
#1973 = ORIENTED_EDGE('',*,*,#1974,.F.);
#1974 = EDGE_CURVE('',#1481,#1684,#1975,.T.);
#1975 = SEAM_CURVE('',#1976,(#1980,#1987),.PCURVE_S1.);
#1976 = LINE('',#1977,#1978);
#1977 = CARTESIAN_POINT('',(82.55,-215.9,-0.254));
#1978 = VECTOR('',#1979,25.4);
#1979 = DIRECTION('',(-0.,-0.,1.));
#1980 = PCURVE('',#1501,#1981);
#1981 = DEFINITIONAL_REPRESENTATION('',(#1982),#1986);
#1982 = LINE('',#1983,#1984);
#1983 = CARTESIAN_POINT('',(-6.28318530718,-0.));
#1984 = VECTOR('',#1985,1.);
#1985 = DIRECTION('',(-0.,1.));
#1986 = ( GEOMETRIC_REPRESENTATION_CONTEXT(2) 
PARAMETRIC_REPRESENTATION_CONTEXT() REPRESENTATION_CONTEXT('2D SPACE',''
  ) );
#1987 = PCURVE('',#1501,#1988);
#1988 = DEFINITIONAL_REPRESENTATION('',(#1989),#1993);
#1989 = LINE('',#1990,#1991);
#1990 = CARTESIAN_POINT('',(-0.,-0.));
#1991 = VECTOR('',#1992,1.);
#1992 = DIRECTION('',(-0.,1.));
#1993 = ( GEOMETRIC_REPRESENTATION_CONTEXT(2) 
PARAMETRIC_REPRESENTATION_CONTEXT() REPRESENTATION_CONTEXT('2D SPACE',''
  ) );
#1994 = ORIENTED_EDGE('',*,*,#1480,.T.);
#1995 = ORIENTED_EDGE('',*,*,#1974,.T.);
#1996 = ADVANCED_FACE('',(#1997),#1536,.F.);
#1997 = FACE_BOUND('',#1998,.T.);
#1998 = EDGE_LOOP('',(#1999,#2000,#2021,#2022));
#1999 = ORIENTED_EDGE('',*,*,#1713,.F.);
#2000 = ORIENTED_EDGE('',*,*,#2001,.F.);
#2001 = EDGE_CURVE('',#1516,#1714,#2002,.T.);
#2002 = SEAM_CURVE('',#2003,(#2007,#2014),.PCURVE_S1.);
#2003 = LINE('',#2004,#2005);
#2004 = CARTESIAN_POINT('',(463.55,-215.9,-0.254));
#2005 = VECTOR('',#2006,25.4);
#2006 = DIRECTION('',(-0.,-0.,1.));
#2007 = PCURVE('',#1536,#2008);
#2008 = DEFINITIONAL_REPRESENTATION('',(#2009),#2013);
#2009 = LINE('',#2010,#2011);
#2010 = CARTESIAN_POINT('',(-6.28318530718,-0.));
#2011 = VECTOR('',#2012,1.);
#2012 = DIRECTION('',(-0.,1.));
#2013 = ( GEOMETRIC_REPRESENTATION_CONTEXT(2) 
PARAMETRIC_REPRESENTATION_CONTEXT() REPRESENTATION_CONTEXT('2D SPACE',''
  ) );
#2014 = PCURVE('',#1536,#2015);
#2015 = DEFINITIONAL_REPRESENTATION('',(#2016),#2020);
#2016 = LINE('',#2017,#2018);
#2017 = CARTESIAN_POINT('',(-0.,-0.));
#2018 = VECTOR('',#2019,1.);
#2019 = DIRECTION('',(-0.,1.));
#2020 = ( GEOMETRIC_REPRESENTATION_CONTEXT(2) 
PARAMETRIC_REPRESENTATION_CONTEXT() REPRESENTATION_CONTEXT('2D SPACE',''
  ) );
#2021 = ORIENTED_EDGE('',*,*,#1515,.T.);
#2022 = ORIENTED_EDGE('',*,*,#2001,.T.);
#2023 = ADVANCED_FACE('',(#2024),#1571,.F.);
#2024 = FACE_BOUND('',#2025,.T.);
#2025 = EDGE_LOOP('',(#2026,#2027,#2048,#2049));
#2026 = ORIENTED_EDGE('',*,*,#1743,.F.);
#2027 = ORIENTED_EDGE('',*,*,#2028,.F.);
#2028 = EDGE_CURVE('',#1551,#1744,#2029,.T.);
#2029 = SEAM_CURVE('',#2030,(#2034,#2041),.PCURVE_S1.);
#2030 = LINE('',#2031,#2032);
#2031 = CARTESIAN_POINT('',(844.55,-215.9,-0.254));
#2032 = VECTOR('',#2033,25.4);
#2033 = DIRECTION('',(-0.,-0.,1.));
#2034 = PCURVE('',#1571,#2035);
#2035 = DEFINITIONAL_REPRESENTATION('',(#2036),#2040);
#2036 = LINE('',#2037,#2038);
#2037 = CARTESIAN_POINT('',(-6.28318530718,-0.));
#2038 = VECTOR('',#2039,1.);
#2039 = DIRECTION('',(-0.,1.));
#2040 = ( GEOMETRIC_REPRESENTATION_CONTEXT(2) 
PARAMETRIC_REPRESENTATION_CONTEXT() REPRESENTATION_CONTEXT('2D SPACE',''
  ) );
#2041 = PCURVE('',#1571,#2042);
#2042 = DEFINITIONAL_REPRESENTATION('',(#2043),#2047);
#2043 = LINE('',#2044,#2045);
#2044 = CARTESIAN_POINT('',(-0.,-0.));
#2045 = VECTOR('',#2046,1.);
#2046 = DIRECTION('',(-0.,1.));
#2047 = ( GEOMETRIC_REPRESENTATION_CONTEXT(2) 
PARAMETRIC_REPRESENTATION_CONTEXT() REPRESENTATION_CONTEXT('2D SPACE',''
  ) );
#2048 = ORIENTED_EDGE('',*,*,#1550,.T.);
#2049 = ORIENTED_EDGE('',*,*,#2028,.T.);
#2050 = ( GEOMETRIC_REPRESENTATION_CONTEXT(3) 
GLOBAL_UNCERTAINTY_ASSIGNED_CONTEXT((#2054)) 
GLOBAL_UNIT_ASSIGNED_CONTEXT((#2051,#2052,#2053)) REPRESENTATION_CONTEXT
('Context #1','3D Context with UNIT and UNCERTAINTY') );
#2051 = ( LENGTH_UNIT() NAMED_UNIT(*) SI_UNIT(.MILLI.,.METRE.) );
#2052 = ( NAMED_UNIT(*) PLANE_ANGLE_UNIT() SI_UNIT($,.RADIAN.) );
#2053 = ( NAMED_UNIT(*) SI_UNIT($,.STERADIAN.) SOLID_ANGLE_UNIT() );
#2054 = UNCERTAINTY_MEASURE_WITH_UNIT(LENGTH_MEASURE(2.54E-06),#2051,
  'distance_accuracy_value','confusion accuracy');
#2055 = CONTEXT_DEPENDENT_SHAPE_REPRESENTATION(#2056,#2058);
#2056 = ( REPRESENTATION_RELATIONSHIP('','',#1103,#10) 
REPRESENTATION_RELATIONSHIP_WITH_TRANSFORMATION(#2057) 
SHAPE_REPRESENTATION_RELATIONSHIP() );
#2057 = ITEM_DEFINED_TRANSFORMATION('','',#11,#19);
#2058 = PRODUCT_DEFINITION_SHAPE('Placement','Placement of an item',
  #2059);
#2059 = NEXT_ASSEMBLY_USAGE_OCCURRENCE('2','Base Bracket (mirror)','',#5
  ,#1098,$);
#2060 = PRODUCT_RELATED_PRODUCT_CATEGORY('part',$,(#1100));
#2061 = SHAPE_DEFINITION_REPRESENTATION(#2062,#2068);
#2062 = PRODUCT_DEFINITION_SHAPE('','',#2063);
#2063 = PRODUCT_DEFINITION('design','',#2064,#2067);
#2064 = PRODUCT_DEFINITION_FORMATION('','',#2065);
#2065 = PRODUCT('Side Plate','Side Plate','',(#2066));
#2066 = PRODUCT_CONTEXT('',#2,'mechanical');
#2067 = PRODUCT_DEFINITION_CONTEXT('part definition',#2,'design');
#2068 = ADVANCED_BREP_SHAPE_REPRESENTATION('',(#11,#2069),#2951);
#2069 = MANIFOLD_SOLID_BREP('',#2070);
#2070 = CLOSED_SHELL('',(#2071,#2191,#2267,#2515,#2564,#2755,#2762,#2789
    ,#2816,#2843,#2890,#2917,#2944));
#2071 = ADVANCED_FACE('',(#2072),#2086,.F.);
#2072 = FACE_BOUND('',#2073,.F.);
#2073 = EDGE_LOOP('',(#2074,#2109,#2137,#2165));
#2074 = ORIENTED_EDGE('',*,*,#2075,.F.);
#2075 = EDGE_CURVE('',#2076,#2078,#2080,.T.);
#2076 = VERTEX_POINT('',#2077);
#2077 = CARTESIAN_POINT('',(0.,0.,0.));
#2078 = VERTEX_POINT('',#2079);
#2079 = CARTESIAN_POINT('',(0.,0.,6.35));
#2080 = SURFACE_CURVE('',#2081,(#2085,#2097),.PCURVE_S1.);
#2081 = LINE('',#2082,#2083);
#2082 = CARTESIAN_POINT('',(0.,0.,0.));
#2083 = VECTOR('',#2084,25.4);
#2084 = DIRECTION('',(0.,0.,1.));
#2085 = PCURVE('',#2086,#2091);
#2086 = PLANE('',#2087);
#2087 = AXIS2_PLACEMENT_3D('',#2088,#2089,#2090);
#2088 = CARTESIAN_POINT('',(0.,0.,0.));
#2089 = DIRECTION('',(1.,0.,-0.));
#2090 = DIRECTION('',(0.,0.,1.));
#2091 = DEFINITIONAL_REPRESENTATION('',(#2092),#2096);
#2092 = LINE('',#2093,#2094);
#2093 = CARTESIAN_POINT('',(0.,0.));
#2094 = VECTOR('',#2095,1.);
#2095 = DIRECTION('',(1.,0.));
#2096 = ( GEOMETRIC_REPRESENTATION_CONTEXT(2) 
PARAMETRIC_REPRESENTATION_CONTEXT() REPRESENTATION_CONTEXT('2D SPACE',''
  ) );
#2097 = PCURVE('',#2098,#2103);
#2098 = PLANE('',#2099);
#2099 = AXIS2_PLACEMENT_3D('',#2100,#2101,#2102);
#2100 = CARTESIAN_POINT('',(0.,0.,0.));
#2101 = DIRECTION('',(-0.,1.,0.));
#2102 = DIRECTION('',(0.,0.,1.));
#2103 = DEFINITIONAL_REPRESENTATION('',(#2104),#2108);
#2104 = LINE('',#2105,#2106);
#2105 = CARTESIAN_POINT('',(0.,0.));
#2106 = VECTOR('',#2107,1.);
#2107 = DIRECTION('',(1.,0.));
#2108 = ( GEOMETRIC_REPRESENTATION_CONTEXT(2) 
PARAMETRIC_REPRESENTATION_CONTEXT() REPRESENTATION_CONTEXT('2D SPACE',''
  ) );
#2109 = ORIENTED_EDGE('',*,*,#2110,.T.);
#2110 = EDGE_CURVE('',#2076,#2111,#2113,.T.);
#2111 = VERTEX_POINT('',#2112);
#2112 = CARTESIAN_POINT('',(0.,381.,0.));
#2113 = SURFACE_CURVE('',#2114,(#2118,#2125),.PCURVE_S1.);
#2114 = LINE('',#2115,#2116);
#2115 = CARTESIAN_POINT('',(0.,0.,0.));
#2116 = VECTOR('',#2117,25.4);
#2117 = DIRECTION('',(-0.,1.,0.));
#2118 = PCURVE('',#2086,#2119);
#2119 = DEFINITIONAL_REPRESENTATION('',(#2120),#2124);
#2120 = LINE('',#2121,#2122);
#2121 = CARTESIAN_POINT('',(0.,0.));
#2122 = VECTOR('',#2123,1.);
#2123 = DIRECTION('',(0.,-1.));
#2124 = ( GEOMETRIC_REPRESENTATION_CONTEXT(2) 
PARAMETRIC_REPRESENTATION_CONTEXT() REPRESENTATION_CONTEXT('2D SPACE',''
  ) );
#2125 = PCURVE('',#2126,#2131);
#2126 = PLANE('',#2127);
#2127 = AXIS2_PLACEMENT_3D('',#2128,#2129,#2130);
#2128 = CARTESIAN_POINT('',(0.,0.,0.));
#2129 = DIRECTION('',(0.,0.,1.));
#2130 = DIRECTION('',(1.,0.,-0.));
#2131 = DEFINITIONAL_REPRESENTATION('',(#2132),#2136);
#2132 = LINE('',#2133,#2134);
#2133 = CARTESIAN_POINT('',(0.,0.));
#2134 = VECTOR('',#2135,1.);
#2135 = DIRECTION('',(0.,1.));
#2136 = ( GEOMETRIC_REPRESENTATION_CONTEXT(2) 
PARAMETRIC_REPRESENTATION_CONTEXT() REPRESENTATION_CONTEXT('2D SPACE',''
  ) );
#2137 = ORIENTED_EDGE('',*,*,#2138,.T.);
#2138 = EDGE_CURVE('',#2111,#2139,#2141,.T.);
#2139 = VERTEX_POINT('',#2140);
#2140 = CARTESIAN_POINT('',(0.,381.,6.35));
#2141 = SURFACE_CURVE('',#2142,(#2146,#2153),.PCURVE_S1.);
#2142 = LINE('',#2143,#2144);
#2143 = CARTESIAN_POINT('',(0.,381.,0.));
#2144 = VECTOR('',#2145,25.4);
#2145 = DIRECTION('',(0.,0.,1.));
#2146 = PCURVE('',#2086,#2147);
#2147 = DEFINITIONAL_REPRESENTATION('',(#2148),#2152);
#2148 = LINE('',#2149,#2150);
#2149 = CARTESIAN_POINT('',(0.,-381.));
#2150 = VECTOR('',#2151,1.);
#2151 = DIRECTION('',(1.,0.));
#2152 = ( GEOMETRIC_REPRESENTATION_CONTEXT(2) 
PARAMETRIC_REPRESENTATION_CONTEXT() REPRESENTATION_CONTEXT('2D SPACE',''
  ) );
#2153 = PCURVE('',#2154,#2159);
#2154 = PLANE('',#2155);
#2155 = AXIS2_PLACEMENT_3D('',#2156,#2157,#2158);
#2156 = CARTESIAN_POINT('',(0.,381.,0.));
#2157 = DIRECTION('',(-0.,1.,0.));
#2158 = DIRECTION('',(0.,0.,1.));
#2159 = DEFINITIONAL_REPRESENTATION('',(#2160),#2164);
#2160 = LINE('',#2161,#2162);
#2161 = CARTESIAN_POINT('',(0.,0.));
#2162 = VECTOR('',#2163,1.);
#2163 = DIRECTION('',(1.,0.));
#2164 = ( GEOMETRIC_REPRESENTATION_CONTEXT(2) 
PARAMETRIC_REPRESENTATION_CONTEXT() REPRESENTATION_CONTEXT('2D SPACE',''
  ) );
#2165 = ORIENTED_EDGE('',*,*,#2166,.F.);
#2166 = EDGE_CURVE('',#2078,#2139,#2167,.T.);
#2167 = SURFACE_CURVE('',#2168,(#2172,#2179),.PCURVE_S1.);
#2168 = LINE('',#2169,#2170);
#2169 = CARTESIAN_POINT('',(0.,0.,6.35));
#2170 = VECTOR('',#2171,25.4);
#2171 = DIRECTION('',(-0.,1.,0.));
#2172 = PCURVE('',#2086,#2173);
#2173 = DEFINITIONAL_REPRESENTATION('',(#2174),#2178);
#2174 = LINE('',#2175,#2176);
#2175 = CARTESIAN_POINT('',(6.35,0.));
#2176 = VECTOR('',#2177,1.);
#2177 = DIRECTION('',(0.,-1.));
#2178 = ( GEOMETRIC_REPRESENTATION_CONTEXT(2) 
PARAMETRIC_REPRESENTATION_CONTEXT() REPRESENTATION_CONTEXT('2D SPACE',''
  ) );
#2179 = PCURVE('',#2180,#2185);
#2180 = PLANE('',#2181);
#2181 = AXIS2_PLACEMENT_3D('',#2182,#2183,#2184);
#2182 = CARTESIAN_POINT('',(0.,0.,6.35));
#2183 = DIRECTION('',(0.,0.,1.));
#2184 = DIRECTION('',(1.,0.,-0.));
#2185 = DEFINITIONAL_REPRESENTATION('',(#2186),#2190);
#2186 = LINE('',#2187,#2188);
#2187 = CARTESIAN_POINT('',(0.,0.));
#2188 = VECTOR('',#2189,1.);
#2189 = DIRECTION('',(0.,1.));
#2190 = ( GEOMETRIC_REPRESENTATION_CONTEXT(2) 
PARAMETRIC_REPRESENTATION_CONTEXT() REPRESENTATION_CONTEXT('2D SPACE',''
  ) );
#2191 = ADVANCED_FACE('',(#2192),#2098,.F.);
#2192 = FACE_BOUND('',#2193,.F.);
#2193 = EDGE_LOOP('',(#2194,#2217,#2218,#2241));
#2194 = ORIENTED_EDGE('',*,*,#2195,.F.);
#2195 = EDGE_CURVE('',#2076,#2196,#2198,.T.);
#2196 = VERTEX_POINT('',#2197);
#2197 = CARTESIAN_POINT('',(355.6,0.,0.));
#2198 = SURFACE_CURVE('',#2199,(#2203,#2210),.PCURVE_S1.);
#2199 = LINE('',#2200,#2201);
#2200 = CARTESIAN_POINT('',(0.,0.,0.));
#2201 = VECTOR('',#2202,25.4);
#2202 = DIRECTION('',(1.,0.,-0.));
#2203 = PCURVE('',#2098,#2204);
#2204 = DEFINITIONAL_REPRESENTATION('',(#2205),#2209);
#2205 = LINE('',#2206,#2207);
#2206 = CARTESIAN_POINT('',(0.,0.));
#2207 = VECTOR('',#2208,1.);
#2208 = DIRECTION('',(0.,1.));
#2209 = ( GEOMETRIC_REPRESENTATION_CONTEXT(2) 
PARAMETRIC_REPRESENTATION_CONTEXT() REPRESENTATION_CONTEXT('2D SPACE',''
  ) );
#2210 = PCURVE('',#2126,#2211);
#2211 = DEFINITIONAL_REPRESENTATION('',(#2212),#2216);
#2212 = LINE('',#2213,#2214);
#2213 = CARTESIAN_POINT('',(0.,0.));
#2214 = VECTOR('',#2215,1.);
#2215 = DIRECTION('',(1.,0.));
#2216 = ( GEOMETRIC_REPRESENTATION_CONTEXT(2) 
PARAMETRIC_REPRESENTATION_CONTEXT() REPRESENTATION_CONTEXT('2D SPACE',''
  ) );
#2217 = ORIENTED_EDGE('',*,*,#2075,.T.);
#2218 = ORIENTED_EDGE('',*,*,#2219,.T.);
#2219 = EDGE_CURVE('',#2078,#2220,#2222,.T.);
#2220 = VERTEX_POINT('',#2221);
#2221 = CARTESIAN_POINT('',(355.6,0.,6.35));
#2222 = SURFACE_CURVE('',#2223,(#2227,#2234),.PCURVE_S1.);
#2223 = LINE('',#2224,#2225);
#2224 = CARTESIAN_POINT('',(0.,0.,6.35));
#2225 = VECTOR('',#2226,25.4);
#2226 = DIRECTION('',(1.,0.,-0.));
#2227 = PCURVE('',#2098,#2228);
#2228 = DEFINITIONAL_REPRESENTATION('',(#2229),#2233);
#2229 = LINE('',#2230,#2231);
#2230 = CARTESIAN_POINT('',(6.35,0.));
#2231 = VECTOR('',#2232,1.);
#2232 = DIRECTION('',(0.,1.));
#2233 = ( GEOMETRIC_REPRESENTATION_CONTEXT(2) 
PARAMETRIC_REPRESENTATION_CONTEXT() REPRESENTATION_CONTEXT('2D SPACE',''
  ) );
#2234 = PCURVE('',#2180,#2235);
#2235 = DEFINITIONAL_REPRESENTATION('',(#2236),#2240);
#2236 = LINE('',#2237,#2238);
#2237 = CARTESIAN_POINT('',(0.,0.));
#2238 = VECTOR('',#2239,1.);
#2239 = DIRECTION('',(1.,0.));
#2240 = ( GEOMETRIC_REPRESENTATION_CONTEXT(2) 
PARAMETRIC_REPRESENTATION_CONTEXT() REPRESENTATION_CONTEXT('2D SPACE',''
  ) );
#2241 = ORIENTED_EDGE('',*,*,#2242,.F.);
#2242 = EDGE_CURVE('',#2196,#2220,#2243,.T.);
#2243 = SURFACE_CURVE('',#2244,(#2248,#2255),.PCURVE_S1.);
#2244 = LINE('',#2245,#2246);
#2245 = CARTESIAN_POINT('',(355.6,0.,0.));
#2246 = VECTOR('',#2247,25.4);
#2247 = DIRECTION('',(0.,0.,1.));
#2248 = PCURVE('',#2098,#2249);
#2249 = DEFINITIONAL_REPRESENTATION('',(#2250),#2254);
#2250 = LINE('',#2251,#2252);
#2251 = CARTESIAN_POINT('',(0.,355.6));
#2252 = VECTOR('',#2253,1.);
#2253 = DIRECTION('',(1.,0.));
#2254 = ( GEOMETRIC_REPRESENTATION_CONTEXT(2) 
PARAMETRIC_REPRESENTATION_CONTEXT() REPRESENTATION_CONTEXT('2D SPACE',''
  ) );
#2255 = PCURVE('',#2256,#2261);
#2256 = PLANE('',#2257);
#2257 = AXIS2_PLACEMENT_3D('',#2258,#2259,#2260);
#2258 = CARTESIAN_POINT('',(355.6,0.,0.));
#2259 = DIRECTION('',(1.,0.,-0.));
#2260 = DIRECTION('',(0.,0.,1.));
#2261 = DEFINITIONAL_REPRESENTATION('',(#2262),#2266);
#2262 = LINE('',#2263,#2264);
#2263 = CARTESIAN_POINT('',(0.,0.));
#2264 = VECTOR('',#2265,1.);
#2265 = DIRECTION('',(1.,0.));
#2266 = ( GEOMETRIC_REPRESENTATION_CONTEXT(2) 
PARAMETRIC_REPRESENTATION_CONTEXT() REPRESENTATION_CONTEXT('2D SPACE',''
  ) );
#2267 = ADVANCED_FACE('',(#2268,#2316,#2347,#2378,#2409),#2180,.T.);
#2268 = FACE_BOUND('',#2269,.T.);
#2269 = EDGE_LOOP('',(#2270,#2271,#2272,#2295));
#2270 = ORIENTED_EDGE('',*,*,#2166,.F.);
#2271 = ORIENTED_EDGE('',*,*,#2219,.T.);
#2272 = ORIENTED_EDGE('',*,*,#2273,.T.);
#2273 = EDGE_CURVE('',#2220,#2274,#2276,.T.);
#2274 = VERTEX_POINT('',#2275);
#2275 = CARTESIAN_POINT('',(355.6,381.,6.35));
#2276 = SURFACE_CURVE('',#2277,(#2281,#2288),.PCURVE_S1.);
#2277 = LINE('',#2278,#2279);
#2278 = CARTESIAN_POINT('',(355.6,0.,6.35));
#2279 = VECTOR('',#2280,25.4);
#2280 = DIRECTION('',(-0.,1.,0.));
#2281 = PCURVE('',#2180,#2282);
#2282 = DEFINITIONAL_REPRESENTATION('',(#2283),#2287);
#2283 = LINE('',#2284,#2285);
#2284 = CARTESIAN_POINT('',(355.6,0.));
#2285 = VECTOR('',#2286,1.);
#2286 = DIRECTION('',(0.,1.));
#2287 = ( GEOMETRIC_REPRESENTATION_CONTEXT(2) 
PARAMETRIC_REPRESENTATION_CONTEXT() REPRESENTATION_CONTEXT('2D SPACE',''
  ) );
#2288 = PCURVE('',#2256,#2289);
#2289 = DEFINITIONAL_REPRESENTATION('',(#2290),#2294);
#2290 = LINE('',#2291,#2292);
#2291 = CARTESIAN_POINT('',(6.35,0.));
#2292 = VECTOR('',#2293,1.);
#2293 = DIRECTION('',(0.,-1.));
#2294 = ( GEOMETRIC_REPRESENTATION_CONTEXT(2) 
PARAMETRIC_REPRESENTATION_CONTEXT() REPRESENTATION_CONTEXT('2D SPACE',''
  ) );
#2295 = ORIENTED_EDGE('',*,*,#2296,.F.);
#2296 = EDGE_CURVE('',#2139,#2274,#2297,.T.);
#2297 = SURFACE_CURVE('',#2298,(#2302,#2309),.PCURVE_S1.);
#2298 = LINE('',#2299,#2300);
#2299 = CARTESIAN_POINT('',(0.,381.,6.35));
#2300 = VECTOR('',#2301,25.4);
#2301 = DIRECTION('',(1.,0.,-0.));
#2302 = PCURVE('',#2180,#2303);
#2303 = DEFINITIONAL_REPRESENTATION('',(#2304),#2308);
#2304 = LINE('',#2305,#2306);
#2305 = CARTESIAN_POINT('',(0.,381.));
#2306 = VECTOR('',#2307,1.);
#2307 = DIRECTION('',(1.,0.));
#2308 = ( GEOMETRIC_REPRESENTATION_CONTEXT(2) 
PARAMETRIC_REPRESENTATION_CONTEXT() REPRESENTATION_CONTEXT('2D SPACE',''
  ) );
#2309 = PCURVE('',#2154,#2310);
#2310 = DEFINITIONAL_REPRESENTATION('',(#2311),#2315);
#2311 = LINE('',#2312,#2313);
#2312 = CARTESIAN_POINT('',(6.35,0.));
#2313 = VECTOR('',#2314,1.);
#2314 = DIRECTION('',(0.,1.));
#2315 = ( GEOMETRIC_REPRESENTATION_CONTEXT(2) 
PARAMETRIC_REPRESENTATION_CONTEXT() REPRESENTATION_CONTEXT('2D SPACE',''
  ) );
#2316 = FACE_BOUND('',#2317,.T.);
#2317 = EDGE_LOOP('',(#2318));
#2318 = ORIENTED_EDGE('',*,*,#2319,.F.);
#2319 = EDGE_CURVE('',#2320,#2320,#2322,.T.);
#2320 = VERTEX_POINT('',#2321);
#2321 = CARTESIAN_POINT('',(82.55,25.4,6.35));
#2322 = SURFACE_CURVE('',#2323,(#2328,#2335),.PCURVE_S1.);
#2323 = CIRCLE('',#2324,6.35);
#2324 = AXIS2_PLACEMENT_3D('',#2325,#2326,#2327);
#2325 = CARTESIAN_POINT('',(76.2,25.4,6.35));
#2326 = DIRECTION('',(0.,0.,1.));
#2327 = DIRECTION('',(1.,0.,-0.));
#2328 = PCURVE('',#2180,#2329);
#2329 = DEFINITIONAL_REPRESENTATION('',(#2330),#2334);
#2330 = CIRCLE('',#2331,6.35);
#2331 = AXIS2_PLACEMENT_2D('',#2332,#2333);
#2332 = CARTESIAN_POINT('',(76.2,25.4));
#2333 = DIRECTION('',(1.,0.));
#2334 = ( GEOMETRIC_REPRESENTATION_CONTEXT(2) 
PARAMETRIC_REPRESENTATION_CONTEXT() REPRESENTATION_CONTEXT('2D SPACE',''
  ) );
#2335 = PCURVE('',#2336,#2341);
#2336 = CYLINDRICAL_SURFACE('',#2337,6.35);
#2337 = AXIS2_PLACEMENT_3D('',#2338,#2339,#2340);
#2338 = CARTESIAN_POINT('',(76.2,25.4,-0.254));
#2339 = DIRECTION('',(0.,0.,1.));
#2340 = DIRECTION('',(1.,0.,-0.));
#2341 = DEFINITIONAL_REPRESENTATION('',(#2342),#2346);
#2342 = LINE('',#2343,#2344);
#2343 = CARTESIAN_POINT('',(0.,6.604));
#2344 = VECTOR('',#2345,1.);
#2345 = DIRECTION('',(1.,0.));
#2346 = ( GEOMETRIC_REPRESENTATION_CONTEXT(2) 
PARAMETRIC_REPRESENTATION_CONTEXT() REPRESENTATION_CONTEXT('2D SPACE',''
  ) );
#2347 = FACE_BOUND('',#2348,.T.);
#2348 = EDGE_LOOP('',(#2349));
#2349 = ORIENTED_EDGE('',*,*,#2350,.F.);
#2350 = EDGE_CURVE('',#2351,#2351,#2353,.T.);
#2351 = VERTEX_POINT('',#2352);
#2352 = CARTESIAN_POINT('',(285.75,25.4,6.35));
#2353 = SURFACE_CURVE('',#2354,(#2359,#2366),.PCURVE_S1.);
#2354 = CIRCLE('',#2355,6.35);
#2355 = AXIS2_PLACEMENT_3D('',#2356,#2357,#2358);
#2356 = CARTESIAN_POINT('',(279.4,25.4,6.35));
#2357 = DIRECTION('',(0.,0.,1.));
#2358 = DIRECTION('',(1.,0.,-0.));
#2359 = PCURVE('',#2180,#2360);
#2360 = DEFINITIONAL_REPRESENTATION('',(#2361),#2365);
#2361 = CIRCLE('',#2362,6.35);
#2362 = AXIS2_PLACEMENT_2D('',#2363,#2364);
#2363 = CARTESIAN_POINT('',(279.4,25.4));
#2364 = DIRECTION('',(1.,0.));
#2365 = ( GEOMETRIC_REPRESENTATION_CONTEXT(2) 
PARAMETRIC_REPRESENTATION_CONTEXT() REPRESENTATION_CONTEXT('2D SPACE',''
  ) );
#2366 = PCURVE('',#2367,#2372);
#2367 = CYLINDRICAL_SURFACE('',#2368,6.35);
#2368 = AXIS2_PLACEMENT_3D('',#2369,#2370,#2371);
#2369 = CARTESIAN_POINT('',(279.4,25.4,-0.254));
#2370 = DIRECTION('',(0.,0.,1.));
#2371 = DIRECTION('',(1.,0.,-0.));
#2372 = DEFINITIONAL_REPRESENTATION('',(#2373),#2377);
#2373 = LINE('',#2374,#2375);
#2374 = CARTESIAN_POINT('',(0.,6.604));
#2375 = VECTOR('',#2376,1.);
#2376 = DIRECTION('',(1.,0.));
#2377 = ( GEOMETRIC_REPRESENTATION_CONTEXT(2) 
PARAMETRIC_REPRESENTATION_CONTEXT() REPRESENTATION_CONTEXT('2D SPACE',''
  ) );
#2378 = FACE_BOUND('',#2379,.T.);
#2379 = EDGE_LOOP('',(#2380));
#2380 = ORIENTED_EDGE('',*,*,#2381,.F.);
#2381 = EDGE_CURVE('',#2382,#2382,#2384,.T.);
#2382 = VERTEX_POINT('',#2383);
#2383 = CARTESIAN_POINT('',(63.5,190.5,6.35));
#2384 = SURFACE_CURVE('',#2385,(#2390,#2397),.PCURVE_S1.);
#2385 = CIRCLE('',#2386,12.7);
#2386 = AXIS2_PLACEMENT_3D('',#2387,#2388,#2389);
#2387 = CARTESIAN_POINT('',(50.8,190.5,6.35));
#2388 = DIRECTION('',(0.,0.,1.));
#2389 = DIRECTION('',(1.,0.,-0.));
#2390 = PCURVE('',#2180,#2391);
#2391 = DEFINITIONAL_REPRESENTATION('',(#2392),#2396);
#2392 = CIRCLE('',#2393,12.7);
#2393 = AXIS2_PLACEMENT_2D('',#2394,#2395);
#2394 = CARTESIAN_POINT('',(50.8,190.5));
#2395 = DIRECTION('',(1.,0.));
#2396 = ( GEOMETRIC_REPRESENTATION_CONTEXT(2) 
PARAMETRIC_REPRESENTATION_CONTEXT() REPRESENTATION_CONTEXT('2D SPACE',''
  ) );
#2397 = PCURVE('',#2398,#2403);
#2398 = CYLINDRICAL_SURFACE('',#2399,12.7);
#2399 = AXIS2_PLACEMENT_3D('',#2400,#2401,#2402);
#2400 = CARTESIAN_POINT('',(50.8,190.5,-0.254));
#2401 = DIRECTION('',(0.,0.,1.));
#2402 = DIRECTION('',(1.,0.,-0.));
#2403 = DEFINITIONAL_REPRESENTATION('',(#2404),#2408);
#2404 = LINE('',#2405,#2406);
#2405 = CARTESIAN_POINT('',(0.,6.604));
#2406 = VECTOR('',#2407,1.);
#2407 = DIRECTION('',(1.,0.));
#2408 = ( GEOMETRIC_REPRESENTATION_CONTEXT(2) 
PARAMETRIC_REPRESENTATION_CONTEXT() REPRESENTATION_CONTEXT('2D SPACE',''
  ) );
#2409 = FACE_BOUND('',#2410,.T.);
#2410 = EDGE_LOOP('',(#2411,#2439,#2465,#2491));
#2411 = ORIENTED_EDGE('',*,*,#2412,.T.);
#2412 = EDGE_CURVE('',#2413,#2415,#2417,.T.);
#2413 = VERTEX_POINT('',#2414);
#2414 = CARTESIAN_POINT('',(190.5,80.01,6.35));
#2415 = VERTEX_POINT('',#2416);
#2416 = CARTESIAN_POINT('',(165.1,80.01,6.35));
#2417 = SURFACE_CURVE('',#2418,(#2422,#2428),.PCURVE_S1.);
#2418 = LINE('',#2419,#2420);
#2419 = CARTESIAN_POINT('',(82.55,80.01,6.35));
#2420 = VECTOR('',#2421,25.4);
#2421 = DIRECTION('',(-1.,-0.,0.));
#2422 = PCURVE('',#2180,#2423);
#2423 = DEFINITIONAL_REPRESENTATION('',(#2424),#2427);
#2424 = B_SPLINE_CURVE_WITH_KNOTS('',1,(#2425,#2426),.UNSPECIFIED.,.F.,
  .F.,(2,2),(-4.25,-3.25),.PIECEWISE_BEZIER_KNOTS.);
#2425 = CARTESIAN_POINT('',(190.5,80.01));
#2426 = CARTESIAN_POINT('',(165.1,80.01));
#2427 = ( GEOMETRIC_REPRESENTATION_CONTEXT(2) 
PARAMETRIC_REPRESENTATION_CONTEXT() REPRESENTATION_CONTEXT('2D SPACE',''
  ) );
#2428 = PCURVE('',#2429,#2434);
#2429 = PLANE('',#2430);
#2430 = AXIS2_PLACEMENT_3D('',#2431,#2432,#2433);
#2431 = CARTESIAN_POINT('',(165.1,80.01,-0.254));
#2432 = DIRECTION('',(-0.,1.,0.));
#2433 = DIRECTION('',(0.,0.,1.));
#2434 = DEFINITIONAL_REPRESENTATION('',(#2435),#2438);
#2435 = B_SPLINE_CURVE_WITH_KNOTS('',1,(#2436,#2437),.UNSPECIFIED.,.F.,
  .F.,(2,2),(-4.25,-3.25),.PIECEWISE_BEZIER_KNOTS.);
#2436 = CARTESIAN_POINT('',(6.604,25.4));
#2437 = CARTESIAN_POINT('',(6.604,0.));
#2438 = ( GEOMETRIC_REPRESENTATION_CONTEXT(2) 
PARAMETRIC_REPRESENTATION_CONTEXT() REPRESENTATION_CONTEXT('2D SPACE',''
  ) );
#2439 = ORIENTED_EDGE('',*,*,#2440,.T.);
#2440 = EDGE_CURVE('',#2415,#2441,#2443,.T.);
#2441 = VERTEX_POINT('',#2442);
#2442 = CARTESIAN_POINT('',(165.1,283.21,6.35));
#2443 = SURFACE_CURVE('',#2444,(#2448,#2454),.PCURVE_S1.);
#2444 = LINE('',#2445,#2446);
#2445 = CARTESIAN_POINT('',(165.1,40.005,6.35));
#2446 = VECTOR('',#2447,25.4);
#2447 = DIRECTION('',(-0.,1.,0.));
#2448 = PCURVE('',#2180,#2449);
#2449 = DEFINITIONAL_REPRESENTATION('',(#2450),#2453);
#2450 = B_SPLINE_CURVE_WITH_KNOTS('',1,(#2451,#2452),.UNSPECIFIED.,.F.,
  .F.,(2,2),(1.575,9.575),.PIECEWISE_BEZIER_KNOTS.);
#2451 = CARTESIAN_POINT('',(165.1,80.01));
#2452 = CARTESIAN_POINT('',(165.1,283.21));
#2453 = ( GEOMETRIC_REPRESENTATION_CONTEXT(2) 
PARAMETRIC_REPRESENTATION_CONTEXT() REPRESENTATION_CONTEXT('2D SPACE',''
  ) );
#2454 = PCURVE('',#2455,#2460);
#2455 = PLANE('',#2456);
#2456 = AXIS2_PLACEMENT_3D('',#2457,#2458,#2459);
#2457 = CARTESIAN_POINT('',(165.1,80.01,-0.254));
#2458 = DIRECTION('',(1.,0.,-0.));
#2459 = DIRECTION('',(0.,0.,1.));
#2460 = DEFINITIONAL_REPRESENTATION('',(#2461),#2464);
#2461 = B_SPLINE_CURVE_WITH_KNOTS('',1,(#2462,#2463),.UNSPECIFIED.,.F.,
  .F.,(2,2),(1.575,9.575),.PIECEWISE_BEZIER_KNOTS.);
#2462 = CARTESIAN_POINT('',(6.604,0.));
#2463 = CARTESIAN_POINT('',(6.604,-203.2));
#2464 = ( GEOMETRIC_REPRESENTATION_CONTEXT(2) 
PARAMETRIC_REPRESENTATION_CONTEXT() REPRESENTATION_CONTEXT('2D SPACE',''
  ) );
#2465 = ORIENTED_EDGE('',*,*,#2466,.F.);
#2466 = EDGE_CURVE('',#2467,#2441,#2469,.T.);
#2467 = VERTEX_POINT('',#2468);
#2468 = CARTESIAN_POINT('',(190.5,283.21,6.35));
#2469 = SURFACE_CURVE('',#2470,(#2474,#2480),.PCURVE_S1.);
#2470 = LINE('',#2471,#2472);
#2471 = CARTESIAN_POINT('',(82.55,283.21,6.35));
#2472 = VECTOR('',#2473,25.4);
#2473 = DIRECTION('',(-1.,-0.,0.));
#2474 = PCURVE('',#2180,#2475);
#2475 = DEFINITIONAL_REPRESENTATION('',(#2476),#2479);
#2476 = B_SPLINE_CURVE_WITH_KNOTS('',1,(#2477,#2478),.UNSPECIFIED.,.F.,
  .F.,(2,2),(-4.25,-3.25),.PIECEWISE_BEZIER_KNOTS.);
#2477 = CARTESIAN_POINT('',(190.5,283.21));
#2478 = CARTESIAN_POINT('',(165.1,283.21));
#2479 = ( GEOMETRIC_REPRESENTATION_CONTEXT(2) 
PARAMETRIC_REPRESENTATION_CONTEXT() REPRESENTATION_CONTEXT('2D SPACE',''
  ) );
#2480 = PCURVE('',#2481,#2486);
#2481 = PLANE('',#2482);
#2482 = AXIS2_PLACEMENT_3D('',#2483,#2484,#2485);
#2483 = CARTESIAN_POINT('',(165.1,283.21,-0.254));
#2484 = DIRECTION('',(-0.,1.,0.));
#2485 = DIRECTION('',(0.,0.,1.));
#2486 = DEFINITIONAL_REPRESENTATION('',(#2487),#2490);
#2487 = B_SPLINE_CURVE_WITH_KNOTS('',1,(#2488,#2489),.UNSPECIFIED.,.F.,
  .F.,(2,2),(-4.25,-3.25),.PIECEWISE_BEZIER_KNOTS.);
#2488 = CARTESIAN_POINT('',(6.604,25.4));
#2489 = CARTESIAN_POINT('',(6.604,0.));
#2490 = ( GEOMETRIC_REPRESENTATION_CONTEXT(2) 
PARAMETRIC_REPRESENTATION_CONTEXT() REPRESENTATION_CONTEXT('2D SPACE',''
  ) );
#2491 = ORIENTED_EDGE('',*,*,#2492,.F.);
#2492 = EDGE_CURVE('',#2413,#2467,#2493,.T.);
#2493 = SURFACE_CURVE('',#2494,(#2498,#2504),.PCURVE_S1.);
#2494 = LINE('',#2495,#2496);
#2495 = CARTESIAN_POINT('',(190.5,40.005,6.35));
#2496 = VECTOR('',#2497,25.4);
#2497 = DIRECTION('',(-0.,1.,0.));
#2498 = PCURVE('',#2180,#2499);
#2499 = DEFINITIONAL_REPRESENTATION('',(#2500),#2503);
#2500 = B_SPLINE_CURVE_WITH_KNOTS('',1,(#2501,#2502),.UNSPECIFIED.,.F.,
  .F.,(2,2),(1.575,9.575),.PIECEWISE_BEZIER_KNOTS.);
#2501 = CARTESIAN_POINT('',(190.5,80.01));
#2502 = CARTESIAN_POINT('',(190.5,283.21));
#2503 = ( GEOMETRIC_REPRESENTATION_CONTEXT(2) 
PARAMETRIC_REPRESENTATION_CONTEXT() REPRESENTATION_CONTEXT('2D SPACE',''
  ) );
#2504 = PCURVE('',#2505,#2510);
#2505 = PLANE('',#2506);
#2506 = AXIS2_PLACEMENT_3D('',#2507,#2508,#2509);
#2507 = CARTESIAN_POINT('',(190.5,80.01,-0.254));
#2508 = DIRECTION('',(1.,0.,-0.));
#2509 = DIRECTION('',(0.,0.,1.));
#2510 = DEFINITIONAL_REPRESENTATION('',(#2511),#2514);
#2511 = B_SPLINE_CURVE_WITH_KNOTS('',1,(#2512,#2513),.UNSPECIFIED.,.F.,
  .F.,(2,2),(1.575,9.575),.PIECEWISE_BEZIER_KNOTS.);
#2512 = CARTESIAN_POINT('',(6.604,0.));
#2513 = CARTESIAN_POINT('',(6.604,-203.2));
#2514 = ( GEOMETRIC_REPRESENTATION_CONTEXT(2) 
PARAMETRIC_REPRESENTATION_CONTEXT() REPRESENTATION_CONTEXT('2D SPACE',''
  ) );
#2515 = ADVANCED_FACE('',(#2516),#2154,.T.);
#2516 = FACE_BOUND('',#2517,.T.);
#2517 = EDGE_LOOP('',(#2518,#2541,#2542,#2543));
#2518 = ORIENTED_EDGE('',*,*,#2519,.F.);
#2519 = EDGE_CURVE('',#2111,#2520,#2522,.T.);
#2520 = VERTEX_POINT('',#2521);
#2521 = CARTESIAN_POINT('',(355.6,381.,0.));
#2522 = SURFACE_CURVE('',#2523,(#2527,#2534),.PCURVE_S1.);
#2523 = LINE('',#2524,#2525);
#2524 = CARTESIAN_POINT('',(0.,381.,0.));
#2525 = VECTOR('',#2526,25.4);
#2526 = DIRECTION('',(1.,0.,-0.));
#2527 = PCURVE('',#2154,#2528);
#2528 = DEFINITIONAL_REPRESENTATION('',(#2529),#2533);
#2529 = LINE('',#2530,#2531);
#2530 = CARTESIAN_POINT('',(0.,0.));
#2531 = VECTOR('',#2532,1.);
#2532 = DIRECTION('',(0.,1.));
#2533 = ( GEOMETRIC_REPRESENTATION_CONTEXT(2) 
PARAMETRIC_REPRESENTATION_CONTEXT() REPRESENTATION_CONTEXT('2D SPACE',''
  ) );
#2534 = PCURVE('',#2126,#2535);
#2535 = DEFINITIONAL_REPRESENTATION('',(#2536),#2540);
#2536 = LINE('',#2537,#2538);
#2537 = CARTESIAN_POINT('',(0.,381.));
#2538 = VECTOR('',#2539,1.);
#2539 = DIRECTION('',(1.,0.));
#2540 = ( GEOMETRIC_REPRESENTATION_CONTEXT(2) 
PARAMETRIC_REPRESENTATION_CONTEXT() REPRESENTATION_CONTEXT('2D SPACE',''
  ) );
#2541 = ORIENTED_EDGE('',*,*,#2138,.T.);
#2542 = ORIENTED_EDGE('',*,*,#2296,.T.);
#2543 = ORIENTED_EDGE('',*,*,#2544,.F.);
#2544 = EDGE_CURVE('',#2520,#2274,#2545,.T.);
#2545 = SURFACE_CURVE('',#2546,(#2550,#2557),.PCURVE_S1.);
#2546 = LINE('',#2547,#2548);
#2547 = CARTESIAN_POINT('',(355.6,381.,0.));
#2548 = VECTOR('',#2549,25.4);
#2549 = DIRECTION('',(0.,0.,1.));
#2550 = PCURVE('',#2154,#2551);
#2551 = DEFINITIONAL_REPRESENTATION('',(#2552),#2556);
#2552 = LINE('',#2553,#2554);
#2553 = CARTESIAN_POINT('',(0.,355.6));
#2554 = VECTOR('',#2555,1.);
#2555 = DIRECTION('',(1.,0.));
#2556 = ( GEOMETRIC_REPRESENTATION_CONTEXT(2) 
PARAMETRIC_REPRESENTATION_CONTEXT() REPRESENTATION_CONTEXT('2D SPACE',''
  ) );
#2557 = PCURVE('',#2256,#2558);
#2558 = DEFINITIONAL_REPRESENTATION('',(#2559),#2563);
#2559 = LINE('',#2560,#2561);
#2560 = CARTESIAN_POINT('',(0.,-381.));
#2561 = VECTOR('',#2562,1.);
#2562 = DIRECTION('',(1.,0.));
#2563 = ( GEOMETRIC_REPRESENTATION_CONTEXT(2) 
PARAMETRIC_REPRESENTATION_CONTEXT() REPRESENTATION_CONTEXT('2D SPACE',''
  ) );
#2564 = ADVANCED_FACE('',(#2565,#2591,#2617,#2643,#2669),#2126,.F.);
#2565 = FACE_BOUND('',#2566,.F.);
#2566 = EDGE_LOOP('',(#2567,#2568,#2569,#2590));
#2567 = ORIENTED_EDGE('',*,*,#2110,.F.);
#2568 = ORIENTED_EDGE('',*,*,#2195,.T.);
#2569 = ORIENTED_EDGE('',*,*,#2570,.T.);
#2570 = EDGE_CURVE('',#2196,#2520,#2571,.T.);
#2571 = SURFACE_CURVE('',#2572,(#2576,#2583),.PCURVE_S1.);
#2572 = LINE('',#2573,#2574);
#2573 = CARTESIAN_POINT('',(355.6,0.,0.));
#2574 = VECTOR('',#2575,25.4);
#2575 = DIRECTION('',(-0.,1.,0.));
#2576 = PCURVE('',#2126,#2577);
#2577 = DEFINITIONAL_REPRESENTATION('',(#2578),#2582);
#2578 = LINE('',#2579,#2580);
#2579 = CARTESIAN_POINT('',(355.6,0.));
#2580 = VECTOR('',#2581,1.);
#2581 = DIRECTION('',(0.,1.));
#2582 = ( GEOMETRIC_REPRESENTATION_CONTEXT(2) 
PARAMETRIC_REPRESENTATION_CONTEXT() REPRESENTATION_CONTEXT('2D SPACE',''
  ) );
#2583 = PCURVE('',#2256,#2584);
#2584 = DEFINITIONAL_REPRESENTATION('',(#2585),#2589);
#2585 = LINE('',#2586,#2587);
#2586 = CARTESIAN_POINT('',(0.,0.));
#2587 = VECTOR('',#2588,1.);
#2588 = DIRECTION('',(0.,-1.));
#2589 = ( GEOMETRIC_REPRESENTATION_CONTEXT(2) 
PARAMETRIC_REPRESENTATION_CONTEXT() REPRESENTATION_CONTEXT('2D SPACE',''
  ) );
#2590 = ORIENTED_EDGE('',*,*,#2519,.F.);
#2591 = FACE_BOUND('',#2592,.F.);
#2592 = EDGE_LOOP('',(#2593));
#2593 = ORIENTED_EDGE('',*,*,#2594,.F.);
#2594 = EDGE_CURVE('',#2595,#2595,#2597,.T.);
#2595 = VERTEX_POINT('',#2596);
#2596 = CARTESIAN_POINT('',(82.55,25.4,0.));
#2597 = SURFACE_CURVE('',#2598,(#2603,#2610),.PCURVE_S1.);
#2598 = CIRCLE('',#2599,6.35);
#2599 = AXIS2_PLACEMENT_3D('',#2600,#2601,#2602);
#2600 = CARTESIAN_POINT('',(76.2,25.4,0.));
#2601 = DIRECTION('',(0.,0.,1.));
#2602 = DIRECTION('',(1.,0.,-0.));
#2603 = PCURVE('',#2126,#2604);
#2604 = DEFINITIONAL_REPRESENTATION('',(#2605),#2609);
#2605 = CIRCLE('',#2606,6.35);
#2606 = AXIS2_PLACEMENT_2D('',#2607,#2608);
#2607 = CARTESIAN_POINT('',(76.2,25.4));
#2608 = DIRECTION('',(1.,0.));
#2609 = ( GEOMETRIC_REPRESENTATION_CONTEXT(2) 
PARAMETRIC_REPRESENTATION_CONTEXT() REPRESENTATION_CONTEXT('2D SPACE',''
  ) );
#2610 = PCURVE('',#2336,#2611);
#2611 = DEFINITIONAL_REPRESENTATION('',(#2612),#2616);
#2612 = LINE('',#2613,#2614);
#2613 = CARTESIAN_POINT('',(0.,0.254));
#2614 = VECTOR('',#2615,1.);
#2615 = DIRECTION('',(1.,0.));
#2616 = ( GEOMETRIC_REPRESENTATION_CONTEXT(2) 
PARAMETRIC_REPRESENTATION_CONTEXT() REPRESENTATION_CONTEXT('2D SPACE',''
  ) );
#2617 = FACE_BOUND('',#2618,.F.);
#2618 = EDGE_LOOP('',(#2619));
#2619 = ORIENTED_EDGE('',*,*,#2620,.F.);
#2620 = EDGE_CURVE('',#2621,#2621,#2623,.T.);
#2621 = VERTEX_POINT('',#2622);
#2622 = CARTESIAN_POINT('',(285.75,25.4,0.));
#2623 = SURFACE_CURVE('',#2624,(#2629,#2636),.PCURVE_S1.);
#2624 = CIRCLE('',#2625,6.35);
#2625 = AXIS2_PLACEMENT_3D('',#2626,#2627,#2628);
#2626 = CARTESIAN_POINT('',(279.4,25.4,0.));
#2627 = DIRECTION('',(0.,0.,1.));
#2628 = DIRECTION('',(1.,0.,-0.));
#2629 = PCURVE('',#2126,#2630);
#2630 = DEFINITIONAL_REPRESENTATION('',(#2631),#2635);
#2631 = CIRCLE('',#2632,6.35);
#2632 = AXIS2_PLACEMENT_2D('',#2633,#2634);
#2633 = CARTESIAN_POINT('',(279.4,25.4));
#2634 = DIRECTION('',(1.,0.));
#2635 = ( GEOMETRIC_REPRESENTATION_CONTEXT(2) 
PARAMETRIC_REPRESENTATION_CONTEXT() REPRESENTATION_CONTEXT('2D SPACE',''
  ) );
#2636 = PCURVE('',#2367,#2637);
#2637 = DEFINITIONAL_REPRESENTATION('',(#2638),#2642);
#2638 = LINE('',#2639,#2640);
#2639 = CARTESIAN_POINT('',(0.,0.254));
#2640 = VECTOR('',#2641,1.);
#2641 = DIRECTION('',(1.,0.));
#2642 = ( GEOMETRIC_REPRESENTATION_CONTEXT(2) 
PARAMETRIC_REPRESENTATION_CONTEXT() REPRESENTATION_CONTEXT('2D SPACE',''
  ) );
#2643 = FACE_BOUND('',#2644,.F.);
#2644 = EDGE_LOOP('',(#2645));
#2645 = ORIENTED_EDGE('',*,*,#2646,.F.);
#2646 = EDGE_CURVE('',#2647,#2647,#2649,.T.);
#2647 = VERTEX_POINT('',#2648);
#2648 = CARTESIAN_POINT('',(63.5,190.5,0.));
#2649 = SURFACE_CURVE('',#2650,(#2655,#2662),.PCURVE_S1.);
#2650 = CIRCLE('',#2651,12.7);
#2651 = AXIS2_PLACEMENT_3D('',#2652,#2653,#2654);
#2652 = CARTESIAN_POINT('',(50.8,190.5,0.));
#2653 = DIRECTION('',(0.,0.,1.));
#2654 = DIRECTION('',(1.,0.,-0.));
#2655 = PCURVE('',#2126,#2656);
#2656 = DEFINITIONAL_REPRESENTATION('',(#2657),#2661);
#2657 = CIRCLE('',#2658,12.7);
#2658 = AXIS2_PLACEMENT_2D('',#2659,#2660);
#2659 = CARTESIAN_POINT('',(50.8,190.5));
#2660 = DIRECTION('',(1.,0.));
#2661 = ( GEOMETRIC_REPRESENTATION_CONTEXT(2) 
PARAMETRIC_REPRESENTATION_CONTEXT() REPRESENTATION_CONTEXT('2D SPACE',''
  ) );
#2662 = PCURVE('',#2398,#2663);
#2663 = DEFINITIONAL_REPRESENTATION('',(#2664),#2668);
#2664 = LINE('',#2665,#2666);
#2665 = CARTESIAN_POINT('',(0.,0.254));
#2666 = VECTOR('',#2667,1.);
#2667 = DIRECTION('',(1.,0.));
#2668 = ( GEOMETRIC_REPRESENTATION_CONTEXT(2) 
PARAMETRIC_REPRESENTATION_CONTEXT() REPRESENTATION_CONTEXT('2D SPACE',''
  ) );
#2669 = FACE_BOUND('',#2670,.F.);
#2670 = EDGE_LOOP('',(#2671,#2694,#2715,#2736));
#2671 = ORIENTED_EDGE('',*,*,#2672,.T.);
#2672 = EDGE_CURVE('',#2673,#2675,#2677,.T.);
#2673 = VERTEX_POINT('',#2674);
#2674 = CARTESIAN_POINT('',(190.5,80.01,0.));
#2675 = VERTEX_POINT('',#2676);
#2676 = CARTESIAN_POINT('',(165.1,80.01,0.));
#2677 = SURFACE_CURVE('',#2678,(#2682,#2688),.PCURVE_S1.);
#2678 = LINE('',#2679,#2680);
#2679 = CARTESIAN_POINT('',(82.55,80.01,0.));
#2680 = VECTOR('',#2681,25.4);
#2681 = DIRECTION('',(-1.,-0.,0.));
#2682 = PCURVE('',#2126,#2683);
#2683 = DEFINITIONAL_REPRESENTATION('',(#2684),#2687);
#2684 = B_SPLINE_CURVE_WITH_KNOTS('',1,(#2685,#2686),.UNSPECIFIED.,.F.,
  .F.,(2,2),(-4.25,-3.25),.PIECEWISE_BEZIER_KNOTS.);
#2685 = CARTESIAN_POINT('',(190.5,80.01));
#2686 = CARTESIAN_POINT('',(165.1,80.01));
#2687 = ( GEOMETRIC_REPRESENTATION_CONTEXT(2) 
PARAMETRIC_REPRESENTATION_CONTEXT() REPRESENTATION_CONTEXT('2D SPACE',''
  ) );
#2688 = PCURVE('',#2429,#2689);
#2689 = DEFINITIONAL_REPRESENTATION('',(#2690),#2693);
#2690 = B_SPLINE_CURVE_WITH_KNOTS('',1,(#2691,#2692),.UNSPECIFIED.,.F.,
  .F.,(2,2),(-4.25,-3.25),.PIECEWISE_BEZIER_KNOTS.);
#2691 = CARTESIAN_POINT('',(0.254,25.4));
#2692 = CARTESIAN_POINT('',(0.254,0.));
#2693 = ( GEOMETRIC_REPRESENTATION_CONTEXT(2) 
PARAMETRIC_REPRESENTATION_CONTEXT() REPRESENTATION_CONTEXT('2D SPACE',''
  ) );
#2694 = ORIENTED_EDGE('',*,*,#2695,.T.);
#2695 = EDGE_CURVE('',#2675,#2696,#2698,.T.);
#2696 = VERTEX_POINT('',#2697);
#2697 = CARTESIAN_POINT('',(165.1,283.21,0.));
#2698 = SURFACE_CURVE('',#2699,(#2703,#2709),.PCURVE_S1.);
#2699 = LINE('',#2700,#2701);
#2700 = CARTESIAN_POINT('',(165.1,40.005,0.));
#2701 = VECTOR('',#2702,25.4);
#2702 = DIRECTION('',(-0.,1.,0.));
#2703 = PCURVE('',#2126,#2704);
#2704 = DEFINITIONAL_REPRESENTATION('',(#2705),#2708);
#2705 = B_SPLINE_CURVE_WITH_KNOTS('',1,(#2706,#2707),.UNSPECIFIED.,.F.,
  .F.,(2,2),(1.575,9.575),.PIECEWISE_BEZIER_KNOTS.);
#2706 = CARTESIAN_POINT('',(165.1,80.01));
#2707 = CARTESIAN_POINT('',(165.1,283.21));
#2708 = ( GEOMETRIC_REPRESENTATION_CONTEXT(2) 
PARAMETRIC_REPRESENTATION_CONTEXT() REPRESENTATION_CONTEXT('2D SPACE',''
  ) );
#2709 = PCURVE('',#2455,#2710);
#2710 = DEFINITIONAL_REPRESENTATION('',(#2711),#2714);
#2711 = B_SPLINE_CURVE_WITH_KNOTS('',1,(#2712,#2713),.UNSPECIFIED.,.F.,
  .F.,(2,2),(1.575,9.575),.PIECEWISE_BEZIER_KNOTS.);
#2712 = CARTESIAN_POINT('',(0.254,0.));
#2713 = CARTESIAN_POINT('',(0.254,-203.2));
#2714 = ( GEOMETRIC_REPRESENTATION_CONTEXT(2) 
PARAMETRIC_REPRESENTATION_CONTEXT() REPRESENTATION_CONTEXT('2D SPACE',''
  ) );
#2715 = ORIENTED_EDGE('',*,*,#2716,.F.);
#2716 = EDGE_CURVE('',#2717,#2696,#2719,.T.);
#2717 = VERTEX_POINT('',#2718);
#2718 = CARTESIAN_POINT('',(190.5,283.21,0.));
#2719 = SURFACE_CURVE('',#2720,(#2724,#2730),.PCURVE_S1.);
#2720 = LINE('',#2721,#2722);
#2721 = CARTESIAN_POINT('',(82.55,283.21,0.));
#2722 = VECTOR('',#2723,25.4);
#2723 = DIRECTION('',(-1.,-0.,0.));
#2724 = PCURVE('',#2126,#2725);
#2725 = DEFINITIONAL_REPRESENTATION('',(#2726),#2729);
#2726 = B_SPLINE_CURVE_WITH_KNOTS('',1,(#2727,#2728),.UNSPECIFIED.,.F.,
  .F.,(2,2),(-4.25,-3.25),.PIECEWISE_BEZIER_KNOTS.);
#2727 = CARTESIAN_POINT('',(190.5,283.21));
#2728 = CARTESIAN_POINT('',(165.1,283.21));
#2729 = ( GEOMETRIC_REPRESENTATION_CONTEXT(2) 
PARAMETRIC_REPRESENTATION_CONTEXT() REPRESENTATION_CONTEXT('2D SPACE',''
  ) );
#2730 = PCURVE('',#2481,#2731);
#2731 = DEFINITIONAL_REPRESENTATION('',(#2732),#2735);
#2732 = B_SPLINE_CURVE_WITH_KNOTS('',1,(#2733,#2734),.UNSPECIFIED.,.F.,
  .F.,(2,2),(-4.25,-3.25),.PIECEWISE_BEZIER_KNOTS.);
#2733 = CARTESIAN_POINT('',(0.254,25.4));
#2734 = CARTESIAN_POINT('',(0.254,0.));
#2735 = ( GEOMETRIC_REPRESENTATION_CONTEXT(2) 
PARAMETRIC_REPRESENTATION_CONTEXT() REPRESENTATION_CONTEXT('2D SPACE',''
  ) );
#2736 = ORIENTED_EDGE('',*,*,#2737,.F.);
#2737 = EDGE_CURVE('',#2673,#2717,#2738,.T.);
#2738 = SURFACE_CURVE('',#2739,(#2743,#2749),.PCURVE_S1.);
#2739 = LINE('',#2740,#2741);
#2740 = CARTESIAN_POINT('',(190.5,40.005,0.));
#2741 = VECTOR('',#2742,25.4);
#2742 = DIRECTION('',(-0.,1.,0.));
#2743 = PCURVE('',#2126,#2744);
#2744 = DEFINITIONAL_REPRESENTATION('',(#2745),#2748);
#2745 = B_SPLINE_CURVE_WITH_KNOTS('',1,(#2746,#2747),.UNSPECIFIED.,.F.,
  .F.,(2,2),(1.575,9.575),.PIECEWISE_BEZIER_KNOTS.);
#2746 = CARTESIAN_POINT('',(190.5,80.01));
#2747 = CARTESIAN_POINT('',(190.5,283.21));
#2748 = ( GEOMETRIC_REPRESENTATION_CONTEXT(2) 
PARAMETRIC_REPRESENTATION_CONTEXT() REPRESENTATION_CONTEXT('2D SPACE',''
  ) );
#2749 = PCURVE('',#2505,#2750);
#2750 = DEFINITIONAL_REPRESENTATION('',(#2751),#2754);
#2751 = B_SPLINE_CURVE_WITH_KNOTS('',1,(#2752,#2753),.UNSPECIFIED.,.F.,
  .F.,(2,2),(1.575,9.575),.PIECEWISE_BEZIER_KNOTS.);
#2752 = CARTESIAN_POINT('',(0.254,0.));
#2753 = CARTESIAN_POINT('',(0.254,-203.2));
#2754 = ( GEOMETRIC_REPRESENTATION_CONTEXT(2) 
PARAMETRIC_REPRESENTATION_CONTEXT() REPRESENTATION_CONTEXT('2D SPACE',''
  ) );
#2755 = ADVANCED_FACE('',(#2756),#2256,.T.);
#2756 = FACE_BOUND('',#2757,.T.);
#2757 = EDGE_LOOP('',(#2758,#2759,#2760,#2761));
#2758 = ORIENTED_EDGE('',*,*,#2242,.F.);
#2759 = ORIENTED_EDGE('',*,*,#2570,.T.);
#2760 = ORIENTED_EDGE('',*,*,#2544,.T.);
#2761 = ORIENTED_EDGE('',*,*,#2273,.F.);
#2762 = ADVANCED_FACE('',(#2763),#2336,.F.);
#2763 = FACE_BOUND('',#2764,.F.);
#2764 = EDGE_LOOP('',(#2765,#2766,#2787,#2788));
#2765 = ORIENTED_EDGE('',*,*,#2319,.F.);
#2766 = ORIENTED_EDGE('',*,*,#2767,.F.);
#2767 = EDGE_CURVE('',#2595,#2320,#2768,.T.);
#2768 = SEAM_CURVE('',#2769,(#2773,#2780),.PCURVE_S1.);
#2769 = LINE('',#2770,#2771);
#2770 = CARTESIAN_POINT('',(82.55,25.4,-0.254));
#2771 = VECTOR('',#2772,25.4);
#2772 = DIRECTION('',(0.,0.,1.));
#2773 = PCURVE('',#2336,#2774);
#2774 = DEFINITIONAL_REPRESENTATION('',(#2775),#2779);
#2775 = LINE('',#2776,#2777);
#2776 = CARTESIAN_POINT('',(6.28318530718,-0.));
#2777 = VECTOR('',#2778,1.);
#2778 = DIRECTION('',(0.,1.));
#2779 = ( GEOMETRIC_REPRESENTATION_CONTEXT(2) 
PARAMETRIC_REPRESENTATION_CONTEXT() REPRESENTATION_CONTEXT('2D SPACE',''
  ) );
#2780 = PCURVE('',#2336,#2781);
#2781 = DEFINITIONAL_REPRESENTATION('',(#2782),#2786);
#2782 = LINE('',#2783,#2784);
#2783 = CARTESIAN_POINT('',(0.,-0.));
#2784 = VECTOR('',#2785,1.);
#2785 = DIRECTION('',(0.,1.));
#2786 = ( GEOMETRIC_REPRESENTATION_CONTEXT(2) 
PARAMETRIC_REPRESENTATION_CONTEXT() REPRESENTATION_CONTEXT('2D SPACE',''
  ) );
#2787 = ORIENTED_EDGE('',*,*,#2594,.T.);
#2788 = ORIENTED_EDGE('',*,*,#2767,.T.);
#2789 = ADVANCED_FACE('',(#2790),#2367,.F.);
#2790 = FACE_BOUND('',#2791,.F.);
#2791 = EDGE_LOOP('',(#2792,#2793,#2814,#2815));
#2792 = ORIENTED_EDGE('',*,*,#2350,.F.);
#2793 = ORIENTED_EDGE('',*,*,#2794,.F.);
#2794 = EDGE_CURVE('',#2621,#2351,#2795,.T.);
#2795 = SEAM_CURVE('',#2796,(#2800,#2807),.PCURVE_S1.);
#2796 = LINE('',#2797,#2798);
#2797 = CARTESIAN_POINT('',(285.75,25.4,-0.254));
#2798 = VECTOR('',#2799,25.4);
#2799 = DIRECTION('',(0.,0.,1.));
#2800 = PCURVE('',#2367,#2801);
#2801 = DEFINITIONAL_REPRESENTATION('',(#2802),#2806);
#2802 = LINE('',#2803,#2804);
#2803 = CARTESIAN_POINT('',(6.28318530718,-0.));
#2804 = VECTOR('',#2805,1.);
#2805 = DIRECTION('',(0.,1.));
#2806 = ( GEOMETRIC_REPRESENTATION_CONTEXT(2) 
PARAMETRIC_REPRESENTATION_CONTEXT() REPRESENTATION_CONTEXT('2D SPACE',''
  ) );
#2807 = PCURVE('',#2367,#2808);
#2808 = DEFINITIONAL_REPRESENTATION('',(#2809),#2813);
#2809 = LINE('',#2810,#2811);
#2810 = CARTESIAN_POINT('',(0.,-0.));
#2811 = VECTOR('',#2812,1.);
#2812 = DIRECTION('',(0.,1.));
#2813 = ( GEOMETRIC_REPRESENTATION_CONTEXT(2) 
PARAMETRIC_REPRESENTATION_CONTEXT() REPRESENTATION_CONTEXT('2D SPACE',''
  ) );
#2814 = ORIENTED_EDGE('',*,*,#2620,.T.);
#2815 = ORIENTED_EDGE('',*,*,#2794,.T.);
#2816 = ADVANCED_FACE('',(#2817),#2398,.F.);
#2817 = FACE_BOUND('',#2818,.F.);
#2818 = EDGE_LOOP('',(#2819,#2820,#2841,#2842));
#2819 = ORIENTED_EDGE('',*,*,#2381,.F.);
#2820 = ORIENTED_EDGE('',*,*,#2821,.F.);
#2821 = EDGE_CURVE('',#2647,#2382,#2822,.T.);
#2822 = SEAM_CURVE('',#2823,(#2827,#2834),.PCURVE_S1.);
#2823 = LINE('',#2824,#2825);
#2824 = CARTESIAN_POINT('',(63.5,190.5,-0.254));
#2825 = VECTOR('',#2826,25.4);
#2826 = DIRECTION('',(0.,0.,1.));
#2827 = PCURVE('',#2398,#2828);
#2828 = DEFINITIONAL_REPRESENTATION('',(#2829),#2833);
#2829 = LINE('',#2830,#2831);
#2830 = CARTESIAN_POINT('',(6.28318530718,-0.));
#2831 = VECTOR('',#2832,1.);
#2832 = DIRECTION('',(0.,1.));
#2833 = ( GEOMETRIC_REPRESENTATION_CONTEXT(2) 
PARAMETRIC_REPRESENTATION_CONTEXT() REPRESENTATION_CONTEXT('2D SPACE',''
  ) );
#2834 = PCURVE('',#2398,#2835);
#2835 = DEFINITIONAL_REPRESENTATION('',(#2836),#2840);
#2836 = LINE('',#2837,#2838);
#2837 = CARTESIAN_POINT('',(0.,-0.));
#2838 = VECTOR('',#2839,1.);
#2839 = DIRECTION('',(0.,1.));
#2840 = ( GEOMETRIC_REPRESENTATION_CONTEXT(2) 
PARAMETRIC_REPRESENTATION_CONTEXT() REPRESENTATION_CONTEXT('2D SPACE',''
  ) );
#2841 = ORIENTED_EDGE('',*,*,#2646,.T.);
#2842 = ORIENTED_EDGE('',*,*,#2821,.T.);
#2843 = ADVANCED_FACE('',(#2844),#2429,.T.);
#2844 = FACE_BOUND('',#2845,.T.);
#2845 = EDGE_LOOP('',(#2846,#2867,#2868,#2889));
#2846 = ORIENTED_EDGE('',*,*,#2847,.F.);
#2847 = EDGE_CURVE('',#2673,#2413,#2848,.T.);
#2848 = SURFACE_CURVE('',#2849,(#2853,#2860),.PCURVE_S1.);
#2849 = LINE('',#2850,#2851);
#2850 = CARTESIAN_POINT('',(190.5,80.01,-0.254));
#2851 = VECTOR('',#2852,25.4);
#2852 = DIRECTION('',(0.,0.,1.));
#2853 = PCURVE('',#2429,#2854);
#2854 = DEFINITIONAL_REPRESENTATION('',(#2855),#2859);
#2855 = LINE('',#2856,#2857);
#2856 = CARTESIAN_POINT('',(0.,25.4));
#2857 = VECTOR('',#2858,1.);
#2858 = DIRECTION('',(1.,0.));
#2859 = ( GEOMETRIC_REPRESENTATION_CONTEXT(2) 
PARAMETRIC_REPRESENTATION_CONTEXT() REPRESENTATION_CONTEXT('2D SPACE',''
  ) );
#2860 = PCURVE('',#2505,#2861);
#2861 = DEFINITIONAL_REPRESENTATION('',(#2862),#2866);
#2862 = LINE('',#2863,#2864);
#2863 = CARTESIAN_POINT('',(0.,0.));
#2864 = VECTOR('',#2865,1.);
#2865 = DIRECTION('',(1.,0.));
#2866 = ( GEOMETRIC_REPRESENTATION_CONTEXT(2) 
PARAMETRIC_REPRESENTATION_CONTEXT() REPRESENTATION_CONTEXT('2D SPACE',''
  ) );
#2867 = ORIENTED_EDGE('',*,*,#2672,.T.);
#2868 = ORIENTED_EDGE('',*,*,#2869,.T.);
#2869 = EDGE_CURVE('',#2675,#2415,#2870,.T.);
#2870 = SURFACE_CURVE('',#2871,(#2875,#2882),.PCURVE_S1.);
#2871 = LINE('',#2872,#2873);
#2872 = CARTESIAN_POINT('',(165.1,80.01,-0.254));
#2873 = VECTOR('',#2874,25.4);
#2874 = DIRECTION('',(0.,0.,1.));
#2875 = PCURVE('',#2429,#2876);
#2876 = DEFINITIONAL_REPRESENTATION('',(#2877),#2881);
#2877 = LINE('',#2878,#2879);
#2878 = CARTESIAN_POINT('',(0.,0.));
#2879 = VECTOR('',#2880,1.);
#2880 = DIRECTION('',(1.,0.));
#2881 = ( GEOMETRIC_REPRESENTATION_CONTEXT(2) 
PARAMETRIC_REPRESENTATION_CONTEXT() REPRESENTATION_CONTEXT('2D SPACE',''
  ) );
#2882 = PCURVE('',#2455,#2883);
#2883 = DEFINITIONAL_REPRESENTATION('',(#2884),#2888);
#2884 = LINE('',#2885,#2886);
#2885 = CARTESIAN_POINT('',(0.,0.));
#2886 = VECTOR('',#2887,1.);
#2887 = DIRECTION('',(1.,0.));
#2888 = ( GEOMETRIC_REPRESENTATION_CONTEXT(2) 
PARAMETRIC_REPRESENTATION_CONTEXT() REPRESENTATION_CONTEXT('2D SPACE',''
  ) );
#2889 = ORIENTED_EDGE('',*,*,#2412,.F.);
#2890 = ADVANCED_FACE('',(#2891),#2505,.F.);
#2891 = FACE_BOUND('',#2892,.F.);
#2892 = EDGE_LOOP('',(#2893,#2894,#2895,#2916));
#2893 = ORIENTED_EDGE('',*,*,#2847,.F.);
#2894 = ORIENTED_EDGE('',*,*,#2737,.T.);
#2895 = ORIENTED_EDGE('',*,*,#2896,.T.);
#2896 = EDGE_CURVE('',#2717,#2467,#2897,.T.);
#2897 = SURFACE_CURVE('',#2898,(#2902,#2909),.PCURVE_S1.);
#2898 = LINE('',#2899,#2900);
#2899 = CARTESIAN_POINT('',(190.5,283.21,-0.254));
#2900 = VECTOR('',#2901,25.4);
#2901 = DIRECTION('',(0.,0.,1.));
#2902 = PCURVE('',#2505,#2903);
#2903 = DEFINITIONAL_REPRESENTATION('',(#2904),#2908);
#2904 = LINE('',#2905,#2906);
#2905 = CARTESIAN_POINT('',(0.,-203.2));
#2906 = VECTOR('',#2907,1.);
#2907 = DIRECTION('',(1.,0.));
#2908 = ( GEOMETRIC_REPRESENTATION_CONTEXT(2) 
PARAMETRIC_REPRESENTATION_CONTEXT() REPRESENTATION_CONTEXT('2D SPACE',''
  ) );
#2909 = PCURVE('',#2481,#2910);
#2910 = DEFINITIONAL_REPRESENTATION('',(#2911),#2915);
#2911 = LINE('',#2912,#2913);
#2912 = CARTESIAN_POINT('',(0.,25.4));
#2913 = VECTOR('',#2914,1.);
#2914 = DIRECTION('',(1.,0.));
#2915 = ( GEOMETRIC_REPRESENTATION_CONTEXT(2) 
PARAMETRIC_REPRESENTATION_CONTEXT() REPRESENTATION_CONTEXT('2D SPACE',''
  ) );
#2916 = ORIENTED_EDGE('',*,*,#2492,.F.);
#2917 = ADVANCED_FACE('',(#2918),#2481,.F.);
#2918 = FACE_BOUND('',#2919,.F.);
#2919 = EDGE_LOOP('',(#2920,#2921,#2922,#2943));
#2920 = ORIENTED_EDGE('',*,*,#2896,.F.);
#2921 = ORIENTED_EDGE('',*,*,#2716,.T.);
#2922 = ORIENTED_EDGE('',*,*,#2923,.T.);
#2923 = EDGE_CURVE('',#2696,#2441,#2924,.T.);
#2924 = SURFACE_CURVE('',#2925,(#2929,#2936),.PCURVE_S1.);
#2925 = LINE('',#2926,#2927);
#2926 = CARTESIAN_POINT('',(165.1,283.21,-0.254));
#2927 = VECTOR('',#2928,25.4);
#2928 = DIRECTION('',(0.,0.,1.));
#2929 = PCURVE('',#2481,#2930);
#2930 = DEFINITIONAL_REPRESENTATION('',(#2931),#2935);
#2931 = LINE('',#2932,#2933);
#2932 = CARTESIAN_POINT('',(0.,0.));
#2933 = VECTOR('',#2934,1.);
#2934 = DIRECTION('',(1.,0.));
#2935 = ( GEOMETRIC_REPRESENTATION_CONTEXT(2) 
PARAMETRIC_REPRESENTATION_CONTEXT() REPRESENTATION_CONTEXT('2D SPACE',''
  ) );
#2936 = PCURVE('',#2455,#2937);
#2937 = DEFINITIONAL_REPRESENTATION('',(#2938),#2942);
#2938 = LINE('',#2939,#2940);
#2939 = CARTESIAN_POINT('',(0.,-203.2));
#2940 = VECTOR('',#2941,1.);
#2941 = DIRECTION('',(1.,0.));
#2942 = ( GEOMETRIC_REPRESENTATION_CONTEXT(2) 
PARAMETRIC_REPRESENTATION_CONTEXT() REPRESENTATION_CONTEXT('2D SPACE',''
  ) );
#2943 = ORIENTED_EDGE('',*,*,#2466,.F.);
#2944 = ADVANCED_FACE('',(#2945),#2455,.T.);
#2945 = FACE_BOUND('',#2946,.T.);
#2946 = EDGE_LOOP('',(#2947,#2948,#2949,#2950));
#2947 = ORIENTED_EDGE('',*,*,#2869,.F.);
#2948 = ORIENTED_EDGE('',*,*,#2695,.T.);
#2949 = ORIENTED_EDGE('',*,*,#2923,.T.);
#2950 = ORIENTED_EDGE('',*,*,#2440,.F.);
#2951 = ( GEOMETRIC_REPRESENTATION_CONTEXT(3) 
GLOBAL_UNCERTAINTY_ASSIGNED_CONTEXT((#2955)) 
GLOBAL_UNIT_ASSIGNED_CONTEXT((#2952,#2953,#2954)) REPRESENTATION_CONTEXT
('Context #1','3D Context with UNIT and UNCERTAINTY') );
#2952 = ( LENGTH_UNIT() NAMED_UNIT(*) SI_UNIT(.MILLI.,.METRE.) );
#2953 = ( NAMED_UNIT(*) PLANE_ANGLE_UNIT() SI_UNIT($,.RADIAN.) );
#2954 = ( NAMED_UNIT(*) SI_UNIT($,.STERADIAN.) SOLID_ANGLE_UNIT() );
#2955 = UNCERTAINTY_MEASURE_WITH_UNIT(LENGTH_MEASURE(2.54E-06),#2952,
  'distance_accuracy_value','confusion accuracy');
#2956 = CONTEXT_DEPENDENT_SHAPE_REPRESENTATION(#2957,#2959);
#2957 = ( REPRESENTATION_RELATIONSHIP('','',#2068,#10) 
REPRESENTATION_RELATIONSHIP_WITH_TRANSFORMATION(#2958) 
SHAPE_REPRESENTATION_RELATIONSHIP() );
#2958 = ITEM_DEFINED_TRANSFORMATION('','',#11,#23);
#2959 = PRODUCT_DEFINITION_SHAPE('Placement','Placement of an item',
  #2960);
#2960 = NEXT_ASSEMBLY_USAGE_OCCURRENCE('3','Side Plate','',#5,#2063,$);
#2961 = PRODUCT_RELATED_PRODUCT_CATEGORY('part',$,(#2065));
#2962 = SHAPE_DEFINITION_REPRESENTATION(#2963,#2969);
#2963 = PRODUCT_DEFINITION_SHAPE('','',#2964);
#2964 = PRODUCT_DEFINITION('design','',#2965,#2968);
#2965 = PRODUCT_DEFINITION_FORMATION('','',#2966);
#2966 = PRODUCT('Side Plate (mirror)','Side Plate (mirror)','',(#2967));
#2967 = PRODUCT_CONTEXT('',#2,'mechanical');
#2968 = PRODUCT_DEFINITION_CONTEXT('part definition',#2,'design');
#2969 = ADVANCED_BREP_SHAPE_REPRESENTATION('',(#11,#2970),#3892);
#2970 = MANIFOLD_SOLID_BREP('',#2971);
#2971 = CLOSED_SHELL('',(#2972,#3092,#3168,#3436,#3485,#3696,#3703,#3730
    ,#3757,#3784,#3831,#3858,#3885));
#2972 = ADVANCED_FACE('',(#2973),#2987,.F.);
#2973 = FACE_BOUND('',#2974,.T.);
#2974 = EDGE_LOOP('',(#2975,#3010,#3038,#3066));
#2975 = ORIENTED_EDGE('',*,*,#2976,.F.);
#2976 = EDGE_CURVE('',#2977,#2979,#2981,.T.);
#2977 = VERTEX_POINT('',#2978);
#2978 = CARTESIAN_POINT('',(0.,-4.229949723822E-14,190.5));
#2979 = VERTEX_POINT('',#2980);
#2980 = CARTESIAN_POINT('',(0.,-3.947953075567E-14,184.15));
#2981 = SURFACE_CURVE('',#2982,(#2986,#2998),.PCURVE_S1.);
#2982 = LINE('',#2983,#2984);
#2983 = CARTESIAN_POINT('',(0.,-4.229949723822E-14,190.5));
#2984 = VECTOR('',#2985,25.4);
#2985 = DIRECTION('',(-0.,4.440892098501E-16,-1.));
#2986 = PCURVE('',#2987,#2992);
#2987 = PLANE('',#2988);
#2988 = AXIS2_PLACEMENT_3D('',#2989,#2990,#2991);
#2989 = CARTESIAN_POINT('',(0.,-4.229949723822E-14,190.5));
#2990 = DIRECTION('',(1.,-0.,-0.));
#2991 = DIRECTION('',(0.,-4.440892098501E-16,1.));
#2992 = DEFINITIONAL_REPRESENTATION('',(#2993),#2997);
#2993 = LINE('',#2994,#2995);
#2994 = CARTESIAN_POINT('',(-0.,-0.));
#2995 = VECTOR('',#2996,1.);
#2996 = DIRECTION('',(-1.,0.));
#2997 = ( GEOMETRIC_REPRESENTATION_CONTEXT(2) 
PARAMETRIC_REPRESENTATION_CONTEXT() REPRESENTATION_CONTEXT('2D SPACE',''
  ) );
#2998 = PCURVE('',#2999,#3004);
#2999 = PLANE('',#3000);
#3000 = AXIS2_PLACEMENT_3D('',#3001,#3002,#3003);
#3001 = CARTESIAN_POINT('',(0.,-4.229949723822E-14,190.5));
#3002 = DIRECTION('',(-0.,1.,4.440892098501E-16));
#3003 = DIRECTION('',(0.,-4.440892098501E-16,1.));
#3004 = DEFINITIONAL_REPRESENTATION('',(#3005),#3009);
#3005 = LINE('',#3006,#3007);
#3006 = CARTESIAN_POINT('',(-0.,0.));
#3007 = VECTOR('',#3008,1.);
#3008 = DIRECTION('',(-1.,0.));
#3009 = ( GEOMETRIC_REPRESENTATION_CONTEXT(2) 
PARAMETRIC_REPRESENTATION_CONTEXT() REPRESENTATION_CONTEXT('2D SPACE',''
  ) );
#3010 = ORIENTED_EDGE('',*,*,#3011,.T.);
#3011 = EDGE_CURVE('',#2977,#3012,#3014,.T.);
#3012 = VERTEX_POINT('',#3013);
#3013 = CARTESIAN_POINT('',(0.,381.,190.5));
#3014 = SURFACE_CURVE('',#3015,(#3019,#3026),.PCURVE_S1.);
#3015 = LINE('',#3016,#3017);
#3016 = CARTESIAN_POINT('',(0.,-4.229949723822E-14,190.5));
#3017 = VECTOR('',#3018,25.4);
#3018 = DIRECTION('',(-0.,1.,4.440892098501E-16));
#3019 = PCURVE('',#2987,#3020);
#3020 = DEFINITIONAL_REPRESENTATION('',(#3021),#3025);
#3021 = LINE('',#3022,#3023);
#3022 = CARTESIAN_POINT('',(-0.,-0.));
#3023 = VECTOR('',#3024,1.);
#3024 = DIRECTION('',(-0.,-1.));
#3025 = ( GEOMETRIC_REPRESENTATION_CONTEXT(2) 
PARAMETRIC_REPRESENTATION_CONTEXT() REPRESENTATION_CONTEXT('2D SPACE',''
  ) );
#3026 = PCURVE('',#3027,#3032);
#3027 = PLANE('',#3028);
#3028 = AXIS2_PLACEMENT_3D('',#3029,#3030,#3031);
#3029 = CARTESIAN_POINT('',(0.,-4.229949723822E-14,190.5));
#3030 = DIRECTION('',(-0.,4.440892098501E-16,-1.));
#3031 = DIRECTION('',(-1.,0.,0.));
#3032 = DEFINITIONAL_REPRESENTATION('',(#3033),#3037);
#3033 = LINE('',#3034,#3035);
#3034 = CARTESIAN_POINT('',(-0.,0.));
#3035 = VECTOR('',#3036,1.);
#3036 = DIRECTION('',(-0.,1.));
#3037 = ( GEOMETRIC_REPRESENTATION_CONTEXT(2) 
PARAMETRIC_REPRESENTATION_CONTEXT() REPRESENTATION_CONTEXT('2D SPACE',''
  ) );
#3038 = ORIENTED_EDGE('',*,*,#3039,.T.);
#3039 = EDGE_CURVE('',#3012,#3040,#3042,.T.);
#3040 = VERTEX_POINT('',#3041);
#3041 = CARTESIAN_POINT('',(0.,381.,184.15));
#3042 = SURFACE_CURVE('',#3043,(#3047,#3054),.PCURVE_S1.);
#3043 = LINE('',#3044,#3045);
#3044 = CARTESIAN_POINT('',(0.,381.,190.5));
#3045 = VECTOR('',#3046,25.4);
#3046 = DIRECTION('',(-0.,4.440892098501E-16,-1.));
#3047 = PCURVE('',#2987,#3048);
#3048 = DEFINITIONAL_REPRESENTATION('',(#3049),#3053);
#3049 = LINE('',#3050,#3051);
#3050 = CARTESIAN_POINT('',(1.127986593019E-14,-381.));
#3051 = VECTOR('',#3052,1.);
#3052 = DIRECTION('',(-1.,0.));
#3053 = ( GEOMETRIC_REPRESENTATION_CONTEXT(2) 
PARAMETRIC_REPRESENTATION_CONTEXT() REPRESENTATION_CONTEXT('2D SPACE',''
  ) );
#3054 = PCURVE('',#3055,#3060);
#3055 = PLANE('',#3056);
#3056 = AXIS2_PLACEMENT_3D('',#3057,#3058,#3059);
#3057 = CARTESIAN_POINT('',(0.,381.,190.5));
#3058 = DIRECTION('',(-0.,1.,4.440892098501E-16));
#3059 = DIRECTION('',(0.,-4.440892098501E-16,1.));
#3060 = DEFINITIONAL_REPRESENTATION('',(#3061),#3065);
#3061 = LINE('',#3062,#3063);
#3062 = CARTESIAN_POINT('',(-0.,0.));
#3063 = VECTOR('',#3064,1.);
#3064 = DIRECTION('',(-1.,0.));
#3065 = ( GEOMETRIC_REPRESENTATION_CONTEXT(2) 
PARAMETRIC_REPRESENTATION_CONTEXT() REPRESENTATION_CONTEXT('2D SPACE',''
  ) );
#3066 = ORIENTED_EDGE('',*,*,#3067,.F.);
#3067 = EDGE_CURVE('',#2979,#3040,#3068,.T.);
#3068 = SURFACE_CURVE('',#3069,(#3073,#3080),.PCURVE_S1.);
#3069 = LINE('',#3070,#3071);
#3070 = CARTESIAN_POINT('',(0.,-3.947953075567E-14,184.15));
#3071 = VECTOR('',#3072,25.4);
#3072 = DIRECTION('',(-0.,1.,4.440892098501E-16));
#3073 = PCURVE('',#2987,#3074);
#3074 = DEFINITIONAL_REPRESENTATION('',(#3075),#3079);
#3075 = LINE('',#3076,#3077);
#3076 = CARTESIAN_POINT('',(-6.35,0.));
#3077 = VECTOR('',#3078,1.);
#3078 = DIRECTION('',(-0.,-1.));
#3079 = ( GEOMETRIC_REPRESENTATION_CONTEXT(2) 
PARAMETRIC_REPRESENTATION_CONTEXT() REPRESENTATION_CONTEXT('2D SPACE',''
  ) );
#3080 = PCURVE('',#3081,#3086);
#3081 = PLANE('',#3082);
#3082 = AXIS2_PLACEMENT_3D('',#3083,#3084,#3085);
#3083 = CARTESIAN_POINT('',(0.,-3.947953075567E-14,184.15));
#3084 = DIRECTION('',(-0.,4.440892098501E-16,-1.));
#3085 = DIRECTION('',(-1.,0.,0.));
#3086 = DEFINITIONAL_REPRESENTATION('',(#3087),#3091);
#3087 = LINE('',#3088,#3089);
#3088 = CARTESIAN_POINT('',(-0.,0.));
#3089 = VECTOR('',#3090,1.);
#3090 = DIRECTION('',(-0.,1.));
#3091 = ( GEOMETRIC_REPRESENTATION_CONTEXT(2) 
PARAMETRIC_REPRESENTATION_CONTEXT() REPRESENTATION_CONTEXT('2D SPACE',''
  ) );
#3092 = ADVANCED_FACE('',(#3093),#2999,.F.);
#3093 = FACE_BOUND('',#3094,.T.);
#3094 = EDGE_LOOP('',(#3095,#3118,#3119,#3142));
#3095 = ORIENTED_EDGE('',*,*,#3096,.F.);
#3096 = EDGE_CURVE('',#2977,#3097,#3099,.T.);
#3097 = VERTEX_POINT('',#3098);
#3098 = CARTESIAN_POINT('',(355.6,-4.229949723822E-14,190.5));
#3099 = SURFACE_CURVE('',#3100,(#3104,#3111),.PCURVE_S1.);
#3100 = LINE('',#3101,#3102);
#3101 = CARTESIAN_POINT('',(0.,-4.229949723822E-14,190.5));
#3102 = VECTOR('',#3103,25.4);
#3103 = DIRECTION('',(1.,-0.,-0.));
#3104 = PCURVE('',#2999,#3105);
#3105 = DEFINITIONAL_REPRESENTATION('',(#3106),#3110);
#3106 = LINE('',#3107,#3108);
#3107 = CARTESIAN_POINT('',(-0.,0.));
#3108 = VECTOR('',#3109,1.);
#3109 = DIRECTION('',(-0.,1.));
#3110 = ( GEOMETRIC_REPRESENTATION_CONTEXT(2) 
PARAMETRIC_REPRESENTATION_CONTEXT() REPRESENTATION_CONTEXT('2D SPACE',''
  ) );
#3111 = PCURVE('',#3027,#3112);
#3112 = DEFINITIONAL_REPRESENTATION('',(#3113),#3117);
#3113 = LINE('',#3114,#3115);
#3114 = CARTESIAN_POINT('',(-0.,0.));
#3115 = VECTOR('',#3116,1.);
#3116 = DIRECTION('',(-1.,0.));
#3117 = ( GEOMETRIC_REPRESENTATION_CONTEXT(2) 
PARAMETRIC_REPRESENTATION_CONTEXT() REPRESENTATION_CONTEXT('2D SPACE',''
  ) );
#3118 = ORIENTED_EDGE('',*,*,#2976,.T.);
#3119 = ORIENTED_EDGE('',*,*,#3120,.T.);
#3120 = EDGE_CURVE('',#2979,#3121,#3123,.T.);
#3121 = VERTEX_POINT('',#3122);
#3122 = CARTESIAN_POINT('',(355.6,-3.947953075567E-14,184.15));
#3123 = SURFACE_CURVE('',#3124,(#3128,#3135),.PCURVE_S1.);
#3124 = LINE('',#3125,#3126);
#3125 = CARTESIAN_POINT('',(0.,-3.947953075567E-14,184.15));
#3126 = VECTOR('',#3127,25.4);
#3127 = DIRECTION('',(1.,-0.,-0.));
#3128 = PCURVE('',#2999,#3129);
#3129 = DEFINITIONAL_REPRESENTATION('',(#3130),#3134);
#3130 = LINE('',#3131,#3132);
#3131 = CARTESIAN_POINT('',(-6.35,0.));
#3132 = VECTOR('',#3133,1.);
#3133 = DIRECTION('',(-0.,1.));
#3134 = ( GEOMETRIC_REPRESENTATION_CONTEXT(2) 
PARAMETRIC_REPRESENTATION_CONTEXT() REPRESENTATION_CONTEXT('2D SPACE',''
  ) );
#3135 = PCURVE('',#3081,#3136);
#3136 = DEFINITIONAL_REPRESENTATION('',(#3137),#3141);
#3137 = LINE('',#3138,#3139);
#3138 = CARTESIAN_POINT('',(-0.,0.));
#3139 = VECTOR('',#3140,1.);
#3140 = DIRECTION('',(-1.,0.));
#3141 = ( GEOMETRIC_REPRESENTATION_CONTEXT(2) 
PARAMETRIC_REPRESENTATION_CONTEXT() REPRESENTATION_CONTEXT('2D SPACE',''
  ) );
#3142 = ORIENTED_EDGE('',*,*,#3143,.F.);
#3143 = EDGE_CURVE('',#3097,#3121,#3144,.T.);
#3144 = SURFACE_CURVE('',#3145,(#3149,#3156),.PCURVE_S1.);
#3145 = LINE('',#3146,#3147);
#3146 = CARTESIAN_POINT('',(355.6,-4.229949723822E-14,190.5));
#3147 = VECTOR('',#3148,25.4);
#3148 = DIRECTION('',(-0.,4.440892098501E-16,-1.));
#3149 = PCURVE('',#2999,#3150);
#3150 = DEFINITIONAL_REPRESENTATION('',(#3151),#3155);
#3151 = LINE('',#3152,#3153);
#3152 = CARTESIAN_POINT('',(-0.,355.6));
#3153 = VECTOR('',#3154,1.);
#3154 = DIRECTION('',(-1.,0.));
#3155 = ( GEOMETRIC_REPRESENTATION_CONTEXT(2) 
PARAMETRIC_REPRESENTATION_CONTEXT() REPRESENTATION_CONTEXT('2D SPACE',''
  ) );
#3156 = PCURVE('',#3157,#3162);
#3157 = PLANE('',#3158);
#3158 = AXIS2_PLACEMENT_3D('',#3159,#3160,#3161);
#3159 = CARTESIAN_POINT('',(355.6,-4.229949723822E-14,190.5));
#3160 = DIRECTION('',(1.,-0.,-0.));
#3161 = DIRECTION('',(0.,-4.440892098501E-16,1.));
#3162 = DEFINITIONAL_REPRESENTATION('',(#3163),#3167);
#3163 = LINE('',#3164,#3165);
#3164 = CARTESIAN_POINT('',(-0.,-0.));
#3165 = VECTOR('',#3166,1.);
#3166 = DIRECTION('',(-1.,0.));
#3167 = ( GEOMETRIC_REPRESENTATION_CONTEXT(2) 
PARAMETRIC_REPRESENTATION_CONTEXT() REPRESENTATION_CONTEXT('2D SPACE',''
  ) );
#3168 = ADVANCED_FACE('',(#3169,#3217,#3252,#3287,#3322),#3081,.T.);
#3169 = FACE_BOUND('',#3170,.F.);
#3170 = EDGE_LOOP('',(#3171,#3172,#3173,#3196));
#3171 = ORIENTED_EDGE('',*,*,#3067,.F.);
#3172 = ORIENTED_EDGE('',*,*,#3120,.T.);
#3173 = ORIENTED_EDGE('',*,*,#3174,.T.);
#3174 = EDGE_CURVE('',#3121,#3175,#3177,.T.);
#3175 = VERTEX_POINT('',#3176);
#3176 = CARTESIAN_POINT('',(355.6,381.,184.15));
#3177 = SURFACE_CURVE('',#3178,(#3182,#3189),.PCURVE_S1.);
#3178 = LINE('',#3179,#3180);
#3179 = CARTESIAN_POINT('',(355.6,-3.947953075567E-14,184.15));
#3180 = VECTOR('',#3181,25.4);
#3181 = DIRECTION('',(-0.,1.,4.440892098501E-16));
#3182 = PCURVE('',#3081,#3183);
#3183 = DEFINITIONAL_REPRESENTATION('',(#3184),#3188);
#3184 = LINE('',#3185,#3186);
#3185 = CARTESIAN_POINT('',(-355.6,0.));
#3186 = VECTOR('',#3187,1.);
#3187 = DIRECTION('',(-0.,1.));
#3188 = ( GEOMETRIC_REPRESENTATION_CONTEXT(2) 
PARAMETRIC_REPRESENTATION_CONTEXT() REPRESENTATION_CONTEXT('2D SPACE',''
  ) );
#3189 = PCURVE('',#3157,#3190);
#3190 = DEFINITIONAL_REPRESENTATION('',(#3191),#3195);
#3191 = LINE('',#3192,#3193);
#3192 = CARTESIAN_POINT('',(-6.35,0.));
#3193 = VECTOR('',#3194,1.);
#3194 = DIRECTION('',(-0.,-1.));
#3195 = ( GEOMETRIC_REPRESENTATION_CONTEXT(2) 
PARAMETRIC_REPRESENTATION_CONTEXT() REPRESENTATION_CONTEXT('2D SPACE',''
  ) );
#3196 = ORIENTED_EDGE('',*,*,#3197,.F.);
#3197 = EDGE_CURVE('',#3040,#3175,#3198,.T.);
#3198 = SURFACE_CURVE('',#3199,(#3203,#3210),.PCURVE_S1.);
#3199 = LINE('',#3200,#3201);
#3200 = CARTESIAN_POINT('',(0.,381.,184.15));
#3201 = VECTOR('',#3202,25.4);
#3202 = DIRECTION('',(1.,-0.,-0.));
#3203 = PCURVE('',#3081,#3204);
#3204 = DEFINITIONAL_REPRESENTATION('',(#3205),#3209);
#3205 = LINE('',#3206,#3207);
#3206 = CARTESIAN_POINT('',(-0.,381.));
#3207 = VECTOR('',#3208,1.);
#3208 = DIRECTION('',(-1.,0.));
#3209 = ( GEOMETRIC_REPRESENTATION_CONTEXT(2) 
PARAMETRIC_REPRESENTATION_CONTEXT() REPRESENTATION_CONTEXT('2D SPACE',''
  ) );
#3210 = PCURVE('',#3055,#3211);
#3211 = DEFINITIONAL_REPRESENTATION('',(#3212),#3216);
#3212 = LINE('',#3213,#3214);
#3213 = CARTESIAN_POINT('',(-6.35,0.));
#3214 = VECTOR('',#3215,1.);
#3215 = DIRECTION('',(-0.,1.));
#3216 = ( GEOMETRIC_REPRESENTATION_CONTEXT(2) 
PARAMETRIC_REPRESENTATION_CONTEXT() REPRESENTATION_CONTEXT('2D SPACE',''
  ) );
#3217 = FACE_BOUND('',#3218,.F.);
#3218 = EDGE_LOOP('',(#3219));
#3219 = ORIENTED_EDGE('',*,*,#3220,.F.);
#3220 = EDGE_CURVE('',#3221,#3221,#3223,.T.);
#3221 = VERTEX_POINT('',#3222);
#3222 = CARTESIAN_POINT('',(82.55,25.4,184.15));
#3223 = SURFACE_CURVE('',#3224,(#3229,#3240),.PCURVE_S1.);
#3224 = CIRCLE('',#3225,6.35);
#3225 = AXIS2_PLACEMENT_3D('',#3226,#3227,#3228);
#3226 = CARTESIAN_POINT('',(76.2,25.4,184.15));
#3227 = DIRECTION('',(0.,-4.440892098501E-16,1.));
#3228 = DIRECTION('',(1.,-0.,-0.));
#3229 = PCURVE('',#3081,#3230);
#3230 = DEFINITIONAL_REPRESENTATION('',(#3231),#3239);
#3231 = ( BOUNDED_CURVE() B_SPLINE_CURVE(2,(#3232,#3233,#3234,#3235,
#3236,#3237,#3238),.UNSPECIFIED.,.T.,.F.) B_SPLINE_CURVE_WITH_KNOTS((1,2
    ,2,2,2,1),(-2.094395102393,0.,2.094395102393,4.188790204786,
6.28318530718,8.377580409573),.UNSPECIFIED.) CURVE() 
GEOMETRIC_REPRESENTATION_ITEM() RATIONAL_B_SPLINE_CURVE((1.,0.5,1.,0.5,
1.,0.5,1.)) REPRESENTATION_ITEM('') );
#3232 = CARTESIAN_POINT('',(-82.55,25.4));
#3233 = CARTESIAN_POINT('',(-82.55,36.398522628062));
#3234 = CARTESIAN_POINT('',(-73.025,30.899261314031));
#3235 = CARTESIAN_POINT('',(-63.5,25.4));
#3236 = CARTESIAN_POINT('',(-73.025,19.900738685969));
#3237 = CARTESIAN_POINT('',(-82.55,14.401477371938));
#3238 = CARTESIAN_POINT('',(-82.55,25.4));
#3239 = ( GEOMETRIC_REPRESENTATION_CONTEXT(2) 
PARAMETRIC_REPRESENTATION_CONTEXT() REPRESENTATION_CONTEXT('2D SPACE',''
  ) );
#3240 = PCURVE('',#3241,#3246);
#3241 = CYLINDRICAL_SURFACE('',#3242,6.35);
#3242 = AXIS2_PLACEMENT_3D('',#3243,#3244,#3245);
#3243 = CARTESIAN_POINT('',(76.2,25.4,190.754));
#3244 = DIRECTION('',(-0.,4.440892098501E-16,-1.));
#3245 = DIRECTION('',(1.,-0.,-0.));
#3246 = DEFINITIONAL_REPRESENTATION('',(#3247),#3251);
#3247 = LINE('',#3248,#3249);
#3248 = CARTESIAN_POINT('',(-0.,6.604));
#3249 = VECTOR('',#3250,1.);
#3250 = DIRECTION('',(-1.,0.));
#3251 = ( GEOMETRIC_REPRESENTATION_CONTEXT(2) 
PARAMETRIC_REPRESENTATION_CONTEXT() REPRESENTATION_CONTEXT('2D SPACE',''
  ) );
#3252 = FACE_BOUND('',#3253,.F.);
#3253 = EDGE_LOOP('',(#3254));
#3254 = ORIENTED_EDGE('',*,*,#3255,.F.);
#3255 = EDGE_CURVE('',#3256,#3256,#3258,.T.);
#3256 = VERTEX_POINT('',#3257);
#3257 = CARTESIAN_POINT('',(285.75,25.4,184.15));
#3258 = SURFACE_CURVE('',#3259,(#3264,#3275),.PCURVE_S1.);
#3259 = CIRCLE('',#3260,6.35);
#3260 = AXIS2_PLACEMENT_3D('',#3261,#3262,#3263);
#3261 = CARTESIAN_POINT('',(279.4,25.4,184.15));
#3262 = DIRECTION('',(0.,-4.440892098501E-16,1.));
#3263 = DIRECTION('',(1.,-0.,-0.));
#3264 = PCURVE('',#3081,#3265);
#3265 = DEFINITIONAL_REPRESENTATION('',(#3266),#3274);
#3266 = ( BOUNDED_CURVE() B_SPLINE_CURVE(2,(#3267,#3268,#3269,#3270,
#3271,#3272,#3273),.UNSPECIFIED.,.T.,.F.) B_SPLINE_CURVE_WITH_KNOTS((1,2
    ,2,2,2,1),(-2.094395102393,0.,2.094395102393,4.188790204786,
6.28318530718,8.377580409573),.UNSPECIFIED.) CURVE() 
GEOMETRIC_REPRESENTATION_ITEM() RATIONAL_B_SPLINE_CURVE((1.,0.5,1.,0.5,
1.,0.5,1.)) REPRESENTATION_ITEM('') );
#3267 = CARTESIAN_POINT('',(-285.75,25.4));
#3268 = CARTESIAN_POINT('',(-285.75,36.398522628062));
#3269 = CARTESIAN_POINT('',(-276.225,30.899261314031));
#3270 = CARTESIAN_POINT('',(-266.7,25.4));
#3271 = CARTESIAN_POINT('',(-276.225,19.900738685969));
#3272 = CARTESIAN_POINT('',(-285.75,14.401477371938));
#3273 = CARTESIAN_POINT('',(-285.75,25.4));
#3274 = ( GEOMETRIC_REPRESENTATION_CONTEXT(2) 
PARAMETRIC_REPRESENTATION_CONTEXT() REPRESENTATION_CONTEXT('2D SPACE',''
  ) );
#3275 = PCURVE('',#3276,#3281);
#3276 = CYLINDRICAL_SURFACE('',#3277,6.35);
#3277 = AXIS2_PLACEMENT_3D('',#3278,#3279,#3280);
#3278 = CARTESIAN_POINT('',(279.4,25.4,190.754));
#3279 = DIRECTION('',(-0.,4.440892098501E-16,-1.));
#3280 = DIRECTION('',(1.,-0.,-0.));
#3281 = DEFINITIONAL_REPRESENTATION('',(#3282),#3286);
#3282 = LINE('',#3283,#3284);
#3283 = CARTESIAN_POINT('',(-0.,6.604));
#3284 = VECTOR('',#3285,1.);
#3285 = DIRECTION('',(-1.,0.));
#3286 = ( GEOMETRIC_REPRESENTATION_CONTEXT(2) 
PARAMETRIC_REPRESENTATION_CONTEXT() REPRESENTATION_CONTEXT('2D SPACE',''
  ) );
#3287 = FACE_BOUND('',#3288,.F.);
#3288 = EDGE_LOOP('',(#3289));
#3289 = ORIENTED_EDGE('',*,*,#3290,.F.);
#3290 = EDGE_CURVE('',#3291,#3291,#3293,.T.);
#3291 = VERTEX_POINT('',#3292);
#3292 = CARTESIAN_POINT('',(63.5,190.5,184.15));
#3293 = SURFACE_CURVE('',#3294,(#3299,#3310),.PCURVE_S1.);
#3294 = CIRCLE('',#3295,12.7);
#3295 = AXIS2_PLACEMENT_3D('',#3296,#3297,#3298);
#3296 = CARTESIAN_POINT('',(50.8,190.5,184.15));
#3297 = DIRECTION('',(0.,-4.440892098501E-16,1.));
#3298 = DIRECTION('',(1.,-0.,-0.));
#3299 = PCURVE('',#3081,#3300);
#3300 = DEFINITIONAL_REPRESENTATION('',(#3301),#3309);
#3301 = ( BOUNDED_CURVE() B_SPLINE_CURVE(2,(#3302,#3303,#3304,#3305,
#3306,#3307,#3308),.UNSPECIFIED.,.T.,.F.) B_SPLINE_CURVE_WITH_KNOTS((1,2
    ,2,2,2,1),(-2.094395102393,0.,2.094395102393,4.188790204786,
6.28318530718,8.377580409573),.UNSPECIFIED.) CURVE() 
GEOMETRIC_REPRESENTATION_ITEM() RATIONAL_B_SPLINE_CURVE((1.,0.5,1.,0.5,
1.,0.5,1.)) REPRESENTATION_ITEM('') );
#3302 = CARTESIAN_POINT('',(-63.5,190.5));
#3303 = CARTESIAN_POINT('',(-63.5,212.49704525612));
#3304 = CARTESIAN_POINT('',(-44.45,201.49852262806));
#3305 = CARTESIAN_POINT('',(-25.4,190.5));
#3306 = CARTESIAN_POINT('',(-44.45,179.50147737193));
#3307 = CARTESIAN_POINT('',(-63.5,168.50295474387));
#3308 = CARTESIAN_POINT('',(-63.5,190.5));
#3309 = ( GEOMETRIC_REPRESENTATION_CONTEXT(2) 
PARAMETRIC_REPRESENTATION_CONTEXT() REPRESENTATION_CONTEXT('2D SPACE',''
  ) );
#3310 = PCURVE('',#3311,#3316);
#3311 = CYLINDRICAL_SURFACE('',#3312,12.7);
#3312 = AXIS2_PLACEMENT_3D('',#3313,#3314,#3315);
#3313 = CARTESIAN_POINT('',(50.8,190.5,190.754));
#3314 = DIRECTION('',(-0.,4.440892098501E-16,-1.));
#3315 = DIRECTION('',(1.,-0.,-0.));
#3316 = DEFINITIONAL_REPRESENTATION('',(#3317),#3321);
#3317 = LINE('',#3318,#3319);
#3318 = CARTESIAN_POINT('',(-0.,6.604));
#3319 = VECTOR('',#3320,1.);
#3320 = DIRECTION('',(-1.,0.));
#3321 = ( GEOMETRIC_REPRESENTATION_CONTEXT(2) 
PARAMETRIC_REPRESENTATION_CONTEXT() REPRESENTATION_CONTEXT('2D SPACE',''
  ) );
#3322 = FACE_BOUND('',#3323,.F.);
#3323 = EDGE_LOOP('',(#3324,#3354,#3382,#3410));
#3324 = ORIENTED_EDGE('',*,*,#3325,.T.);
#3325 = EDGE_CURVE('',#3326,#3328,#3330,.T.);
#3326 = VERTEX_POINT('',#3327);
#3327 = CARTESIAN_POINT('',(190.5,80.01,184.15));
#3328 = VERTEX_POINT('',#3329);
#3329 = CARTESIAN_POINT('',(165.1,80.01,184.15));
#3330 = SURFACE_CURVE('',#3331,(#3335,#3342),.PCURVE_S1.);
#3331 = LINE('',#3332,#3333);
#3332 = CARTESIAN_POINT('',(82.55,80.01,184.15));
#3333 = VECTOR('',#3334,25.4);
#3334 = DIRECTION('',(-1.,-0.,-0.));
#3335 = PCURVE('',#3081,#3336);
#3336 = DEFINITIONAL_REPRESENTATION('',(#3337),#3341);
#3337 = LINE('',#3338,#3339);
#3338 = CARTESIAN_POINT('',(-82.55,80.01));
#3339 = VECTOR('',#3340,1.);
#3340 = DIRECTION('',(1.,-0.));
#3341 = ( GEOMETRIC_REPRESENTATION_CONTEXT(2) 
PARAMETRIC_REPRESENTATION_CONTEXT() REPRESENTATION_CONTEXT('2D SPACE',''
  ) );
#3342 = PCURVE('',#3343,#3348);
#3343 = PLANE('',#3344);
#3344 = AXIS2_PLACEMENT_3D('',#3345,#3346,#3347);
#3345 = CARTESIAN_POINT('',(165.1,80.01,190.754));
#3346 = DIRECTION('',(-0.,1.,4.440892098501E-16));
#3347 = DIRECTION('',(0.,-4.440892098501E-16,1.));
#3348 = DEFINITIONAL_REPRESENTATION('',(#3349),#3353);
#3349 = LINE('',#3350,#3351);
#3350 = CARTESIAN_POINT('',(-6.604,-82.55));
#3351 = VECTOR('',#3352,1.);
#3352 = DIRECTION('',(-0.,-1.));
#3353 = ( GEOMETRIC_REPRESENTATION_CONTEXT(2) 
PARAMETRIC_REPRESENTATION_CONTEXT() REPRESENTATION_CONTEXT('2D SPACE',''
  ) );
#3354 = ORIENTED_EDGE('',*,*,#3355,.T.);
#3355 = EDGE_CURVE('',#3328,#3356,#3358,.T.);
#3356 = VERTEX_POINT('',#3357);
#3357 = CARTESIAN_POINT('',(165.1,283.21,184.15));
#3358 = SURFACE_CURVE('',#3359,(#3363,#3370),.PCURVE_S1.);
#3359 = LINE('',#3360,#3361);
#3360 = CARTESIAN_POINT('',(165.1,40.005,184.15));
#3361 = VECTOR('',#3362,25.4);
#3362 = DIRECTION('',(-0.,1.,4.440892098501E-16));
#3363 = PCURVE('',#3081,#3364);
#3364 = DEFINITIONAL_REPRESENTATION('',(#3365),#3369);
#3365 = LINE('',#3366,#3367);
#3366 = CARTESIAN_POINT('',(-165.1,40.005));
#3367 = VECTOR('',#3368,1.);
#3368 = DIRECTION('',(-0.,1.));
#3369 = ( GEOMETRIC_REPRESENTATION_CONTEXT(2) 
PARAMETRIC_REPRESENTATION_CONTEXT() REPRESENTATION_CONTEXT('2D SPACE',''
  ) );
#3370 = PCURVE('',#3371,#3376);
#3371 = PLANE('',#3372);
#3372 = AXIS2_PLACEMENT_3D('',#3373,#3374,#3375);
#3373 = CARTESIAN_POINT('',(165.1,80.01,190.754));
#3374 = DIRECTION('',(1.,-0.,-0.));
#3375 = DIRECTION('',(0.,-4.440892098501E-16,1.));
#3376 = DEFINITIONAL_REPRESENTATION('',(#3377),#3381);
#3377 = LINE('',#3378,#3379);
#3378 = CARTESIAN_POINT('',(-6.604,40.005));
#3379 = VECTOR('',#3380,1.);
#3380 = DIRECTION('',(-0.,-1.));
#3381 = ( GEOMETRIC_REPRESENTATION_CONTEXT(2) 
PARAMETRIC_REPRESENTATION_CONTEXT() REPRESENTATION_CONTEXT('2D SPACE',''
  ) );
#3382 = ORIENTED_EDGE('',*,*,#3383,.F.);
#3383 = EDGE_CURVE('',#3384,#3356,#3386,.T.);
#3384 = VERTEX_POINT('',#3385);
#3385 = CARTESIAN_POINT('',(190.5,283.21,184.15));
#3386 = SURFACE_CURVE('',#3387,(#3391,#3398),.PCURVE_S1.);
#3387 = LINE('',#3388,#3389);
#3388 = CARTESIAN_POINT('',(82.55,283.21,184.15));
#3389 = VECTOR('',#3390,25.4);
#3390 = DIRECTION('',(-1.,-0.,-0.));
#3391 = PCURVE('',#3081,#3392);
#3392 = DEFINITIONAL_REPRESENTATION('',(#3393),#3397);
#3393 = LINE('',#3394,#3395);
#3394 = CARTESIAN_POINT('',(-82.55,283.21));
#3395 = VECTOR('',#3396,1.);
#3396 = DIRECTION('',(1.,-0.));
#3397 = ( GEOMETRIC_REPRESENTATION_CONTEXT(2) 
PARAMETRIC_REPRESENTATION_CONTEXT() REPRESENTATION_CONTEXT('2D SPACE',''
  ) );
#3398 = PCURVE('',#3399,#3404);
#3399 = PLANE('',#3400);
#3400 = AXIS2_PLACEMENT_3D('',#3401,#3402,#3403);
#3401 = CARTESIAN_POINT('',(165.1,283.21,190.754));
#3402 = DIRECTION('',(-0.,1.,4.440892098501E-16));
#3403 = DIRECTION('',(0.,-4.440892098501E-16,1.));
#3404 = DEFINITIONAL_REPRESENTATION('',(#3405),#3409);
#3405 = LINE('',#3406,#3407);
#3406 = CARTESIAN_POINT('',(-6.604,-82.55));
#3407 = VECTOR('',#3408,1.);
#3408 = DIRECTION('',(-0.,-1.));
#3409 = ( GEOMETRIC_REPRESENTATION_CONTEXT(2) 
PARAMETRIC_REPRESENTATION_CONTEXT() REPRESENTATION_CONTEXT('2D SPACE',''
  ) );
#3410 = ORIENTED_EDGE('',*,*,#3411,.F.);
#3411 = EDGE_CURVE('',#3326,#3384,#3412,.T.);
#3412 = SURFACE_CURVE('',#3413,(#3417,#3424),.PCURVE_S1.);
#3413 = LINE('',#3414,#3415);
#3414 = CARTESIAN_POINT('',(190.5,40.005,184.15));
#3415 = VECTOR('',#3416,25.4);
#3416 = DIRECTION('',(-0.,1.,4.440892098501E-16));
#3417 = PCURVE('',#3081,#3418);
#3418 = DEFINITIONAL_REPRESENTATION('',(#3419),#3423);
#3419 = LINE('',#3420,#3421);
#3420 = CARTESIAN_POINT('',(-190.5,40.005));
#3421 = VECTOR('',#3422,1.);
#3422 = DIRECTION('',(-0.,1.));
#3423 = ( GEOMETRIC_REPRESENTATION_CONTEXT(2) 
PARAMETRIC_REPRESENTATION_CONTEXT() REPRESENTATION_CONTEXT('2D SPACE',''
  ) );
#3424 = PCURVE('',#3425,#3430);
#3425 = PLANE('',#3426);
#3426 = AXIS2_PLACEMENT_3D('',#3427,#3428,#3429);
#3427 = CARTESIAN_POINT('',(190.5,80.01,190.754));
#3428 = DIRECTION('',(1.,-0.,-0.));
#3429 = DIRECTION('',(0.,-4.440892098501E-16,1.));
#3430 = DEFINITIONAL_REPRESENTATION('',(#3431),#3435);
#3431 = LINE('',#3432,#3433);
#3432 = CARTESIAN_POINT('',(-6.604,40.005));
#3433 = VECTOR('',#3434,1.);
#3434 = DIRECTION('',(-0.,-1.));
#3435 = ( GEOMETRIC_REPRESENTATION_CONTEXT(2) 
PARAMETRIC_REPRESENTATION_CONTEXT() REPRESENTATION_CONTEXT('2D SPACE',''
  ) );
#3436 = ADVANCED_FACE('',(#3437),#3055,.T.);
#3437 = FACE_BOUND('',#3438,.F.);
#3438 = EDGE_LOOP('',(#3439,#3462,#3463,#3464));
#3439 = ORIENTED_EDGE('',*,*,#3440,.F.);
#3440 = EDGE_CURVE('',#3012,#3441,#3443,.T.);
#3441 = VERTEX_POINT('',#3442);
#3442 = CARTESIAN_POINT('',(355.6,381.,190.5));
#3443 = SURFACE_CURVE('',#3444,(#3448,#3455),.PCURVE_S1.);
#3444 = LINE('',#3445,#3446);
#3445 = CARTESIAN_POINT('',(0.,381.,190.5));
#3446 = VECTOR('',#3447,25.4);
#3447 = DIRECTION('',(1.,-0.,-0.));
#3448 = PCURVE('',#3055,#3449);
#3449 = DEFINITIONAL_REPRESENTATION('',(#3450),#3454);
#3450 = LINE('',#3451,#3452);
#3451 = CARTESIAN_POINT('',(-0.,0.));
#3452 = VECTOR('',#3453,1.);
#3453 = DIRECTION('',(-0.,1.));
#3454 = ( GEOMETRIC_REPRESENTATION_CONTEXT(2) 
PARAMETRIC_REPRESENTATION_CONTEXT() REPRESENTATION_CONTEXT('2D SPACE',''
  ) );
#3455 = PCURVE('',#3027,#3456);
#3456 = DEFINITIONAL_REPRESENTATION('',(#3457),#3461);
#3457 = LINE('',#3458,#3459);
#3458 = CARTESIAN_POINT('',(-0.,381.));
#3459 = VECTOR('',#3460,1.);
#3460 = DIRECTION('',(-1.,0.));
#3461 = ( GEOMETRIC_REPRESENTATION_CONTEXT(2) 
PARAMETRIC_REPRESENTATION_CONTEXT() REPRESENTATION_CONTEXT('2D SPACE',''
  ) );
#3462 = ORIENTED_EDGE('',*,*,#3039,.T.);
#3463 = ORIENTED_EDGE('',*,*,#3197,.T.);
#3464 = ORIENTED_EDGE('',*,*,#3465,.F.);
#3465 = EDGE_CURVE('',#3441,#3175,#3466,.T.);
#3466 = SURFACE_CURVE('',#3467,(#3471,#3478),.PCURVE_S1.);
#3467 = LINE('',#3468,#3469);
#3468 = CARTESIAN_POINT('',(355.6,381.,190.5));
#3469 = VECTOR('',#3470,25.4);
#3470 = DIRECTION('',(-0.,4.440892098501E-16,-1.));
#3471 = PCURVE('',#3055,#3472);
#3472 = DEFINITIONAL_REPRESENTATION('',(#3473),#3477);
#3473 = LINE('',#3474,#3475);
#3474 = CARTESIAN_POINT('',(-0.,355.6));
#3475 = VECTOR('',#3476,1.);
#3476 = DIRECTION('',(-1.,0.));
#3477 = ( GEOMETRIC_REPRESENTATION_CONTEXT(2) 
PARAMETRIC_REPRESENTATION_CONTEXT() REPRESENTATION_CONTEXT('2D SPACE',''
  ) );
#3478 = PCURVE('',#3157,#3479);
#3479 = DEFINITIONAL_REPRESENTATION('',(#3480),#3484);
#3480 = LINE('',#3481,#3482);
#3481 = CARTESIAN_POINT('',(1.127986593019E-14,-381.));
#3482 = VECTOR('',#3483,1.);
#3483 = DIRECTION('',(-1.,0.));
#3484 = ( GEOMETRIC_REPRESENTATION_CONTEXT(2) 
PARAMETRIC_REPRESENTATION_CONTEXT() REPRESENTATION_CONTEXT('2D SPACE',''
  ) );
#3485 = ADVANCED_FACE('',(#3486,#3512,#3542,#3572,#3602),#3027,.F.);
#3486 = FACE_BOUND('',#3487,.T.);
#3487 = EDGE_LOOP('',(#3488,#3489,#3490,#3511));
#3488 = ORIENTED_EDGE('',*,*,#3011,.F.);
#3489 = ORIENTED_EDGE('',*,*,#3096,.T.);
#3490 = ORIENTED_EDGE('',*,*,#3491,.T.);
#3491 = EDGE_CURVE('',#3097,#3441,#3492,.T.);
#3492 = SURFACE_CURVE('',#3493,(#3497,#3504),.PCURVE_S1.);
#3493 = LINE('',#3494,#3495);
#3494 = CARTESIAN_POINT('',(355.6,-4.229949723822E-14,190.5));
#3495 = VECTOR('',#3496,25.4);
#3496 = DIRECTION('',(-0.,1.,4.440892098501E-16));
#3497 = PCURVE('',#3027,#3498);
#3498 = DEFINITIONAL_REPRESENTATION('',(#3499),#3503);
#3499 = LINE('',#3500,#3501);
#3500 = CARTESIAN_POINT('',(-355.6,0.));
#3501 = VECTOR('',#3502,1.);
#3502 = DIRECTION('',(-0.,1.));
#3503 = ( GEOMETRIC_REPRESENTATION_CONTEXT(2) 
PARAMETRIC_REPRESENTATION_CONTEXT() REPRESENTATION_CONTEXT('2D SPACE',''
  ) );
#3504 = PCURVE('',#3157,#3505);
#3505 = DEFINITIONAL_REPRESENTATION('',(#3506),#3510);
#3506 = LINE('',#3507,#3508);
#3507 = CARTESIAN_POINT('',(-0.,-0.));
#3508 = VECTOR('',#3509,1.);
#3509 = DIRECTION('',(-0.,-1.));
#3510 = ( GEOMETRIC_REPRESENTATION_CONTEXT(2) 
PARAMETRIC_REPRESENTATION_CONTEXT() REPRESENTATION_CONTEXT('2D SPACE',''
  ) );
#3511 = ORIENTED_EDGE('',*,*,#3440,.F.);
#3512 = FACE_BOUND('',#3513,.T.);
#3513 = EDGE_LOOP('',(#3514));
#3514 = ORIENTED_EDGE('',*,*,#3515,.F.);
#3515 = EDGE_CURVE('',#3516,#3516,#3518,.T.);
#3516 = VERTEX_POINT('',#3517);
#3517 = CARTESIAN_POINT('',(82.55,25.4,190.5));
#3518 = SURFACE_CURVE('',#3519,(#3524,#3535),.PCURVE_S1.);
#3519 = CIRCLE('',#3520,6.35);
#3520 = AXIS2_PLACEMENT_3D('',#3521,#3522,#3523);
#3521 = CARTESIAN_POINT('',(76.2,25.4,190.5));
#3522 = DIRECTION('',(0.,-4.440892098501E-16,1.));
#3523 = DIRECTION('',(1.,-0.,-0.));
#3524 = PCURVE('',#3027,#3525);
#3525 = DEFINITIONAL_REPRESENTATION('',(#3526),#3534);
#3526 = ( BOUNDED_CURVE() B_SPLINE_CURVE(2,(#3527,#3528,#3529,#3530,
#3531,#3532,#3533),.UNSPECIFIED.,.T.,.F.) B_SPLINE_CURVE_WITH_KNOTS((1,2
    ,2,2,2,1),(-2.094395102393,0.,2.094395102393,4.188790204786,
6.28318530718,8.377580409573),.UNSPECIFIED.) CURVE() 
GEOMETRIC_REPRESENTATION_ITEM() RATIONAL_B_SPLINE_CURVE((1.,0.5,1.,0.5,
1.,0.5,1.)) REPRESENTATION_ITEM('') );
#3527 = CARTESIAN_POINT('',(-82.55,25.4));
#3528 = CARTESIAN_POINT('',(-82.55,36.398522628062));
#3529 = CARTESIAN_POINT('',(-73.025,30.899261314031));
#3530 = CARTESIAN_POINT('',(-63.5,25.4));
#3531 = CARTESIAN_POINT('',(-73.025,19.900738685969));
#3532 = CARTESIAN_POINT('',(-82.55,14.401477371938));
#3533 = CARTESIAN_POINT('',(-82.55,25.4));
#3534 = ( GEOMETRIC_REPRESENTATION_CONTEXT(2) 
PARAMETRIC_REPRESENTATION_CONTEXT() REPRESENTATION_CONTEXT('2D SPACE',''
  ) );
#3535 = PCURVE('',#3241,#3536);
#3536 = DEFINITIONAL_REPRESENTATION('',(#3537),#3541);
#3537 = LINE('',#3538,#3539);
#3538 = CARTESIAN_POINT('',(-0.,0.254));
#3539 = VECTOR('',#3540,1.);
#3540 = DIRECTION('',(-1.,0.));
#3541 = ( GEOMETRIC_REPRESENTATION_CONTEXT(2) 
PARAMETRIC_REPRESENTATION_CONTEXT() REPRESENTATION_CONTEXT('2D SPACE',''
  ) );
#3542 = FACE_BOUND('',#3543,.T.);
#3543 = EDGE_LOOP('',(#3544));
#3544 = ORIENTED_EDGE('',*,*,#3545,.F.);
#3545 = EDGE_CURVE('',#3546,#3546,#3548,.T.);
#3546 = VERTEX_POINT('',#3547);
#3547 = CARTESIAN_POINT('',(285.75,25.4,190.5));
#3548 = SURFACE_CURVE('',#3549,(#3554,#3565),.PCURVE_S1.);
#3549 = CIRCLE('',#3550,6.35);
#3550 = AXIS2_PLACEMENT_3D('',#3551,#3552,#3553);
#3551 = CARTESIAN_POINT('',(279.4,25.4,190.5));
#3552 = DIRECTION('',(0.,-4.440892098501E-16,1.));
#3553 = DIRECTION('',(1.,-0.,-0.));
#3554 = PCURVE('',#3027,#3555);
#3555 = DEFINITIONAL_REPRESENTATION('',(#3556),#3564);
#3556 = ( BOUNDED_CURVE() B_SPLINE_CURVE(2,(#3557,#3558,#3559,#3560,
#3561,#3562,#3563),.UNSPECIFIED.,.T.,.F.) B_SPLINE_CURVE_WITH_KNOTS((1,2
    ,2,2,2,1),(-2.094395102393,0.,2.094395102393,4.188790204786,
6.28318530718,8.377580409573),.UNSPECIFIED.) CURVE() 
GEOMETRIC_REPRESENTATION_ITEM() RATIONAL_B_SPLINE_CURVE((1.,0.5,1.,0.5,
1.,0.5,1.)) REPRESENTATION_ITEM('') );
#3557 = CARTESIAN_POINT('',(-285.75,25.4));
#3558 = CARTESIAN_POINT('',(-285.75,36.398522628062));
#3559 = CARTESIAN_POINT('',(-276.225,30.899261314031));
#3560 = CARTESIAN_POINT('',(-266.7,25.4));
#3561 = CARTESIAN_POINT('',(-276.225,19.900738685969));
#3562 = CARTESIAN_POINT('',(-285.75,14.401477371938));
#3563 = CARTESIAN_POINT('',(-285.75,25.4));
#3564 = ( GEOMETRIC_REPRESENTATION_CONTEXT(2) 
PARAMETRIC_REPRESENTATION_CONTEXT() REPRESENTATION_CONTEXT('2D SPACE',''
  ) );
#3565 = PCURVE('',#3276,#3566);
#3566 = DEFINITIONAL_REPRESENTATION('',(#3567),#3571);
#3567 = LINE('',#3568,#3569);
#3568 = CARTESIAN_POINT('',(-0.,0.254));
#3569 = VECTOR('',#3570,1.);
#3570 = DIRECTION('',(-1.,0.));
#3571 = ( GEOMETRIC_REPRESENTATION_CONTEXT(2) 
PARAMETRIC_REPRESENTATION_CONTEXT() REPRESENTATION_CONTEXT('2D SPACE',''
  ) );
#3572 = FACE_BOUND('',#3573,.T.);
#3573 = EDGE_LOOP('',(#3574));
#3574 = ORIENTED_EDGE('',*,*,#3575,.F.);
#3575 = EDGE_CURVE('',#3576,#3576,#3578,.T.);
#3576 = VERTEX_POINT('',#3577);
#3577 = CARTESIAN_POINT('',(63.5,190.5,190.5));
#3578 = SURFACE_CURVE('',#3579,(#3584,#3595),.PCURVE_S1.);
#3579 = CIRCLE('',#3580,12.7);
#3580 = AXIS2_PLACEMENT_3D('',#3581,#3582,#3583);
#3581 = CARTESIAN_POINT('',(50.8,190.5,190.5));
#3582 = DIRECTION('',(0.,-4.440892098501E-16,1.));
#3583 = DIRECTION('',(1.,-0.,-0.));
#3584 = PCURVE('',#3027,#3585);
#3585 = DEFINITIONAL_REPRESENTATION('',(#3586),#3594);
#3586 = ( BOUNDED_CURVE() B_SPLINE_CURVE(2,(#3587,#3588,#3589,#3590,
#3591,#3592,#3593),.UNSPECIFIED.,.T.,.F.) B_SPLINE_CURVE_WITH_KNOTS((1,2
    ,2,2,2,1),(-2.094395102393,0.,2.094395102393,4.188790204786,
6.28318530718,8.377580409573),.UNSPECIFIED.) CURVE() 
GEOMETRIC_REPRESENTATION_ITEM() RATIONAL_B_SPLINE_CURVE((1.,0.5,1.,0.5,
1.,0.5,1.)) REPRESENTATION_ITEM('') );
#3587 = CARTESIAN_POINT('',(-63.5,190.5));
#3588 = CARTESIAN_POINT('',(-63.5,212.49704525612));
#3589 = CARTESIAN_POINT('',(-44.45,201.49852262806));
#3590 = CARTESIAN_POINT('',(-25.4,190.5));
#3591 = CARTESIAN_POINT('',(-44.45,179.50147737193));
#3592 = CARTESIAN_POINT('',(-63.5,168.50295474387));
#3593 = CARTESIAN_POINT('',(-63.5,190.5));
#3594 = ( GEOMETRIC_REPRESENTATION_CONTEXT(2) 
PARAMETRIC_REPRESENTATION_CONTEXT() REPRESENTATION_CONTEXT('2D SPACE',''
  ) );
#3595 = PCURVE('',#3311,#3596);
#3596 = DEFINITIONAL_REPRESENTATION('',(#3597),#3601);
#3597 = LINE('',#3598,#3599);
#3598 = CARTESIAN_POINT('',(-0.,0.254));
#3599 = VECTOR('',#3600,1.);
#3600 = DIRECTION('',(-1.,0.));
#3601 = ( GEOMETRIC_REPRESENTATION_CONTEXT(2) 
PARAMETRIC_REPRESENTATION_CONTEXT() REPRESENTATION_CONTEXT('2D SPACE',''
  ) );
#3602 = FACE_BOUND('',#3603,.T.);
#3603 = EDGE_LOOP('',(#3604,#3629,#3652,#3675));
#3604 = ORIENTED_EDGE('',*,*,#3605,.T.);
#3605 = EDGE_CURVE('',#3606,#3608,#3610,.T.);
#3606 = VERTEX_POINT('',#3607);
#3607 = CARTESIAN_POINT('',(190.5,80.01,190.5));
#3608 = VERTEX_POINT('',#3609);
#3609 = CARTESIAN_POINT('',(165.1,80.01,190.5));
#3610 = SURFACE_CURVE('',#3611,(#3615,#3622),.PCURVE_S1.);
#3611 = LINE('',#3612,#3613);
#3612 = CARTESIAN_POINT('',(82.55,80.01,190.5));
#3613 = VECTOR('',#3614,25.4);
#3614 = DIRECTION('',(-1.,-0.,-0.));
#3615 = PCURVE('',#3027,#3616);
#3616 = DEFINITIONAL_REPRESENTATION('',(#3617),#3621);
#3617 = LINE('',#3618,#3619);
#3618 = CARTESIAN_POINT('',(-82.55,80.01));
#3619 = VECTOR('',#3620,1.);
#3620 = DIRECTION('',(1.,-0.));
#3621 = ( GEOMETRIC_REPRESENTATION_CONTEXT(2) 
PARAMETRIC_REPRESENTATION_CONTEXT() REPRESENTATION_CONTEXT('2D SPACE',''
  ) );
#3622 = PCURVE('',#3343,#3623);
#3623 = DEFINITIONAL_REPRESENTATION('',(#3624),#3628);
#3624 = LINE('',#3625,#3626);
#3625 = CARTESIAN_POINT('',(-0.254,-82.55));
#3626 = VECTOR('',#3627,1.);
#3627 = DIRECTION('',(-0.,-1.));
#3628 = ( GEOMETRIC_REPRESENTATION_CONTEXT(2) 
PARAMETRIC_REPRESENTATION_CONTEXT() REPRESENTATION_CONTEXT('2D SPACE',''
  ) );
#3629 = ORIENTED_EDGE('',*,*,#3630,.T.);
#3630 = EDGE_CURVE('',#3608,#3631,#3633,.T.);
#3631 = VERTEX_POINT('',#3632);
#3632 = CARTESIAN_POINT('',(165.1,283.21,190.5));
#3633 = SURFACE_CURVE('',#3634,(#3638,#3645),.PCURVE_S1.);
#3634 = LINE('',#3635,#3636);
#3635 = CARTESIAN_POINT('',(165.1,40.005,190.5));
#3636 = VECTOR('',#3637,25.4);
#3637 = DIRECTION('',(-0.,1.,4.440892098501E-16));
#3638 = PCURVE('',#3027,#3639);
#3639 = DEFINITIONAL_REPRESENTATION('',(#3640),#3644);
#3640 = LINE('',#3641,#3642);
#3641 = CARTESIAN_POINT('',(-165.1,40.005));
#3642 = VECTOR('',#3643,1.);
#3643 = DIRECTION('',(-0.,1.));
#3644 = ( GEOMETRIC_REPRESENTATION_CONTEXT(2) 
PARAMETRIC_REPRESENTATION_CONTEXT() REPRESENTATION_CONTEXT('2D SPACE',''
  ) );
#3645 = PCURVE('',#3371,#3646);
#3646 = DEFINITIONAL_REPRESENTATION('',(#3647),#3651);
#3647 = LINE('',#3648,#3649);
#3648 = CARTESIAN_POINT('',(-0.254,40.005));
#3649 = VECTOR('',#3650,1.);
#3650 = DIRECTION('',(-0.,-1.));
#3651 = ( GEOMETRIC_REPRESENTATION_CONTEXT(2) 
PARAMETRIC_REPRESENTATION_CONTEXT() REPRESENTATION_CONTEXT('2D SPACE',''
  ) );
#3652 = ORIENTED_EDGE('',*,*,#3653,.F.);
#3653 = EDGE_CURVE('',#3654,#3631,#3656,.T.);
#3654 = VERTEX_POINT('',#3655);
#3655 = CARTESIAN_POINT('',(190.5,283.21,190.5));
#3656 = SURFACE_CURVE('',#3657,(#3661,#3668),.PCURVE_S1.);
#3657 = LINE('',#3658,#3659);
#3658 = CARTESIAN_POINT('',(82.55,283.21,190.5));
#3659 = VECTOR('',#3660,25.4);
#3660 = DIRECTION('',(-1.,-0.,-0.));
#3661 = PCURVE('',#3027,#3662);
#3662 = DEFINITIONAL_REPRESENTATION('',(#3663),#3667);
#3663 = LINE('',#3664,#3665);
#3664 = CARTESIAN_POINT('',(-82.55,283.21));
#3665 = VECTOR('',#3666,1.);
#3666 = DIRECTION('',(1.,-0.));
#3667 = ( GEOMETRIC_REPRESENTATION_CONTEXT(2) 
PARAMETRIC_REPRESENTATION_CONTEXT() REPRESENTATION_CONTEXT('2D SPACE',''
  ) );
#3668 = PCURVE('',#3399,#3669);
#3669 = DEFINITIONAL_REPRESENTATION('',(#3670),#3674);
#3670 = LINE('',#3671,#3672);
#3671 = CARTESIAN_POINT('',(-0.254,-82.55));
#3672 = VECTOR('',#3673,1.);
#3673 = DIRECTION('',(-0.,-1.));
#3674 = ( GEOMETRIC_REPRESENTATION_CONTEXT(2) 
PARAMETRIC_REPRESENTATION_CONTEXT() REPRESENTATION_CONTEXT('2D SPACE',''
  ) );
#3675 = ORIENTED_EDGE('',*,*,#3676,.F.);
#3676 = EDGE_CURVE('',#3606,#3654,#3677,.T.);
#3677 = SURFACE_CURVE('',#3678,(#3682,#3689),.PCURVE_S1.);
#3678 = LINE('',#3679,#3680);
#3679 = CARTESIAN_POINT('',(190.5,40.005,190.5));
#3680 = VECTOR('',#3681,25.4);
#3681 = DIRECTION('',(-0.,1.,4.440892098501E-16));
#3682 = PCURVE('',#3027,#3683);
#3683 = DEFINITIONAL_REPRESENTATION('',(#3684),#3688);
#3684 = LINE('',#3685,#3686);
#3685 = CARTESIAN_POINT('',(-190.5,40.005));
#3686 = VECTOR('',#3687,1.);
#3687 = DIRECTION('',(-0.,1.));
#3688 = ( GEOMETRIC_REPRESENTATION_CONTEXT(2) 
PARAMETRIC_REPRESENTATION_CONTEXT() REPRESENTATION_CONTEXT('2D SPACE',''
  ) );
#3689 = PCURVE('',#3425,#3690);
#3690 = DEFINITIONAL_REPRESENTATION('',(#3691),#3695);
#3691 = LINE('',#3692,#3693);
#3692 = CARTESIAN_POINT('',(-0.254,40.005));
#3693 = VECTOR('',#3694,1.);
#3694 = DIRECTION('',(-0.,-1.));
#3695 = ( GEOMETRIC_REPRESENTATION_CONTEXT(2) 
PARAMETRIC_REPRESENTATION_CONTEXT() REPRESENTATION_CONTEXT('2D SPACE',''
  ) );
#3696 = ADVANCED_FACE('',(#3697),#3157,.T.);
#3697 = FACE_BOUND('',#3698,.F.);
#3698 = EDGE_LOOP('',(#3699,#3700,#3701,#3702));
#3699 = ORIENTED_EDGE('',*,*,#3143,.F.);
#3700 = ORIENTED_EDGE('',*,*,#3491,.T.);
#3701 = ORIENTED_EDGE('',*,*,#3465,.T.);
#3702 = ORIENTED_EDGE('',*,*,#3174,.F.);
#3703 = ADVANCED_FACE('',(#3704),#3241,.F.);
#3704 = FACE_BOUND('',#3705,.T.);
#3705 = EDGE_LOOP('',(#3706,#3707,#3728,#3729));
#3706 = ORIENTED_EDGE('',*,*,#3220,.F.);
#3707 = ORIENTED_EDGE('',*,*,#3708,.F.);
#3708 = EDGE_CURVE('',#3516,#3221,#3709,.T.);
#3709 = SEAM_CURVE('',#3710,(#3714,#3721),.PCURVE_S1.);
#3710 = LINE('',#3711,#3712);
#3711 = CARTESIAN_POINT('',(82.55,25.4,190.754));
#3712 = VECTOR('',#3713,25.4);
#3713 = DIRECTION('',(-0.,4.440892098501E-16,-1.));
#3714 = PCURVE('',#3241,#3715);
#3715 = DEFINITIONAL_REPRESENTATION('',(#3716),#3720);
#3716 = LINE('',#3717,#3718);
#3717 = CARTESIAN_POINT('',(-6.28318530718,-0.));
#3718 = VECTOR('',#3719,1.);
#3719 = DIRECTION('',(-0.,1.));
#3720 = ( GEOMETRIC_REPRESENTATION_CONTEXT(2) 
PARAMETRIC_REPRESENTATION_CONTEXT() REPRESENTATION_CONTEXT('2D SPACE',''
  ) );
#3721 = PCURVE('',#3241,#3722);
#3722 = DEFINITIONAL_REPRESENTATION('',(#3723),#3727);
#3723 = LINE('',#3724,#3725);
#3724 = CARTESIAN_POINT('',(-0.,-0.));
#3725 = VECTOR('',#3726,1.);
#3726 = DIRECTION('',(-0.,1.));
#3727 = ( GEOMETRIC_REPRESENTATION_CONTEXT(2) 
PARAMETRIC_REPRESENTATION_CONTEXT() REPRESENTATION_CONTEXT('2D SPACE',''
  ) );
#3728 = ORIENTED_EDGE('',*,*,#3515,.T.);
#3729 = ORIENTED_EDGE('',*,*,#3708,.T.);
#3730 = ADVANCED_FACE('',(#3731),#3276,.F.);
#3731 = FACE_BOUND('',#3732,.T.);
#3732 = EDGE_LOOP('',(#3733,#3734,#3755,#3756));
#3733 = ORIENTED_EDGE('',*,*,#3255,.F.);
#3734 = ORIENTED_EDGE('',*,*,#3735,.F.);
#3735 = EDGE_CURVE('',#3546,#3256,#3736,.T.);
#3736 = SEAM_CURVE('',#3737,(#3741,#3748),.PCURVE_S1.);
#3737 = LINE('',#3738,#3739);
#3738 = CARTESIAN_POINT('',(285.75,25.4,190.754));
#3739 = VECTOR('',#3740,25.4);
#3740 = DIRECTION('',(-0.,4.440892098501E-16,-1.));
#3741 = PCURVE('',#3276,#3742);
#3742 = DEFINITIONAL_REPRESENTATION('',(#3743),#3747);
#3743 = LINE('',#3744,#3745);
#3744 = CARTESIAN_POINT('',(-6.28318530718,-0.));
#3745 = VECTOR('',#3746,1.);
#3746 = DIRECTION('',(-0.,1.));
#3747 = ( GEOMETRIC_REPRESENTATION_CONTEXT(2) 
PARAMETRIC_REPRESENTATION_CONTEXT() REPRESENTATION_CONTEXT('2D SPACE',''
  ) );
#3748 = PCURVE('',#3276,#3749);
#3749 = DEFINITIONAL_REPRESENTATION('',(#3750),#3754);
#3750 = LINE('',#3751,#3752);
#3751 = CARTESIAN_POINT('',(-0.,-0.));
#3752 = VECTOR('',#3753,1.);
#3753 = DIRECTION('',(-0.,1.));
#3754 = ( GEOMETRIC_REPRESENTATION_CONTEXT(2) 
PARAMETRIC_REPRESENTATION_CONTEXT() REPRESENTATION_CONTEXT('2D SPACE',''
  ) );
#3755 = ORIENTED_EDGE('',*,*,#3545,.T.);
#3756 = ORIENTED_EDGE('',*,*,#3735,.T.);
#3757 = ADVANCED_FACE('',(#3758),#3311,.F.);
#3758 = FACE_BOUND('',#3759,.T.);
#3759 = EDGE_LOOP('',(#3760,#3761,#3782,#3783));
#3760 = ORIENTED_EDGE('',*,*,#3290,.F.);
#3761 = ORIENTED_EDGE('',*,*,#3762,.F.);
#3762 = EDGE_CURVE('',#3576,#3291,#3763,.T.);
#3763 = SEAM_CURVE('',#3764,(#3768,#3775),.PCURVE_S1.);
#3764 = LINE('',#3765,#3766);
#3765 = CARTESIAN_POINT('',(63.5,190.5,190.754));
#3766 = VECTOR('',#3767,25.4);
#3767 = DIRECTION('',(-0.,4.440892098501E-16,-1.));
#3768 = PCURVE('',#3311,#3769);
#3769 = DEFINITIONAL_REPRESENTATION('',(#3770),#3774);
#3770 = LINE('',#3771,#3772);
#3771 = CARTESIAN_POINT('',(-6.28318530718,-0.));
#3772 = VECTOR('',#3773,1.);
#3773 = DIRECTION('',(-0.,1.));
#3774 = ( GEOMETRIC_REPRESENTATION_CONTEXT(2) 
PARAMETRIC_REPRESENTATION_CONTEXT() REPRESENTATION_CONTEXT('2D SPACE',''
  ) );
#3775 = PCURVE('',#3311,#3776);
#3776 = DEFINITIONAL_REPRESENTATION('',(#3777),#3781);
#3777 = LINE('',#3778,#3779);
#3778 = CARTESIAN_POINT('',(-0.,-0.));
#3779 = VECTOR('',#3780,1.);
#3780 = DIRECTION('',(-0.,1.));
#3781 = ( GEOMETRIC_REPRESENTATION_CONTEXT(2) 
PARAMETRIC_REPRESENTATION_CONTEXT() REPRESENTATION_CONTEXT('2D SPACE',''
  ) );
#3782 = ORIENTED_EDGE('',*,*,#3575,.T.);
#3783 = ORIENTED_EDGE('',*,*,#3762,.T.);
#3784 = ADVANCED_FACE('',(#3785),#3343,.T.);
#3785 = FACE_BOUND('',#3786,.F.);
#3786 = EDGE_LOOP('',(#3787,#3808,#3809,#3830));
#3787 = ORIENTED_EDGE('',*,*,#3788,.F.);
#3788 = EDGE_CURVE('',#3606,#3326,#3789,.T.);
#3789 = SURFACE_CURVE('',#3790,(#3794,#3801),.PCURVE_S1.);
#3790 = LINE('',#3791,#3792);
#3791 = CARTESIAN_POINT('',(190.5,80.01,190.754));
#3792 = VECTOR('',#3793,25.4);
#3793 = DIRECTION('',(-0.,4.440892098501E-16,-1.));
#3794 = PCURVE('',#3343,#3795);
#3795 = DEFINITIONAL_REPRESENTATION('',(#3796),#3800);
#3796 = LINE('',#3797,#3798);
#3797 = CARTESIAN_POINT('',(-0.,25.4));
#3798 = VECTOR('',#3799,1.);
#3799 = DIRECTION('',(-1.,0.));
#3800 = ( GEOMETRIC_REPRESENTATION_CONTEXT(2) 
PARAMETRIC_REPRESENTATION_CONTEXT() REPRESENTATION_CONTEXT('2D SPACE',''
  ) );
#3801 = PCURVE('',#3425,#3802);
#3802 = DEFINITIONAL_REPRESENTATION('',(#3803),#3807);
#3803 = LINE('',#3804,#3805);
#3804 = CARTESIAN_POINT('',(-0.,-0.));
#3805 = VECTOR('',#3806,1.);
#3806 = DIRECTION('',(-1.,0.));
#3807 = ( GEOMETRIC_REPRESENTATION_CONTEXT(2) 
PARAMETRIC_REPRESENTATION_CONTEXT() REPRESENTATION_CONTEXT('2D SPACE',''
  ) );
#3808 = ORIENTED_EDGE('',*,*,#3605,.T.);
#3809 = ORIENTED_EDGE('',*,*,#3810,.T.);
#3810 = EDGE_CURVE('',#3608,#3328,#3811,.T.);
#3811 = SURFACE_CURVE('',#3812,(#3816,#3823),.PCURVE_S1.);
#3812 = LINE('',#3813,#3814);
#3813 = CARTESIAN_POINT('',(165.1,80.01,190.754));
#3814 = VECTOR('',#3815,25.4);
#3815 = DIRECTION('',(-0.,4.440892098501E-16,-1.));
#3816 = PCURVE('',#3343,#3817);
#3817 = DEFINITIONAL_REPRESENTATION('',(#3818),#3822);
#3818 = LINE('',#3819,#3820);
#3819 = CARTESIAN_POINT('',(-0.,0.));
#3820 = VECTOR('',#3821,1.);
#3821 = DIRECTION('',(-1.,0.));
#3822 = ( GEOMETRIC_REPRESENTATION_CONTEXT(2) 
PARAMETRIC_REPRESENTATION_CONTEXT() REPRESENTATION_CONTEXT('2D SPACE',''
  ) );
#3823 = PCURVE('',#3371,#3824);
#3824 = DEFINITIONAL_REPRESENTATION('',(#3825),#3829);
#3825 = LINE('',#3826,#3827);
#3826 = CARTESIAN_POINT('',(-0.,-0.));
#3827 = VECTOR('',#3828,1.);
#3828 = DIRECTION('',(-1.,0.));
#3829 = ( GEOMETRIC_REPRESENTATION_CONTEXT(2) 
PARAMETRIC_REPRESENTATION_CONTEXT() REPRESENTATION_CONTEXT('2D SPACE',''
  ) );
#3830 = ORIENTED_EDGE('',*,*,#3325,.F.);
#3831 = ADVANCED_FACE('',(#3832),#3425,.F.);
#3832 = FACE_BOUND('',#3833,.T.);
#3833 = EDGE_LOOP('',(#3834,#3835,#3836,#3857));
#3834 = ORIENTED_EDGE('',*,*,#3788,.F.);
#3835 = ORIENTED_EDGE('',*,*,#3676,.T.);
#3836 = ORIENTED_EDGE('',*,*,#3837,.T.);
#3837 = EDGE_CURVE('',#3654,#3384,#3838,.T.);
#3838 = SURFACE_CURVE('',#3839,(#3843,#3850),.PCURVE_S1.);
#3839 = LINE('',#3840,#3841);
#3840 = CARTESIAN_POINT('',(190.5,283.21,190.754));
#3841 = VECTOR('',#3842,25.4);
#3842 = DIRECTION('',(-0.,4.440892098501E-16,-1.));
#3843 = PCURVE('',#3425,#3844);
#3844 = DEFINITIONAL_REPRESENTATION('',(#3845),#3849);
#3845 = LINE('',#3846,#3847);
#3846 = CARTESIAN_POINT('',(-0.,-203.2));
#3847 = VECTOR('',#3848,1.);
#3848 = DIRECTION('',(-1.,0.));
#3849 = ( GEOMETRIC_REPRESENTATION_CONTEXT(2) 
PARAMETRIC_REPRESENTATION_CONTEXT() REPRESENTATION_CONTEXT('2D SPACE',''
  ) );
#3850 = PCURVE('',#3399,#3851);
#3851 = DEFINITIONAL_REPRESENTATION('',(#3852),#3856);
#3852 = LINE('',#3853,#3854);
#3853 = CARTESIAN_POINT('',(-0.,25.4));
#3854 = VECTOR('',#3855,1.);
#3855 = DIRECTION('',(-1.,0.));
#3856 = ( GEOMETRIC_REPRESENTATION_CONTEXT(2) 
PARAMETRIC_REPRESENTATION_CONTEXT() REPRESENTATION_CONTEXT('2D SPACE',''
  ) );
#3857 = ORIENTED_EDGE('',*,*,#3411,.F.);
#3858 = ADVANCED_FACE('',(#3859),#3399,.F.);
#3859 = FACE_BOUND('',#3860,.T.);
#3860 = EDGE_LOOP('',(#3861,#3862,#3863,#3884));
#3861 = ORIENTED_EDGE('',*,*,#3837,.F.);
#3862 = ORIENTED_EDGE('',*,*,#3653,.T.);
#3863 = ORIENTED_EDGE('',*,*,#3864,.T.);
#3864 = EDGE_CURVE('',#3631,#3356,#3865,.T.);
#3865 = SURFACE_CURVE('',#3866,(#3870,#3877),.PCURVE_S1.);
#3866 = LINE('',#3867,#3868);
#3867 = CARTESIAN_POINT('',(165.1,283.21,190.754));
#3868 = VECTOR('',#3869,25.4);
#3869 = DIRECTION('',(-0.,4.440892098501E-16,-1.));
#3870 = PCURVE('',#3399,#3871);
#3871 = DEFINITIONAL_REPRESENTATION('',(#3872),#3876);
#3872 = LINE('',#3873,#3874);
#3873 = CARTESIAN_POINT('',(-0.,0.));
#3874 = VECTOR('',#3875,1.);
#3875 = DIRECTION('',(-1.,0.));
#3876 = ( GEOMETRIC_REPRESENTATION_CONTEXT(2) 
PARAMETRIC_REPRESENTATION_CONTEXT() REPRESENTATION_CONTEXT('2D SPACE',''
  ) );
#3877 = PCURVE('',#3371,#3878);
#3878 = DEFINITIONAL_REPRESENTATION('',(#3879),#3883);
#3879 = LINE('',#3880,#3881);
#3880 = CARTESIAN_POINT('',(-0.,-203.2));
#3881 = VECTOR('',#3882,1.);
#3882 = DIRECTION('',(-1.,0.));
#3883 = ( GEOMETRIC_REPRESENTATION_CONTEXT(2) 
PARAMETRIC_REPRESENTATION_CONTEXT() REPRESENTATION_CONTEXT('2D SPACE',''
  ) );
#3884 = ORIENTED_EDGE('',*,*,#3383,.F.);
#3885 = ADVANCED_FACE('',(#3886),#3371,.T.);
#3886 = FACE_BOUND('',#3887,.F.);
#3887 = EDGE_LOOP('',(#3888,#3889,#3890,#3891));
#3888 = ORIENTED_EDGE('',*,*,#3810,.F.);
#3889 = ORIENTED_EDGE('',*,*,#3630,.T.);
#3890 = ORIENTED_EDGE('',*,*,#3864,.T.);
#3891 = ORIENTED_EDGE('',*,*,#3355,.F.);
#3892 = ( GEOMETRIC_REPRESENTATION_CONTEXT(3) 
GLOBAL_UNCERTAINTY_ASSIGNED_CONTEXT((#3896)) 
GLOBAL_UNIT_ASSIGNED_CONTEXT((#3893,#3894,#3895)) REPRESENTATION_CONTEXT
('Context #1','3D Context with UNIT and UNCERTAINTY') );
#3893 = ( LENGTH_UNIT() NAMED_UNIT(*) SI_UNIT(.MILLI.,.METRE.) );
#3894 = ( NAMED_UNIT(*) PLANE_ANGLE_UNIT() SI_UNIT($,.RADIAN.) );
#3895 = ( NAMED_UNIT(*) SI_UNIT($,.STERADIAN.) SOLID_ANGLE_UNIT() );
#3896 = UNCERTAINTY_MEASURE_WITH_UNIT(LENGTH_MEASURE(2.54E-06),#3893,
  'distance_accuracy_value','confusion accuracy');
#3897 = CONTEXT_DEPENDENT_SHAPE_REPRESENTATION(#3898,#3900);
#3898 = ( REPRESENTATION_RELATIONSHIP('','',#2969,#10) 
REPRESENTATION_RELATIONSHIP_WITH_TRANSFORMATION(#3899) 
SHAPE_REPRESENTATION_RELATIONSHIP() );
#3899 = ITEM_DEFINED_TRANSFORMATION('','',#11,#27);
#3900 = PRODUCT_DEFINITION_SHAPE('Placement','Placement of an item',
  #3901);
#3901 = NEXT_ASSEMBLY_USAGE_OCCURRENCE('4','Side Plate (mirror)','',#5,
  #2964,$);
#3902 = PRODUCT_RELATED_PRODUCT_CATEGORY('part',$,(#2966));
#3903 = SHAPE_DEFINITION_REPRESENTATION(#3904,#3910);
#3904 = PRODUCT_DEFINITION_SHAPE('','',#3905);
#3905 = PRODUCT_DEFINITION('design','',#3906,#3909);
#3906 = PRODUCT_DEFINITION_FORMATION('','',#3907);
#3907 = PRODUCT('End Plate','End Plate','',(#3908));
#3908 = PRODUCT_CONTEXT('',#2,'mechanical');
#3909 = PRODUCT_DEFINITION_CONTEXT('part definition',#2,'design');
#3910 = ADVANCED_BREP_SHAPE_REPRESENTATION('',(#11,#3911),#4241);
#3911 = MANIFOLD_SOLID_BREP('',#3912);
#3912 = CLOSED_SHELL('',(#3913,#4033,#4133,#4180,#4227,#4234));
#3913 = ADVANCED_FACE('',(#3914),#3928,.F.);
#3914 = FACE_BOUND('',#3915,.F.);
#3915 = EDGE_LOOP('',(#3916,#3951,#3979,#4007));
#3916 = ORIENTED_EDGE('',*,*,#3917,.F.);
#3917 = EDGE_CURVE('',#3918,#3920,#3922,.T.);
#3918 = VERTEX_POINT('',#3919);
#3919 = CARTESIAN_POINT('',(0.,0.,0.));
#3920 = VERTEX_POINT('',#3921);
#3921 = CARTESIAN_POINT('',(0.,0.,6.35));
#3922 = SURFACE_CURVE('',#3923,(#3927,#3939),.PCURVE_S1.);
#3923 = LINE('',#3924,#3925);
#3924 = CARTESIAN_POINT('',(0.,0.,0.));
#3925 = VECTOR('',#3926,25.4);
#3926 = DIRECTION('',(0.,0.,1.));
#3927 = PCURVE('',#3928,#3933);
#3928 = PLANE('',#3929);
#3929 = AXIS2_PLACEMENT_3D('',#3930,#3931,#3932);
#3930 = CARTESIAN_POINT('',(0.,0.,0.));
#3931 = DIRECTION('',(1.,0.,-0.));
#3932 = DIRECTION('',(0.,0.,1.));
#3933 = DEFINITIONAL_REPRESENTATION('',(#3934),#3938);
#3934 = LINE('',#3935,#3936);
#3935 = CARTESIAN_POINT('',(0.,0.));
#3936 = VECTOR('',#3937,1.);
#3937 = DIRECTION('',(1.,0.));
#3938 = ( GEOMETRIC_REPRESENTATION_CONTEXT(2) 
PARAMETRIC_REPRESENTATION_CONTEXT() REPRESENTATION_CONTEXT('2D SPACE',''
  ) );
#3939 = PCURVE('',#3940,#3945);
#3940 = PLANE('',#3941);
#3941 = AXIS2_PLACEMENT_3D('',#3942,#3943,#3944);
#3942 = CARTESIAN_POINT('',(0.,0.,0.));
#3943 = DIRECTION('',(-0.,1.,0.));
#3944 = DIRECTION('',(0.,0.,1.));
#3945 = DEFINITIONAL_REPRESENTATION('',(#3946),#3950);
#3946 = LINE('',#3947,#3948);
#3947 = CARTESIAN_POINT('',(0.,0.));
#3948 = VECTOR('',#3949,1.);
#3949 = DIRECTION('',(1.,0.));
#3950 = ( GEOMETRIC_REPRESENTATION_CONTEXT(2) 
PARAMETRIC_REPRESENTATION_CONTEXT() REPRESENTATION_CONTEXT('2D SPACE',''
  ) );
#3951 = ORIENTED_EDGE('',*,*,#3952,.T.);
#3952 = EDGE_CURVE('',#3918,#3953,#3955,.T.);
#3953 = VERTEX_POINT('',#3954);
#3954 = CARTESIAN_POINT('',(0.,190.5,0.));
#3955 = SURFACE_CURVE('',#3956,(#3960,#3967),.PCURVE_S1.);
#3956 = LINE('',#3957,#3958);
#3957 = CARTESIAN_POINT('',(0.,0.,0.));
#3958 = VECTOR('',#3959,25.4);
#3959 = DIRECTION('',(-0.,1.,0.));
#3960 = PCURVE('',#3928,#3961);
#3961 = DEFINITIONAL_REPRESENTATION('',(#3962),#3966);
#3962 = LINE('',#3963,#3964);
#3963 = CARTESIAN_POINT('',(0.,0.));
#3964 = VECTOR('',#3965,1.);
#3965 = DIRECTION('',(0.,-1.));
#3966 = ( GEOMETRIC_REPRESENTATION_CONTEXT(2) 
PARAMETRIC_REPRESENTATION_CONTEXT() REPRESENTATION_CONTEXT('2D SPACE',''
  ) );
#3967 = PCURVE('',#3968,#3973);
#3968 = PLANE('',#3969);
#3969 = AXIS2_PLACEMENT_3D('',#3970,#3971,#3972);
#3970 = CARTESIAN_POINT('',(0.,0.,0.));
#3971 = DIRECTION('',(0.,0.,1.));
#3972 = DIRECTION('',(1.,0.,-0.));
#3973 = DEFINITIONAL_REPRESENTATION('',(#3974),#3978);
#3974 = LINE('',#3975,#3976);
#3975 = CARTESIAN_POINT('',(0.,0.));
#3976 = VECTOR('',#3977,1.);
#3977 = DIRECTION('',(0.,1.));
#3978 = ( GEOMETRIC_REPRESENTATION_CONTEXT(2) 
PARAMETRIC_REPRESENTATION_CONTEXT() REPRESENTATION_CONTEXT('2D SPACE',''
  ) );
#3979 = ORIENTED_EDGE('',*,*,#3980,.T.);
#3980 = EDGE_CURVE('',#3953,#3981,#3983,.T.);
#3981 = VERTEX_POINT('',#3982);
#3982 = CARTESIAN_POINT('',(0.,190.5,6.35));
#3983 = SURFACE_CURVE('',#3984,(#3988,#3995),.PCURVE_S1.);
#3984 = LINE('',#3985,#3986);
#3985 = CARTESIAN_POINT('',(0.,190.5,0.));
#3986 = VECTOR('',#3987,25.4);
#3987 = DIRECTION('',(0.,0.,1.));
#3988 = PCURVE('',#3928,#3989);
#3989 = DEFINITIONAL_REPRESENTATION('',(#3990),#3994);
#3990 = LINE('',#3991,#3992);
#3991 = CARTESIAN_POINT('',(0.,-190.5));
#3992 = VECTOR('',#3993,1.);
#3993 = DIRECTION('',(1.,0.));
#3994 = ( GEOMETRIC_REPRESENTATION_CONTEXT(2) 
PARAMETRIC_REPRESENTATION_CONTEXT() REPRESENTATION_CONTEXT('2D SPACE',''
  ) );
#3995 = PCURVE('',#3996,#4001);
#3996 = PLANE('',#3997);
#3997 = AXIS2_PLACEMENT_3D('',#3998,#3999,#4000);
#3998 = CARTESIAN_POINT('',(0.,190.5,0.));
#3999 = DIRECTION('',(-0.,1.,0.));
#4000 = DIRECTION('',(0.,0.,1.));
#4001 = DEFINITIONAL_REPRESENTATION('',(#4002),#4006);
#4002 = LINE('',#4003,#4004);
#4003 = CARTESIAN_POINT('',(0.,0.));
#4004 = VECTOR('',#4005,1.);
#4005 = DIRECTION('',(1.,0.));
#4006 = ( GEOMETRIC_REPRESENTATION_CONTEXT(2) 
PARAMETRIC_REPRESENTATION_CONTEXT() REPRESENTATION_CONTEXT('2D SPACE',''
  ) );
#4007 = ORIENTED_EDGE('',*,*,#4008,.F.);
#4008 = EDGE_CURVE('',#3920,#3981,#4009,.T.);
#4009 = SURFACE_CURVE('',#4010,(#4014,#4021),.PCURVE_S1.);
#4010 = LINE('',#4011,#4012);
#4011 = CARTESIAN_POINT('',(0.,0.,6.35));
#4012 = VECTOR('',#4013,25.4);
#4013 = DIRECTION('',(-0.,1.,0.));
#4014 = PCURVE('',#3928,#4015);
#4015 = DEFINITIONAL_REPRESENTATION('',(#4016),#4020);
#4016 = LINE('',#4017,#4018);
#4017 = CARTESIAN_POINT('',(6.35,0.));
#4018 = VECTOR('',#4019,1.);
#4019 = DIRECTION('',(0.,-1.));
#4020 = ( GEOMETRIC_REPRESENTATION_CONTEXT(2) 
PARAMETRIC_REPRESENTATION_CONTEXT() REPRESENTATION_CONTEXT('2D SPACE',''
  ) );
#4021 = PCURVE('',#4022,#4027);
#4022 = PLANE('',#4023);
#4023 = AXIS2_PLACEMENT_3D('',#4024,#4025,#4026);
#4024 = CARTESIAN_POINT('',(0.,0.,6.35));
#4025 = DIRECTION('',(0.,0.,1.));
#4026 = DIRECTION('',(1.,0.,-0.));
#4027 = DEFINITIONAL_REPRESENTATION('',(#4028),#4032);
#4028 = LINE('',#4029,#4030);
#4029 = CARTESIAN_POINT('',(0.,0.));
#4030 = VECTOR('',#4031,1.);
#4031 = DIRECTION('',(0.,1.));
#4032 = ( GEOMETRIC_REPRESENTATION_CONTEXT(2) 
PARAMETRIC_REPRESENTATION_CONTEXT() REPRESENTATION_CONTEXT('2D SPACE',''
  ) );
#4033 = ADVANCED_FACE('',(#4034),#4048,.T.);
#4034 = FACE_BOUND('',#4035,.T.);
#4035 = EDGE_LOOP('',(#4036,#4066,#4089,#4112));
#4036 = ORIENTED_EDGE('',*,*,#4037,.F.);
#4037 = EDGE_CURVE('',#4038,#4040,#4042,.T.);
#4038 = VERTEX_POINT('',#4039);
#4039 = CARTESIAN_POINT('',(190.5,0.,0.));
#4040 = VERTEX_POINT('',#4041);
#4041 = CARTESIAN_POINT('',(190.5,0.,6.35));
#4042 = SURFACE_CURVE('',#4043,(#4047,#4059),.PCURVE_S1.);
#4043 = LINE('',#4044,#4045);
#4044 = CARTESIAN_POINT('',(190.5,0.,0.));
#4045 = VECTOR('',#4046,25.4);
#4046 = DIRECTION('',(0.,0.,1.));
#4047 = PCURVE('',#4048,#4053);
#4048 = PLANE('',#4049);
#4049 = AXIS2_PLACEMENT_3D('',#4050,#4051,#4052);
#4050 = CARTESIAN_POINT('',(190.5,0.,0.));
#4051 = DIRECTION('',(1.,0.,-0.));
#4052 = DIRECTION('',(0.,0.,1.));
#4053 = DEFINITIONAL_REPRESENTATION('',(#4054),#4058);
#4054 = LINE('',#4055,#4056);
#4055 = CARTESIAN_POINT('',(0.,0.));
#4056 = VECTOR('',#4057,1.);
#4057 = DIRECTION('',(1.,0.));
#4058 = ( GEOMETRIC_REPRESENTATION_CONTEXT(2) 
PARAMETRIC_REPRESENTATION_CONTEXT() REPRESENTATION_CONTEXT('2D SPACE',''
  ) );
#4059 = PCURVE('',#3940,#4060);
#4060 = DEFINITIONAL_REPRESENTATION('',(#4061),#4065);
#4061 = LINE('',#4062,#4063);
#4062 = CARTESIAN_POINT('',(0.,190.5));
#4063 = VECTOR('',#4064,1.);
#4064 = DIRECTION('',(1.,0.));
#4065 = ( GEOMETRIC_REPRESENTATION_CONTEXT(2) 
PARAMETRIC_REPRESENTATION_CONTEXT() REPRESENTATION_CONTEXT('2D SPACE',''
  ) );
#4066 = ORIENTED_EDGE('',*,*,#4067,.T.);
#4067 = EDGE_CURVE('',#4038,#4068,#4070,.T.);
#4068 = VERTEX_POINT('',#4069);
#4069 = CARTESIAN_POINT('',(190.5,190.5,0.));
#4070 = SURFACE_CURVE('',#4071,(#4075,#4082),.PCURVE_S1.);
#4071 = LINE('',#4072,#4073);
#4072 = CARTESIAN_POINT('',(190.5,0.,0.));
#4073 = VECTOR('',#4074,25.4);
#4074 = DIRECTION('',(-0.,1.,0.));
#4075 = PCURVE('',#4048,#4076);
#4076 = DEFINITIONAL_REPRESENTATION('',(#4077),#4081);
#4077 = LINE('',#4078,#4079);
#4078 = CARTESIAN_POINT('',(0.,0.));
#4079 = VECTOR('',#4080,1.);
#4080 = DIRECTION('',(0.,-1.));
#4081 = ( GEOMETRIC_REPRESENTATION_CONTEXT(2) 
PARAMETRIC_REPRESENTATION_CONTEXT() REPRESENTATION_CONTEXT('2D SPACE',''
  ) );
#4082 = PCURVE('',#3968,#4083);
#4083 = DEFINITIONAL_REPRESENTATION('',(#4084),#4088);
#4084 = LINE('',#4085,#4086);
#4085 = CARTESIAN_POINT('',(190.5,0.));
#4086 = VECTOR('',#4087,1.);
#4087 = DIRECTION('',(0.,1.));
#4088 = ( GEOMETRIC_REPRESENTATION_CONTEXT(2) 
PARAMETRIC_REPRESENTATION_CONTEXT() REPRESENTATION_CONTEXT('2D SPACE',''
  ) );
#4089 = ORIENTED_EDGE('',*,*,#4090,.T.);
#4090 = EDGE_CURVE('',#4068,#4091,#4093,.T.);
#4091 = VERTEX_POINT('',#4092);
#4092 = CARTESIAN_POINT('',(190.5,190.5,6.35));
#4093 = SURFACE_CURVE('',#4094,(#4098,#4105),.PCURVE_S1.);
#4094 = LINE('',#4095,#4096);
#4095 = CARTESIAN_POINT('',(190.5,190.5,0.));
#4096 = VECTOR('',#4097,25.4);
#4097 = DIRECTION('',(0.,0.,1.));
#4098 = PCURVE('',#4048,#4099);
#4099 = DEFINITIONAL_REPRESENTATION('',(#4100),#4104);
#4100 = LINE('',#4101,#4102);
#4101 = CARTESIAN_POINT('',(0.,-190.5));
#4102 = VECTOR('',#4103,1.);
#4103 = DIRECTION('',(1.,0.));
#4104 = ( GEOMETRIC_REPRESENTATION_CONTEXT(2) 
PARAMETRIC_REPRESENTATION_CONTEXT() REPRESENTATION_CONTEXT('2D SPACE',''
  ) );
#4105 = PCURVE('',#3996,#4106);
#4106 = DEFINITIONAL_REPRESENTATION('',(#4107),#4111);
#4107 = LINE('',#4108,#4109);
#4108 = CARTESIAN_POINT('',(0.,190.5));
#4109 = VECTOR('',#4110,1.);
#4110 = DIRECTION('',(1.,0.));
#4111 = ( GEOMETRIC_REPRESENTATION_CONTEXT(2) 
PARAMETRIC_REPRESENTATION_CONTEXT() REPRESENTATION_CONTEXT('2D SPACE',''
  ) );
#4112 = ORIENTED_EDGE('',*,*,#4113,.F.);
#4113 = EDGE_CURVE('',#4040,#4091,#4114,.T.);
#4114 = SURFACE_CURVE('',#4115,(#4119,#4126),.PCURVE_S1.);
#4115 = LINE('',#4116,#4117);
#4116 = CARTESIAN_POINT('',(190.5,0.,6.35));
#4117 = VECTOR('',#4118,25.4);
#4118 = DIRECTION('',(-0.,1.,0.));
#4119 = PCURVE('',#4048,#4120);
#4120 = DEFINITIONAL_REPRESENTATION('',(#4121),#4125);
#4121 = LINE('',#4122,#4123);
#4122 = CARTESIAN_POINT('',(6.35,0.));
#4123 = VECTOR('',#4124,1.);
#4124 = DIRECTION('',(0.,-1.));
#4125 = ( GEOMETRIC_REPRESENTATION_CONTEXT(2) 
PARAMETRIC_REPRESENTATION_CONTEXT() REPRESENTATION_CONTEXT('2D SPACE',''
  ) );
#4126 = PCURVE('',#4022,#4127);
#4127 = DEFINITIONAL_REPRESENTATION('',(#4128),#4132);
#4128 = LINE('',#4129,#4130);
#4129 = CARTESIAN_POINT('',(190.5,0.));
#4130 = VECTOR('',#4131,1.);
#4131 = DIRECTION('',(0.,1.));
#4132 = ( GEOMETRIC_REPRESENTATION_CONTEXT(2) 
PARAMETRIC_REPRESENTATION_CONTEXT() REPRESENTATION_CONTEXT('2D SPACE',''
  ) );
#4133 = ADVANCED_FACE('',(#4134),#3940,.F.);
#4134 = FACE_BOUND('',#4135,.F.);
#4135 = EDGE_LOOP('',(#4136,#4157,#4158,#4179));
#4136 = ORIENTED_EDGE('',*,*,#4137,.F.);
#4137 = EDGE_CURVE('',#3918,#4038,#4138,.T.);
#4138 = SURFACE_CURVE('',#4139,(#4143,#4150),.PCURVE_S1.);
#4139 = LINE('',#4140,#4141);
#4140 = CARTESIAN_POINT('',(0.,0.,0.));
#4141 = VECTOR('',#4142,25.4);
#4142 = DIRECTION('',(1.,0.,-0.));
#4143 = PCURVE('',#3940,#4144);
#4144 = DEFINITIONAL_REPRESENTATION('',(#4145),#4149);
#4145 = LINE('',#4146,#4147);
#4146 = CARTESIAN_POINT('',(0.,0.));
#4147 = VECTOR('',#4148,1.);
#4148 = DIRECTION('',(0.,1.));
#4149 = ( GEOMETRIC_REPRESENTATION_CONTEXT(2) 
PARAMETRIC_REPRESENTATION_CONTEXT() REPRESENTATION_CONTEXT('2D SPACE',''
  ) );
#4150 = PCURVE('',#3968,#4151);
#4151 = DEFINITIONAL_REPRESENTATION('',(#4152),#4156);
#4152 = LINE('',#4153,#4154);
#4153 = CARTESIAN_POINT('',(0.,0.));
#4154 = VECTOR('',#4155,1.);
#4155 = DIRECTION('',(1.,0.));
#4156 = ( GEOMETRIC_REPRESENTATION_CONTEXT(2) 
PARAMETRIC_REPRESENTATION_CONTEXT() REPRESENTATION_CONTEXT('2D SPACE',''
  ) );
#4157 = ORIENTED_EDGE('',*,*,#3917,.T.);
#4158 = ORIENTED_EDGE('',*,*,#4159,.T.);
#4159 = EDGE_CURVE('',#3920,#4040,#4160,.T.);
#4160 = SURFACE_CURVE('',#4161,(#4165,#4172),.PCURVE_S1.);
#4161 = LINE('',#4162,#4163);
#4162 = CARTESIAN_POINT('',(0.,0.,6.35));
#4163 = VECTOR('',#4164,25.4);
#4164 = DIRECTION('',(1.,0.,-0.));
#4165 = PCURVE('',#3940,#4166);
#4166 = DEFINITIONAL_REPRESENTATION('',(#4167),#4171);
#4167 = LINE('',#4168,#4169);
#4168 = CARTESIAN_POINT('',(6.35,0.));
#4169 = VECTOR('',#4170,1.);
#4170 = DIRECTION('',(0.,1.));
#4171 = ( GEOMETRIC_REPRESENTATION_CONTEXT(2) 
PARAMETRIC_REPRESENTATION_CONTEXT() REPRESENTATION_CONTEXT('2D SPACE',''
  ) );
#4172 = PCURVE('',#4022,#4173);
#4173 = DEFINITIONAL_REPRESENTATION('',(#4174),#4178);
#4174 = LINE('',#4175,#4176);
#4175 = CARTESIAN_POINT('',(0.,0.));
#4176 = VECTOR('',#4177,1.);
#4177 = DIRECTION('',(1.,0.));
#4178 = ( GEOMETRIC_REPRESENTATION_CONTEXT(2) 
PARAMETRIC_REPRESENTATION_CONTEXT() REPRESENTATION_CONTEXT('2D SPACE',''
  ) );
#4179 = ORIENTED_EDGE('',*,*,#4037,.F.);
#4180 = ADVANCED_FACE('',(#4181),#3996,.T.);
#4181 = FACE_BOUND('',#4182,.T.);
#4182 = EDGE_LOOP('',(#4183,#4204,#4205,#4226));
#4183 = ORIENTED_EDGE('',*,*,#4184,.F.);
#4184 = EDGE_CURVE('',#3953,#4068,#4185,.T.);
#4185 = SURFACE_CURVE('',#4186,(#4190,#4197),.PCURVE_S1.);
#4186 = LINE('',#4187,#4188);
#4187 = CARTESIAN_POINT('',(0.,190.5,0.));
#4188 = VECTOR('',#4189,25.4);
#4189 = DIRECTION('',(1.,0.,-0.));
#4190 = PCURVE('',#3996,#4191);
#4191 = DEFINITIONAL_REPRESENTATION('',(#4192),#4196);
#4192 = LINE('',#4193,#4194);
#4193 = CARTESIAN_POINT('',(0.,0.));
#4194 = VECTOR('',#4195,1.);
#4195 = DIRECTION('',(0.,1.));
#4196 = ( GEOMETRIC_REPRESENTATION_CONTEXT(2) 
PARAMETRIC_REPRESENTATION_CONTEXT() REPRESENTATION_CONTEXT('2D SPACE',''
  ) );
#4197 = PCURVE('',#3968,#4198);
#4198 = DEFINITIONAL_REPRESENTATION('',(#4199),#4203);
#4199 = LINE('',#4200,#4201);
#4200 = CARTESIAN_POINT('',(0.,190.5));
#4201 = VECTOR('',#4202,1.);
#4202 = DIRECTION('',(1.,0.));
#4203 = ( GEOMETRIC_REPRESENTATION_CONTEXT(2) 
PARAMETRIC_REPRESENTATION_CONTEXT() REPRESENTATION_CONTEXT('2D SPACE',''
  ) );
#4204 = ORIENTED_EDGE('',*,*,#3980,.T.);
#4205 = ORIENTED_EDGE('',*,*,#4206,.T.);
#4206 = EDGE_CURVE('',#3981,#4091,#4207,.T.);
#4207 = SURFACE_CURVE('',#4208,(#4212,#4219),.PCURVE_S1.);
#4208 = LINE('',#4209,#4210);
#4209 = CARTESIAN_POINT('',(0.,190.5,6.35));
#4210 = VECTOR('',#4211,25.4);
#4211 = DIRECTION('',(1.,0.,-0.));
#4212 = PCURVE('',#3996,#4213);
#4213 = DEFINITIONAL_REPRESENTATION('',(#4214),#4218);
#4214 = LINE('',#4215,#4216);
#4215 = CARTESIAN_POINT('',(6.35,0.));
#4216 = VECTOR('',#4217,1.);
#4217 = DIRECTION('',(0.,1.));
#4218 = ( GEOMETRIC_REPRESENTATION_CONTEXT(2) 
PARAMETRIC_REPRESENTATION_CONTEXT() REPRESENTATION_CONTEXT('2D SPACE',''
  ) );
#4219 = PCURVE('',#4022,#4220);
#4220 = DEFINITIONAL_REPRESENTATION('',(#4221),#4225);
#4221 = LINE('',#4222,#4223);
#4222 = CARTESIAN_POINT('',(0.,190.5));
#4223 = VECTOR('',#4224,1.);
#4224 = DIRECTION('',(1.,0.));
#4225 = ( GEOMETRIC_REPRESENTATION_CONTEXT(2) 
PARAMETRIC_REPRESENTATION_CONTEXT() REPRESENTATION_CONTEXT('2D SPACE',''
  ) );
#4226 = ORIENTED_EDGE('',*,*,#4090,.F.);
#4227 = ADVANCED_FACE('',(#4228),#3968,.F.);
#4228 = FACE_BOUND('',#4229,.F.);
#4229 = EDGE_LOOP('',(#4230,#4231,#4232,#4233));
#4230 = ORIENTED_EDGE('',*,*,#3952,.F.);
#4231 = ORIENTED_EDGE('',*,*,#4137,.T.);
#4232 = ORIENTED_EDGE('',*,*,#4067,.T.);
#4233 = ORIENTED_EDGE('',*,*,#4184,.F.);
#4234 = ADVANCED_FACE('',(#4235),#4022,.T.);
#4235 = FACE_BOUND('',#4236,.T.);
#4236 = EDGE_LOOP('',(#4237,#4238,#4239,#4240));
#4237 = ORIENTED_EDGE('',*,*,#4008,.F.);
#4238 = ORIENTED_EDGE('',*,*,#4159,.T.);
#4239 = ORIENTED_EDGE('',*,*,#4113,.T.);
#4240 = ORIENTED_EDGE('',*,*,#4206,.F.);
#4241 = ( GEOMETRIC_REPRESENTATION_CONTEXT(3) 
GLOBAL_UNCERTAINTY_ASSIGNED_CONTEXT((#4245)) 
GLOBAL_UNIT_ASSIGNED_CONTEXT((#4242,#4243,#4244)) REPRESENTATION_CONTEXT
('Context #1','3D Context with UNIT and UNCERTAINTY') );
#4242 = ( LENGTH_UNIT() NAMED_UNIT(*) SI_UNIT(.MILLI.,.METRE.) );
#4243 = ( NAMED_UNIT(*) PLANE_ANGLE_UNIT() SI_UNIT($,.RADIAN.) );
#4244 = ( NAMED_UNIT(*) SI_UNIT($,.STERADIAN.) SOLID_ANGLE_UNIT() );
#4245 = UNCERTAINTY_MEASURE_WITH_UNIT(LENGTH_MEASURE(2.54E-06),#4242,
  'distance_accuracy_value','confusion accuracy');
#4246 = CONTEXT_DEPENDENT_SHAPE_REPRESENTATION(#4247,#4249);
#4247 = ( REPRESENTATION_RELATIONSHIP('','',#3910,#10) 
REPRESENTATION_RELATIONSHIP_WITH_TRANSFORMATION(#4248) 
SHAPE_REPRESENTATION_RELATIONSHIP() );
#4248 = ITEM_DEFINED_TRANSFORMATION('','',#11,#31);
#4249 = PRODUCT_DEFINITION_SHAPE('Placement','Placement of an item',
  #4250);
#4250 = NEXT_ASSEMBLY_USAGE_OCCURRENCE('5','End Plate','',#5,#3905,$);
#4251 = PRODUCT_RELATED_PRODUCT_CATEGORY('part',$,(#3907));
#4252 = SHAPE_DEFINITION_REPRESENTATION(#4253,#4259);
#4253 = PRODUCT_DEFINITION_SHAPE('','',#4254);
#4254 = PRODUCT_DEFINITION('design','',#4255,#4258);
#4255 = PRODUCT_DEFINITION_FORMATION('','',#4256);
#4256 = PRODUCT('End Plate','End Plate','',(#4257));
#4257 = PRODUCT_CONTEXT('',#2,'mechanical');
#4258 = PRODUCT_DEFINITION_CONTEXT('part definition',#2,'design');
#4259 = ADVANCED_BREP_SHAPE_REPRESENTATION('',(#11,#4260),#4590);
#4260 = MANIFOLD_SOLID_BREP('',#4261);
#4261 = CLOSED_SHELL('',(#4262,#4382,#4482,#4529,#4576,#4583));
#4262 = ADVANCED_FACE('',(#4263),#4277,.F.);
#4263 = FACE_BOUND('',#4264,.F.);
#4264 = EDGE_LOOP('',(#4265,#4300,#4328,#4356));
#4265 = ORIENTED_EDGE('',*,*,#4266,.F.);
#4266 = EDGE_CURVE('',#4267,#4269,#4271,.T.);
#4267 = VERTEX_POINT('',#4268);
#4268 = CARTESIAN_POINT('',(0.,0.,0.));
#4269 = VERTEX_POINT('',#4270);
#4270 = CARTESIAN_POINT('',(0.,0.,6.35));
#4271 = SURFACE_CURVE('',#4272,(#4276,#4288),.PCURVE_S1.);
#4272 = LINE('',#4273,#4274);
#4273 = CARTESIAN_POINT('',(0.,0.,0.));
#4274 = VECTOR('',#4275,25.4);
#4275 = DIRECTION('',(0.,0.,1.));
#4276 = PCURVE('',#4277,#4282);
#4277 = PLANE('',#4278);
#4278 = AXIS2_PLACEMENT_3D('',#4279,#4280,#4281);
#4279 = CARTESIAN_POINT('',(0.,0.,0.));
#4280 = DIRECTION('',(1.,0.,-0.));
#4281 = DIRECTION('',(0.,0.,1.));
#4282 = DEFINITIONAL_REPRESENTATION('',(#4283),#4287);
#4283 = LINE('',#4284,#4285);
#4284 = CARTESIAN_POINT('',(0.,0.));
#4285 = VECTOR('',#4286,1.);
#4286 = DIRECTION('',(1.,0.));
#4287 = ( GEOMETRIC_REPRESENTATION_CONTEXT(2) 
PARAMETRIC_REPRESENTATION_CONTEXT() REPRESENTATION_CONTEXT('2D SPACE',''
  ) );
#4288 = PCURVE('',#4289,#4294);
#4289 = PLANE('',#4290);
#4290 = AXIS2_PLACEMENT_3D('',#4291,#4292,#4293);
#4291 = CARTESIAN_POINT('',(0.,0.,0.));
#4292 = DIRECTION('',(-0.,1.,0.));
#4293 = DIRECTION('',(0.,0.,1.));
#4294 = DEFINITIONAL_REPRESENTATION('',(#4295),#4299);
#4295 = LINE('',#4296,#4297);
#4296 = CARTESIAN_POINT('',(0.,0.));
#4297 = VECTOR('',#4298,1.);
#4298 = DIRECTION('',(1.,0.));
#4299 = ( GEOMETRIC_REPRESENTATION_CONTEXT(2) 
PARAMETRIC_REPRESENTATION_CONTEXT() REPRESENTATION_CONTEXT('2D SPACE',''
  ) );
#4300 = ORIENTED_EDGE('',*,*,#4301,.T.);
#4301 = EDGE_CURVE('',#4267,#4302,#4304,.T.);
#4302 = VERTEX_POINT('',#4303);
#4303 = CARTESIAN_POINT('',(0.,190.5,0.));
#4304 = SURFACE_CURVE('',#4305,(#4309,#4316),.PCURVE_S1.);
#4305 = LINE('',#4306,#4307);
#4306 = CARTESIAN_POINT('',(0.,0.,0.));
#4307 = VECTOR('',#4308,25.4);
#4308 = DIRECTION('',(-0.,1.,0.));
#4309 = PCURVE('',#4277,#4310);
#4310 = DEFINITIONAL_REPRESENTATION('',(#4311),#4315);
#4311 = LINE('',#4312,#4313);
#4312 = CARTESIAN_POINT('',(0.,0.));
#4313 = VECTOR('',#4314,1.);
#4314 = DIRECTION('',(0.,-1.));
#4315 = ( GEOMETRIC_REPRESENTATION_CONTEXT(2) 
PARAMETRIC_REPRESENTATION_CONTEXT() REPRESENTATION_CONTEXT('2D SPACE',''
  ) );
#4316 = PCURVE('',#4317,#4322);
#4317 = PLANE('',#4318);
#4318 = AXIS2_PLACEMENT_3D('',#4319,#4320,#4321);
#4319 = CARTESIAN_POINT('',(0.,0.,0.));
#4320 = DIRECTION('',(0.,0.,1.));
#4321 = DIRECTION('',(1.,0.,-0.));
#4322 = DEFINITIONAL_REPRESENTATION('',(#4323),#4327);
#4323 = LINE('',#4324,#4325);
#4324 = CARTESIAN_POINT('',(0.,0.));
#4325 = VECTOR('',#4326,1.);
#4326 = DIRECTION('',(0.,1.));
#4327 = ( GEOMETRIC_REPRESENTATION_CONTEXT(2) 
PARAMETRIC_REPRESENTATION_CONTEXT() REPRESENTATION_CONTEXT('2D SPACE',''
  ) );
#4328 = ORIENTED_EDGE('',*,*,#4329,.T.);
#4329 = EDGE_CURVE('',#4302,#4330,#4332,.T.);
#4330 = VERTEX_POINT('',#4331);
#4331 = CARTESIAN_POINT('',(0.,190.5,6.35));
#4332 = SURFACE_CURVE('',#4333,(#4337,#4344),.PCURVE_S1.);
#4333 = LINE('',#4334,#4335);
#4334 = CARTESIAN_POINT('',(0.,190.5,0.));
#4335 = VECTOR('',#4336,25.4);
#4336 = DIRECTION('',(0.,0.,1.));
#4337 = PCURVE('',#4277,#4338);
#4338 = DEFINITIONAL_REPRESENTATION('',(#4339),#4343);
#4339 = LINE('',#4340,#4341);
#4340 = CARTESIAN_POINT('',(0.,-190.5));
#4341 = VECTOR('',#4342,1.);
#4342 = DIRECTION('',(1.,0.));
#4343 = ( GEOMETRIC_REPRESENTATION_CONTEXT(2) 
PARAMETRIC_REPRESENTATION_CONTEXT() REPRESENTATION_CONTEXT('2D SPACE',''
  ) );
#4344 = PCURVE('',#4345,#4350);
#4345 = PLANE('',#4346);
#4346 = AXIS2_PLACEMENT_3D('',#4347,#4348,#4349);
#4347 = CARTESIAN_POINT('',(0.,190.5,0.));
#4348 = DIRECTION('',(-0.,1.,0.));
#4349 = DIRECTION('',(0.,0.,1.));
#4350 = DEFINITIONAL_REPRESENTATION('',(#4351),#4355);
#4351 = LINE('',#4352,#4353);
#4352 = CARTESIAN_POINT('',(0.,0.));
#4353 = VECTOR('',#4354,1.);
#4354 = DIRECTION('',(1.,0.));
#4355 = ( GEOMETRIC_REPRESENTATION_CONTEXT(2) 
PARAMETRIC_REPRESENTATION_CONTEXT() REPRESENTATION_CONTEXT('2D SPACE',''
  ) );
#4356 = ORIENTED_EDGE('',*,*,#4357,.F.);
#4357 = EDGE_CURVE('',#4269,#4330,#4358,.T.);
#4358 = SURFACE_CURVE('',#4359,(#4363,#4370),.PCURVE_S1.);
#4359 = LINE('',#4360,#4361);
#4360 = CARTESIAN_POINT('',(0.,0.,6.35));
#4361 = VECTOR('',#4362,25.4);
#4362 = DIRECTION('',(-0.,1.,0.));
#4363 = PCURVE('',#4277,#4364);
#4364 = DEFINITIONAL_REPRESENTATION('',(#4365),#4369);
#4365 = LINE('',#4366,#4367);
#4366 = CARTESIAN_POINT('',(6.35,0.));
#4367 = VECTOR('',#4368,1.);
#4368 = DIRECTION('',(0.,-1.));
#4369 = ( GEOMETRIC_REPRESENTATION_CONTEXT(2) 
PARAMETRIC_REPRESENTATION_CONTEXT() REPRESENTATION_CONTEXT('2D SPACE',''
  ) );
#4370 = PCURVE('',#4371,#4376);
#4371 = PLANE('',#4372);
#4372 = AXIS2_PLACEMENT_3D('',#4373,#4374,#4375);
#4373 = CARTESIAN_POINT('',(0.,0.,6.35));
#4374 = DIRECTION('',(0.,0.,1.));
#4375 = DIRECTION('',(1.,0.,-0.));
#4376 = DEFINITIONAL_REPRESENTATION('',(#4377),#4381);
#4377 = LINE('',#4378,#4379);
#4378 = CARTESIAN_POINT('',(0.,0.));
#4379 = VECTOR('',#4380,1.);
#4380 = DIRECTION('',(0.,1.));
#4381 = ( GEOMETRIC_REPRESENTATION_CONTEXT(2) 
PARAMETRIC_REPRESENTATION_CONTEXT() REPRESENTATION_CONTEXT('2D SPACE',''
  ) );
#4382 = ADVANCED_FACE('',(#4383),#4397,.T.);
#4383 = FACE_BOUND('',#4384,.T.);
#4384 = EDGE_LOOP('',(#4385,#4415,#4438,#4461));
#4385 = ORIENTED_EDGE('',*,*,#4386,.F.);
#4386 = EDGE_CURVE('',#4387,#4389,#4391,.T.);
#4387 = VERTEX_POINT('',#4388);
#4388 = CARTESIAN_POINT('',(190.5,0.,0.));
#4389 = VERTEX_POINT('',#4390);
#4390 = CARTESIAN_POINT('',(190.5,0.,6.35));
#4391 = SURFACE_CURVE('',#4392,(#4396,#4408),.PCURVE_S1.);
#4392 = LINE('',#4393,#4394);
#4393 = CARTESIAN_POINT('',(190.5,0.,0.));
#4394 = VECTOR('',#4395,25.4);
#4395 = DIRECTION('',(0.,0.,1.));
#4396 = PCURVE('',#4397,#4402);
#4397 = PLANE('',#4398);
#4398 = AXIS2_PLACEMENT_3D('',#4399,#4400,#4401);
#4399 = CARTESIAN_POINT('',(190.5,0.,0.));
#4400 = DIRECTION('',(1.,0.,-0.));
#4401 = DIRECTION('',(0.,0.,1.));
#4402 = DEFINITIONAL_REPRESENTATION('',(#4403),#4407);
#4403 = LINE('',#4404,#4405);
#4404 = CARTESIAN_POINT('',(0.,0.));
#4405 = VECTOR('',#4406,1.);
#4406 = DIRECTION('',(1.,0.));
#4407 = ( GEOMETRIC_REPRESENTATION_CONTEXT(2) 
PARAMETRIC_REPRESENTATION_CONTEXT() REPRESENTATION_CONTEXT('2D SPACE',''
  ) );
#4408 = PCURVE('',#4289,#4409);
#4409 = DEFINITIONAL_REPRESENTATION('',(#4410),#4414);
#4410 = LINE('',#4411,#4412);
#4411 = CARTESIAN_POINT('',(0.,190.5));
#4412 = VECTOR('',#4413,1.);
#4413 = DIRECTION('',(1.,0.));
#4414 = ( GEOMETRIC_REPRESENTATION_CONTEXT(2) 
PARAMETRIC_REPRESENTATION_CONTEXT() REPRESENTATION_CONTEXT('2D SPACE',''
  ) );
#4415 = ORIENTED_EDGE('',*,*,#4416,.T.);
#4416 = EDGE_CURVE('',#4387,#4417,#4419,.T.);
#4417 = VERTEX_POINT('',#4418);
#4418 = CARTESIAN_POINT('',(190.5,190.5,0.));
#4419 = SURFACE_CURVE('',#4420,(#4424,#4431),.PCURVE_S1.);
#4420 = LINE('',#4421,#4422);
#4421 = CARTESIAN_POINT('',(190.5,0.,0.));
#4422 = VECTOR('',#4423,25.4);
#4423 = DIRECTION('',(-0.,1.,0.));
#4424 = PCURVE('',#4397,#4425);
#4425 = DEFINITIONAL_REPRESENTATION('',(#4426),#4430);
#4426 = LINE('',#4427,#4428);
#4427 = CARTESIAN_POINT('',(0.,0.));
#4428 = VECTOR('',#4429,1.);
#4429 = DIRECTION('',(0.,-1.));
#4430 = ( GEOMETRIC_REPRESENTATION_CONTEXT(2) 
PARAMETRIC_REPRESENTATION_CONTEXT() REPRESENTATION_CONTEXT('2D SPACE',''
  ) );
#4431 = PCURVE('',#4317,#4432);
#4432 = DEFINITIONAL_REPRESENTATION('',(#4433),#4437);
#4433 = LINE('',#4434,#4435);
#4434 = CARTESIAN_POINT('',(190.5,0.));
#4435 = VECTOR('',#4436,1.);
#4436 = DIRECTION('',(0.,1.));
#4437 = ( GEOMETRIC_REPRESENTATION_CONTEXT(2) 
PARAMETRIC_REPRESENTATION_CONTEXT() REPRESENTATION_CONTEXT('2D SPACE',''
  ) );
#4438 = ORIENTED_EDGE('',*,*,#4439,.T.);
#4439 = EDGE_CURVE('',#4417,#4440,#4442,.T.);
#4440 = VERTEX_POINT('',#4441);
#4441 = CARTESIAN_POINT('',(190.5,190.5,6.35));
#4442 = SURFACE_CURVE('',#4443,(#4447,#4454),.PCURVE_S1.);
#4443 = LINE('',#4444,#4445);
#4444 = CARTESIAN_POINT('',(190.5,190.5,0.));
#4445 = VECTOR('',#4446,25.4);
#4446 = DIRECTION('',(0.,0.,1.));
#4447 = PCURVE('',#4397,#4448);
#4448 = DEFINITIONAL_REPRESENTATION('',(#4449),#4453);
#4449 = LINE('',#4450,#4451);
#4450 = CARTESIAN_POINT('',(0.,-190.5));
#4451 = VECTOR('',#4452,1.);
#4452 = DIRECTION('',(1.,0.));
#4453 = ( GEOMETRIC_REPRESENTATION_CONTEXT(2) 
PARAMETRIC_REPRESENTATION_CONTEXT() REPRESENTATION_CONTEXT('2D SPACE',''
  ) );
#4454 = PCURVE('',#4345,#4455);
#4455 = DEFINITIONAL_REPRESENTATION('',(#4456),#4460);
#4456 = LINE('',#4457,#4458);
#4457 = CARTESIAN_POINT('',(0.,190.5));
#4458 = VECTOR('',#4459,1.);
#4459 = DIRECTION('',(1.,0.));
#4460 = ( GEOMETRIC_REPRESENTATION_CONTEXT(2) 
PARAMETRIC_REPRESENTATION_CONTEXT() REPRESENTATION_CONTEXT('2D SPACE',''
  ) );
#4461 = ORIENTED_EDGE('',*,*,#4462,.F.);
#4462 = EDGE_CURVE('',#4389,#4440,#4463,.T.);
#4463 = SURFACE_CURVE('',#4464,(#4468,#4475),.PCURVE_S1.);
#4464 = LINE('',#4465,#4466);
#4465 = CARTESIAN_POINT('',(190.5,0.,6.35));
#4466 = VECTOR('',#4467,25.4);
#4467 = DIRECTION('',(-0.,1.,0.));
#4468 = PCURVE('',#4397,#4469);
#4469 = DEFINITIONAL_REPRESENTATION('',(#4470),#4474);
#4470 = LINE('',#4471,#4472);
#4471 = CARTESIAN_POINT('',(6.35,0.));
#4472 = VECTOR('',#4473,1.);
#4473 = DIRECTION('',(0.,-1.));
#4474 = ( GEOMETRIC_REPRESENTATION_CONTEXT(2) 
PARAMETRIC_REPRESENTATION_CONTEXT() REPRESENTATION_CONTEXT('2D SPACE',''
  ) );
#4475 = PCURVE('',#4371,#4476);
#4476 = DEFINITIONAL_REPRESENTATION('',(#4477),#4481);
#4477 = LINE('',#4478,#4479);
#4478 = CARTESIAN_POINT('',(190.5,0.));
#4479 = VECTOR('',#4480,1.);
#4480 = DIRECTION('',(0.,1.));
#4481 = ( GEOMETRIC_REPRESENTATION_CONTEXT(2) 
PARAMETRIC_REPRESENTATION_CONTEXT() REPRESENTATION_CONTEXT('2D SPACE',''
  ) );
#4482 = ADVANCED_FACE('',(#4483),#4289,.F.);
#4483 = FACE_BOUND('',#4484,.F.);
#4484 = EDGE_LOOP('',(#4485,#4506,#4507,#4528));
#4485 = ORIENTED_EDGE('',*,*,#4486,.F.);
#4486 = EDGE_CURVE('',#4267,#4387,#4487,.T.);
#4487 = SURFACE_CURVE('',#4488,(#4492,#4499),.PCURVE_S1.);
#4488 = LINE('',#4489,#4490);
#4489 = CARTESIAN_POINT('',(0.,0.,0.));
#4490 = VECTOR('',#4491,25.4);
#4491 = DIRECTION('',(1.,0.,-0.));
#4492 = PCURVE('',#4289,#4493);
#4493 = DEFINITIONAL_REPRESENTATION('',(#4494),#4498);
#4494 = LINE('',#4495,#4496);
#4495 = CARTESIAN_POINT('',(0.,0.));
#4496 = VECTOR('',#4497,1.);
#4497 = DIRECTION('',(0.,1.));
#4498 = ( GEOMETRIC_REPRESENTATION_CONTEXT(2) 
PARAMETRIC_REPRESENTATION_CONTEXT() REPRESENTATION_CONTEXT('2D SPACE',''
  ) );
#4499 = PCURVE('',#4317,#4500);
#4500 = DEFINITIONAL_REPRESENTATION('',(#4501),#4505);
#4501 = LINE('',#4502,#4503);
#4502 = CARTESIAN_POINT('',(0.,0.));
#4503 = VECTOR('',#4504,1.);
#4504 = DIRECTION('',(1.,0.));
#4505 = ( GEOMETRIC_REPRESENTATION_CONTEXT(2) 
PARAMETRIC_REPRESENTATION_CONTEXT() REPRESENTATION_CONTEXT('2D SPACE',''
  ) );
#4506 = ORIENTED_EDGE('',*,*,#4266,.T.);
#4507 = ORIENTED_EDGE('',*,*,#4508,.T.);
#4508 = EDGE_CURVE('',#4269,#4389,#4509,.T.);
#4509 = SURFACE_CURVE('',#4510,(#4514,#4521),.PCURVE_S1.);
#4510 = LINE('',#4511,#4512);
#4511 = CARTESIAN_POINT('',(0.,0.,6.35));
#4512 = VECTOR('',#4513,25.4);
#4513 = DIRECTION('',(1.,0.,-0.));
#4514 = PCURVE('',#4289,#4515);
#4515 = DEFINITIONAL_REPRESENTATION('',(#4516),#4520);
#4516 = LINE('',#4517,#4518);
#4517 = CARTESIAN_POINT('',(6.35,0.));
#4518 = VECTOR('',#4519,1.);
#4519 = DIRECTION('',(0.,1.));
#4520 = ( GEOMETRIC_REPRESENTATION_CONTEXT(2) 
PARAMETRIC_REPRESENTATION_CONTEXT() REPRESENTATION_CONTEXT('2D SPACE',''
  ) );
#4521 = PCURVE('',#4371,#4522);
#4522 = DEFINITIONAL_REPRESENTATION('',(#4523),#4527);
#4523 = LINE('',#4524,#4525);
#4524 = CARTESIAN_POINT('',(0.,0.));
#4525 = VECTOR('',#4526,1.);
#4526 = DIRECTION('',(1.,0.));
#4527 = ( GEOMETRIC_REPRESENTATION_CONTEXT(2) 
PARAMETRIC_REPRESENTATION_CONTEXT() REPRESENTATION_CONTEXT('2D SPACE',''
  ) );
#4528 = ORIENTED_EDGE('',*,*,#4386,.F.);
#4529 = ADVANCED_FACE('',(#4530),#4345,.T.);
#4530 = FACE_BOUND('',#4531,.T.);
#4531 = EDGE_LOOP('',(#4532,#4553,#4554,#4575));
#4532 = ORIENTED_EDGE('',*,*,#4533,.F.);
#4533 = EDGE_CURVE('',#4302,#4417,#4534,.T.);
#4534 = SURFACE_CURVE('',#4535,(#4539,#4546),.PCURVE_S1.);
#4535 = LINE('',#4536,#4537);
#4536 = CARTESIAN_POINT('',(0.,190.5,0.));
#4537 = VECTOR('',#4538,25.4);
#4538 = DIRECTION('',(1.,0.,-0.));
#4539 = PCURVE('',#4345,#4540);
#4540 = DEFINITIONAL_REPRESENTATION('',(#4541),#4545);
#4541 = LINE('',#4542,#4543);
#4542 = CARTESIAN_POINT('',(0.,0.));
#4543 = VECTOR('',#4544,1.);
#4544 = DIRECTION('',(0.,1.));
#4545 = ( GEOMETRIC_REPRESENTATION_CONTEXT(2) 
PARAMETRIC_REPRESENTATION_CONTEXT() REPRESENTATION_CONTEXT('2D SPACE',''
  ) );
#4546 = PCURVE('',#4317,#4547);
#4547 = DEFINITIONAL_REPRESENTATION('',(#4548),#4552);
#4548 = LINE('',#4549,#4550);
#4549 = CARTESIAN_POINT('',(0.,190.5));
#4550 = VECTOR('',#4551,1.);
#4551 = DIRECTION('',(1.,0.));
#4552 = ( GEOMETRIC_REPRESENTATION_CONTEXT(2) 
PARAMETRIC_REPRESENTATION_CONTEXT() REPRESENTATION_CONTEXT('2D SPACE',''
  ) );
#4553 = ORIENTED_EDGE('',*,*,#4329,.T.);
#4554 = ORIENTED_EDGE('',*,*,#4555,.T.);
#4555 = EDGE_CURVE('',#4330,#4440,#4556,.T.);
#4556 = SURFACE_CURVE('',#4557,(#4561,#4568),.PCURVE_S1.);
#4557 = LINE('',#4558,#4559);
#4558 = CARTESIAN_POINT('',(0.,190.5,6.35));
#4559 = VECTOR('',#4560,25.4);
#4560 = DIRECTION('',(1.,0.,-0.));
#4561 = PCURVE('',#4345,#4562);
#4562 = DEFINITIONAL_REPRESENTATION('',(#4563),#4567);
#4563 = LINE('',#4564,#4565);
#4564 = CARTESIAN_POINT('',(6.35,0.));
#4565 = VECTOR('',#4566,1.);
#4566 = DIRECTION('',(0.,1.));
#4567 = ( GEOMETRIC_REPRESENTATION_CONTEXT(2) 
PARAMETRIC_REPRESENTATION_CONTEXT() REPRESENTATION_CONTEXT('2D SPACE',''
  ) );
#4568 = PCURVE('',#4371,#4569);
#4569 = DEFINITIONAL_REPRESENTATION('',(#4570),#4574);
#4570 = LINE('',#4571,#4572);
#4571 = CARTESIAN_POINT('',(0.,190.5));
#4572 = VECTOR('',#4573,1.);
#4573 = DIRECTION('',(1.,0.));
#4574 = ( GEOMETRIC_REPRESENTATION_CONTEXT(2) 
PARAMETRIC_REPRESENTATION_CONTEXT() REPRESENTATION_CONTEXT('2D SPACE',''
  ) );
#4575 = ORIENTED_EDGE('',*,*,#4439,.F.);
#4576 = ADVANCED_FACE('',(#4577),#4317,.F.);
#4577 = FACE_BOUND('',#4578,.F.);
#4578 = EDGE_LOOP('',(#4579,#4580,#4581,#4582));
#4579 = ORIENTED_EDGE('',*,*,#4301,.F.);
#4580 = ORIENTED_EDGE('',*,*,#4486,.T.);
#4581 = ORIENTED_EDGE('',*,*,#4416,.T.);
#4582 = ORIENTED_EDGE('',*,*,#4533,.F.);
#4583 = ADVANCED_FACE('',(#4584),#4371,.T.);
#4584 = FACE_BOUND('',#4585,.T.);
#4585 = EDGE_LOOP('',(#4586,#4587,#4588,#4589));
#4586 = ORIENTED_EDGE('',*,*,#4357,.F.);
#4587 = ORIENTED_EDGE('',*,*,#4508,.T.);
#4588 = ORIENTED_EDGE('',*,*,#4462,.T.);
#4589 = ORIENTED_EDGE('',*,*,#4555,.F.);
#4590 = ( GEOMETRIC_REPRESENTATION_CONTEXT(3) 
GLOBAL_UNCERTAINTY_ASSIGNED_CONTEXT((#4594)) 
GLOBAL_UNIT_ASSIGNED_CONTEXT((#4591,#4592,#4593)) REPRESENTATION_CONTEXT
('Context #1','3D Context with UNIT and UNCERTAINTY') );
#4591 = ( LENGTH_UNIT() NAMED_UNIT(*) SI_UNIT(.MILLI.,.METRE.) );
#4592 = ( NAMED_UNIT(*) PLANE_ANGLE_UNIT() SI_UNIT($,.RADIAN.) );
#4593 = ( NAMED_UNIT(*) SI_UNIT($,.STERADIAN.) SOLID_ANGLE_UNIT() );
#4594 = UNCERTAINTY_MEASURE_WITH_UNIT(LENGTH_MEASURE(2.54E-06),#4591,
  'distance_accuracy_value','confusion accuracy');
#4595 = CONTEXT_DEPENDENT_SHAPE_REPRESENTATION(#4596,#4598);
#4596 = ( REPRESENTATION_RELATIONSHIP('','',#4259,#10) 
REPRESENTATION_RELATIONSHIP_WITH_TRANSFORMATION(#4597) 
SHAPE_REPRESENTATION_RELATIONSHIP() );
#4597 = ITEM_DEFINED_TRANSFORMATION('','',#11,#35);
#4598 = PRODUCT_DEFINITION_SHAPE('Placement','Placement of an item',
  #4599);
#4599 = NEXT_ASSEMBLY_USAGE_OCCURRENCE('6','End Plate','',#5,#4254,$);
#4600 = PRODUCT_RELATED_PRODUCT_CATEGORY('part',$,(#4256));
#4601 = SHAPE_DEFINITION_REPRESENTATION(#4602,#4608);
#4602 = PRODUCT_DEFINITION_SHAPE('','',#4603);
#4603 = PRODUCT_DEFINITION('design','',#4604,#4607);
#4604 = PRODUCT_DEFINITION_FORMATION('','',#4605);
#4605 = PRODUCT('Top Plate','Top Plate','',(#4606));
#4606 = PRODUCT_CONTEXT('',#2,'mechanical');
#4607 = PRODUCT_DEFINITION_CONTEXT('part definition',#2,'design');
#4608 = ADVANCED_BREP_SHAPE_REPRESENTATION('',(#11,#4609),#4939);
#4609 = MANIFOLD_SOLID_BREP('',#4610);
#4610 = CLOSED_SHELL('',(#4611,#4731,#4831,#4878,#4925,#4932));
#4611 = ADVANCED_FACE('',(#4612),#4626,.F.);
#4612 = FACE_BOUND('',#4613,.F.);
#4613 = EDGE_LOOP('',(#4614,#4649,#4677,#4705));
#4614 = ORIENTED_EDGE('',*,*,#4615,.F.);
#4615 = EDGE_CURVE('',#4616,#4618,#4620,.T.);
#4616 = VERTEX_POINT('',#4617);
#4617 = CARTESIAN_POINT('',(0.,0.,0.));
#4618 = VERTEX_POINT('',#4619);
#4619 = CARTESIAN_POINT('',(0.,0.,6.35));
#4620 = SURFACE_CURVE('',#4621,(#4625,#4637),.PCURVE_S1.);
#4621 = LINE('',#4622,#4623);
#4622 = CARTESIAN_POINT('',(0.,0.,0.));
#4623 = VECTOR('',#4624,25.4);
#4624 = DIRECTION('',(0.,0.,1.));
#4625 = PCURVE('',#4626,#4631);
#4626 = PLANE('',#4627);
#4627 = AXIS2_PLACEMENT_3D('',#4628,#4629,#4630);
#4628 = CARTESIAN_POINT('',(0.,0.,0.));
#4629 = DIRECTION('',(1.,0.,-0.));
#4630 = DIRECTION('',(0.,0.,1.));
#4631 = DEFINITIONAL_REPRESENTATION('',(#4632),#4636);
#4632 = LINE('',#4633,#4634);
#4633 = CARTESIAN_POINT('',(0.,0.));
#4634 = VECTOR('',#4635,1.);
#4635 = DIRECTION('',(1.,0.));
#4636 = ( GEOMETRIC_REPRESENTATION_CONTEXT(2) 
PARAMETRIC_REPRESENTATION_CONTEXT() REPRESENTATION_CONTEXT('2D SPACE',''
  ) );
#4637 = PCURVE('',#4638,#4643);
#4638 = PLANE('',#4639);
#4639 = AXIS2_PLACEMENT_3D('',#4640,#4641,#4642);
#4640 = CARTESIAN_POINT('',(0.,0.,0.));
#4641 = DIRECTION('',(-0.,1.,0.));
#4642 = DIRECTION('',(0.,0.,1.));
#4643 = DEFINITIONAL_REPRESENTATION('',(#4644),#4648);
#4644 = LINE('',#4645,#4646);
#4645 = CARTESIAN_POINT('',(0.,0.));
#4646 = VECTOR('',#4647,1.);
#4647 = DIRECTION('',(1.,0.));
#4648 = ( GEOMETRIC_REPRESENTATION_CONTEXT(2) 
PARAMETRIC_REPRESENTATION_CONTEXT() REPRESENTATION_CONTEXT('2D SPACE',''
  ) );
#4649 = ORIENTED_EDGE('',*,*,#4650,.T.);
#4650 = EDGE_CURVE('',#4616,#4651,#4653,.T.);
#4651 = VERTEX_POINT('',#4652);
#4652 = CARTESIAN_POINT('',(0.,190.5,0.));
#4653 = SURFACE_CURVE('',#4654,(#4658,#4665),.PCURVE_S1.);
#4654 = LINE('',#4655,#4656);
#4655 = CARTESIAN_POINT('',(0.,0.,0.));
#4656 = VECTOR('',#4657,25.4);
#4657 = DIRECTION('',(-0.,1.,0.));
#4658 = PCURVE('',#4626,#4659);
#4659 = DEFINITIONAL_REPRESENTATION('',(#4660),#4664);
#4660 = LINE('',#4661,#4662);
#4661 = CARTESIAN_POINT('',(0.,0.));
#4662 = VECTOR('',#4663,1.);
#4663 = DIRECTION('',(0.,-1.));
#4664 = ( GEOMETRIC_REPRESENTATION_CONTEXT(2) 
PARAMETRIC_REPRESENTATION_CONTEXT() REPRESENTATION_CONTEXT('2D SPACE',''
  ) );
#4665 = PCURVE('',#4666,#4671);
#4666 = PLANE('',#4667);
#4667 = AXIS2_PLACEMENT_3D('',#4668,#4669,#4670);
#4668 = CARTESIAN_POINT('',(0.,0.,0.));
#4669 = DIRECTION('',(0.,0.,1.));
#4670 = DIRECTION('',(1.,0.,-0.));
#4671 = DEFINITIONAL_REPRESENTATION('',(#4672),#4676);
#4672 = LINE('',#4673,#4674);
#4673 = CARTESIAN_POINT('',(0.,0.));
#4674 = VECTOR('',#4675,1.);
#4675 = DIRECTION('',(0.,1.));
#4676 = ( GEOMETRIC_REPRESENTATION_CONTEXT(2) 
PARAMETRIC_REPRESENTATION_CONTEXT() REPRESENTATION_CONTEXT('2D SPACE',''
  ) );
#4677 = ORIENTED_EDGE('',*,*,#4678,.T.);
#4678 = EDGE_CURVE('',#4651,#4679,#4681,.T.);
#4679 = VERTEX_POINT('',#4680);
#4680 = CARTESIAN_POINT('',(0.,190.5,6.35));
#4681 = SURFACE_CURVE('',#4682,(#4686,#4693),.PCURVE_S1.);
#4682 = LINE('',#4683,#4684);
#4683 = CARTESIAN_POINT('',(0.,190.5,0.));
#4684 = VECTOR('',#4685,25.4);
#4685 = DIRECTION('',(0.,0.,1.));
#4686 = PCURVE('',#4626,#4687);
#4687 = DEFINITIONAL_REPRESENTATION('',(#4688),#4692);
#4688 = LINE('',#4689,#4690);
#4689 = CARTESIAN_POINT('',(0.,-190.5));
#4690 = VECTOR('',#4691,1.);
#4691 = DIRECTION('',(1.,0.));
#4692 = ( GEOMETRIC_REPRESENTATION_CONTEXT(2) 
PARAMETRIC_REPRESENTATION_CONTEXT() REPRESENTATION_CONTEXT('2D SPACE',''
  ) );
#4693 = PCURVE('',#4694,#4699);
#4694 = PLANE('',#4695);
#4695 = AXIS2_PLACEMENT_3D('',#4696,#4697,#4698);
#4696 = CARTESIAN_POINT('',(0.,190.5,0.));
#4697 = DIRECTION('',(-0.,1.,0.));
#4698 = DIRECTION('',(0.,0.,1.));
#4699 = DEFINITIONAL_REPRESENTATION('',(#4700),#4704);
#4700 = LINE('',#4701,#4702);
#4701 = CARTESIAN_POINT('',(0.,0.));
#4702 = VECTOR('',#4703,1.);
#4703 = DIRECTION('',(1.,0.));
#4704 = ( GEOMETRIC_REPRESENTATION_CONTEXT(2) 
PARAMETRIC_REPRESENTATION_CONTEXT() REPRESENTATION_CONTEXT('2D SPACE',''
  ) );
#4705 = ORIENTED_EDGE('',*,*,#4706,.F.);
#4706 = EDGE_CURVE('',#4618,#4679,#4707,.T.);
#4707 = SURFACE_CURVE('',#4708,(#4712,#4719),.PCURVE_S1.);
#4708 = LINE('',#4709,#4710);
#4709 = CARTESIAN_POINT('',(0.,0.,6.35));
#4710 = VECTOR('',#4711,25.4);
#4711 = DIRECTION('',(-0.,1.,0.));
#4712 = PCURVE('',#4626,#4713);
#4713 = DEFINITIONAL_REPRESENTATION('',(#4714),#4718);
#4714 = LINE('',#4715,#4716);
#4715 = CARTESIAN_POINT('',(6.35,0.));
#4716 = VECTOR('',#4717,1.);
#4717 = DIRECTION('',(0.,-1.));
#4718 = ( GEOMETRIC_REPRESENTATION_CONTEXT(2) 
PARAMETRIC_REPRESENTATION_CONTEXT() REPRESENTATION_CONTEXT('2D SPACE',''
  ) );
#4719 = PCURVE('',#4720,#4725);
#4720 = PLANE('',#4721);
#4721 = AXIS2_PLACEMENT_3D('',#4722,#4723,#4724);
#4722 = CARTESIAN_POINT('',(0.,0.,6.35));
#4723 = DIRECTION('',(0.,0.,1.));
#4724 = DIRECTION('',(1.,0.,-0.));
#4725 = DEFINITIONAL_REPRESENTATION('',(#4726),#4730);
#4726 = LINE('',#4727,#4728);
#4727 = CARTESIAN_POINT('',(0.,0.));
#4728 = VECTOR('',#4729,1.);
#4729 = DIRECTION('',(0.,1.));
#4730 = ( GEOMETRIC_REPRESENTATION_CONTEXT(2) 
PARAMETRIC_REPRESENTATION_CONTEXT() REPRESENTATION_CONTEXT('2D SPACE',''
  ) );
#4731 = ADVANCED_FACE('',(#4732),#4746,.T.);
#4732 = FACE_BOUND('',#4733,.T.);
#4733 = EDGE_LOOP('',(#4734,#4764,#4787,#4810));
#4734 = ORIENTED_EDGE('',*,*,#4735,.F.);
#4735 = EDGE_CURVE('',#4736,#4738,#4740,.T.);
#4736 = VERTEX_POINT('',#4737);
#4737 = CARTESIAN_POINT('',(368.3,0.,0.));
#4738 = VERTEX_POINT('',#4739);
#4739 = CARTESIAN_POINT('',(368.3,0.,6.35));
#4740 = SURFACE_CURVE('',#4741,(#4745,#4757),.PCURVE_S1.);
#4741 = LINE('',#4742,#4743);
#4742 = CARTESIAN_POINT('',(368.3,0.,0.));
#4743 = VECTOR('',#4744,25.4);
#4744 = DIRECTION('',(0.,0.,1.));
#4745 = PCURVE('',#4746,#4751);
#4746 = PLANE('',#4747);
#4747 = AXIS2_PLACEMENT_3D('',#4748,#4749,#4750);
#4748 = CARTESIAN_POINT('',(368.3,0.,0.));
#4749 = DIRECTION('',(1.,0.,-0.));
#4750 = DIRECTION('',(0.,0.,1.));
#4751 = DEFINITIONAL_REPRESENTATION('',(#4752),#4756);
#4752 = LINE('',#4753,#4754);
#4753 = CARTESIAN_POINT('',(0.,0.));
#4754 = VECTOR('',#4755,1.);
#4755 = DIRECTION('',(1.,0.));
#4756 = ( GEOMETRIC_REPRESENTATION_CONTEXT(2) 
PARAMETRIC_REPRESENTATION_CONTEXT() REPRESENTATION_CONTEXT('2D SPACE',''
  ) );
#4757 = PCURVE('',#4638,#4758);
#4758 = DEFINITIONAL_REPRESENTATION('',(#4759),#4763);
#4759 = LINE('',#4760,#4761);
#4760 = CARTESIAN_POINT('',(0.,368.3));
#4761 = VECTOR('',#4762,1.);
#4762 = DIRECTION('',(1.,0.));
#4763 = ( GEOMETRIC_REPRESENTATION_CONTEXT(2) 
PARAMETRIC_REPRESENTATION_CONTEXT() REPRESENTATION_CONTEXT('2D SPACE',''
  ) );
#4764 = ORIENTED_EDGE('',*,*,#4765,.T.);
#4765 = EDGE_CURVE('',#4736,#4766,#4768,.T.);
#4766 = VERTEX_POINT('',#4767);
#4767 = CARTESIAN_POINT('',(368.3,190.5,0.));
#4768 = SURFACE_CURVE('',#4769,(#4773,#4780),.PCURVE_S1.);
#4769 = LINE('',#4770,#4771);
#4770 = CARTESIAN_POINT('',(368.3,0.,0.));
#4771 = VECTOR('',#4772,25.4);
#4772 = DIRECTION('',(-0.,1.,0.));
#4773 = PCURVE('',#4746,#4774);
#4774 = DEFINITIONAL_REPRESENTATION('',(#4775),#4779);
#4775 = LINE('',#4776,#4777);
#4776 = CARTESIAN_POINT('',(0.,0.));
#4777 = VECTOR('',#4778,1.);
#4778 = DIRECTION('',(0.,-1.));
#4779 = ( GEOMETRIC_REPRESENTATION_CONTEXT(2) 
PARAMETRIC_REPRESENTATION_CONTEXT() REPRESENTATION_CONTEXT('2D SPACE',''
  ) );
#4780 = PCURVE('',#4666,#4781);
#4781 = DEFINITIONAL_REPRESENTATION('',(#4782),#4786);
#4782 = LINE('',#4783,#4784);
#4783 = CARTESIAN_POINT('',(368.3,0.));
#4784 = VECTOR('',#4785,1.);
#4785 = DIRECTION('',(0.,1.));
#4786 = ( GEOMETRIC_REPRESENTATION_CONTEXT(2) 
PARAMETRIC_REPRESENTATION_CONTEXT() REPRESENTATION_CONTEXT('2D SPACE',''
  ) );
#4787 = ORIENTED_EDGE('',*,*,#4788,.T.);
#4788 = EDGE_CURVE('',#4766,#4789,#4791,.T.);
#4789 = VERTEX_POINT('',#4790);
#4790 = CARTESIAN_POINT('',(368.3,190.5,6.35));
#4791 = SURFACE_CURVE('',#4792,(#4796,#4803),.PCURVE_S1.);
#4792 = LINE('',#4793,#4794);
#4793 = CARTESIAN_POINT('',(368.3,190.5,0.));
#4794 = VECTOR('',#4795,25.4);
#4795 = DIRECTION('',(0.,0.,1.));
#4796 = PCURVE('',#4746,#4797);
#4797 = DEFINITIONAL_REPRESENTATION('',(#4798),#4802);
#4798 = LINE('',#4799,#4800);
#4799 = CARTESIAN_POINT('',(0.,-190.5));
#4800 = VECTOR('',#4801,1.);
#4801 = DIRECTION('',(1.,0.));
#4802 = ( GEOMETRIC_REPRESENTATION_CONTEXT(2) 
PARAMETRIC_REPRESENTATION_CONTEXT() REPRESENTATION_CONTEXT('2D SPACE',''
  ) );
#4803 = PCURVE('',#4694,#4804);
#4804 = DEFINITIONAL_REPRESENTATION('',(#4805),#4809);
#4805 = LINE('',#4806,#4807);
#4806 = CARTESIAN_POINT('',(0.,368.3));
#4807 = VECTOR('',#4808,1.);
#4808 = DIRECTION('',(1.,0.));
#4809 = ( GEOMETRIC_REPRESENTATION_CONTEXT(2) 
PARAMETRIC_REPRESENTATION_CONTEXT() REPRESENTATION_CONTEXT('2D SPACE',''
  ) );
#4810 = ORIENTED_EDGE('',*,*,#4811,.F.);
#4811 = EDGE_CURVE('',#4738,#4789,#4812,.T.);
#4812 = SURFACE_CURVE('',#4813,(#4817,#4824),.PCURVE_S1.);
#4813 = LINE('',#4814,#4815);
#4814 = CARTESIAN_POINT('',(368.3,0.,6.35));
#4815 = VECTOR('',#4816,25.4);
#4816 = DIRECTION('',(-0.,1.,0.));
#4817 = PCURVE('',#4746,#4818);
#4818 = DEFINITIONAL_REPRESENTATION('',(#4819),#4823);
#4819 = LINE('',#4820,#4821);
#4820 = CARTESIAN_POINT('',(6.35,0.));
#4821 = VECTOR('',#4822,1.);
#4822 = DIRECTION('',(0.,-1.));
#4823 = ( GEOMETRIC_REPRESENTATION_CONTEXT(2) 
PARAMETRIC_REPRESENTATION_CONTEXT() REPRESENTATION_CONTEXT('2D SPACE',''
  ) );
#4824 = PCURVE('',#4720,#4825);
#4825 = DEFINITIONAL_REPRESENTATION('',(#4826),#4830);
#4826 = LINE('',#4827,#4828);
#4827 = CARTESIAN_POINT('',(368.3,0.));
#4828 = VECTOR('',#4829,1.);
#4829 = DIRECTION('',(0.,1.));
#4830 = ( GEOMETRIC_REPRESENTATION_CONTEXT(2) 
PARAMETRIC_REPRESENTATION_CONTEXT() REPRESENTATION_CONTEXT('2D SPACE',''
  ) );
#4831 = ADVANCED_FACE('',(#4832),#4638,.F.);
#4832 = FACE_BOUND('',#4833,.F.);
#4833 = EDGE_LOOP('',(#4834,#4855,#4856,#4877));
#4834 = ORIENTED_EDGE('',*,*,#4835,.F.);
#4835 = EDGE_CURVE('',#4616,#4736,#4836,.T.);
#4836 = SURFACE_CURVE('',#4837,(#4841,#4848),.PCURVE_S1.);
#4837 = LINE('',#4838,#4839);
#4838 = CARTESIAN_POINT('',(0.,0.,0.));
#4839 = VECTOR('',#4840,25.4);
#4840 = DIRECTION('',(1.,0.,-0.));
#4841 = PCURVE('',#4638,#4842);
#4842 = DEFINITIONAL_REPRESENTATION('',(#4843),#4847);
#4843 = LINE('',#4844,#4845);
#4844 = CARTESIAN_POINT('',(0.,0.));
#4845 = VECTOR('',#4846,1.);
#4846 = DIRECTION('',(0.,1.));
#4847 = ( GEOMETRIC_REPRESENTATION_CONTEXT(2) 
PARAMETRIC_REPRESENTATION_CONTEXT() REPRESENTATION_CONTEXT('2D SPACE',''
  ) );
#4848 = PCURVE('',#4666,#4849);
#4849 = DEFINITIONAL_REPRESENTATION('',(#4850),#4854);
#4850 = LINE('',#4851,#4852);
#4851 = CARTESIAN_POINT('',(0.,0.));
#4852 = VECTOR('',#4853,1.);
#4853 = DIRECTION('',(1.,0.));
#4854 = ( GEOMETRIC_REPRESENTATION_CONTEXT(2) 
PARAMETRIC_REPRESENTATION_CONTEXT() REPRESENTATION_CONTEXT('2D SPACE',''
  ) );
#4855 = ORIENTED_EDGE('',*,*,#4615,.T.);
#4856 = ORIENTED_EDGE('',*,*,#4857,.T.);
#4857 = EDGE_CURVE('',#4618,#4738,#4858,.T.);
#4858 = SURFACE_CURVE('',#4859,(#4863,#4870),.PCURVE_S1.);
#4859 = LINE('',#4860,#4861);
#4860 = CARTESIAN_POINT('',(0.,0.,6.35));
#4861 = VECTOR('',#4862,25.4);
#4862 = DIRECTION('',(1.,0.,-0.));
#4863 = PCURVE('',#4638,#4864);
#4864 = DEFINITIONAL_REPRESENTATION('',(#4865),#4869);
#4865 = LINE('',#4866,#4867);
#4866 = CARTESIAN_POINT('',(6.35,0.));
#4867 = VECTOR('',#4868,1.);
#4868 = DIRECTION('',(0.,1.));
#4869 = ( GEOMETRIC_REPRESENTATION_CONTEXT(2) 
PARAMETRIC_REPRESENTATION_CONTEXT() REPRESENTATION_CONTEXT('2D SPACE',''
  ) );
#4870 = PCURVE('',#4720,#4871);
#4871 = DEFINITIONAL_REPRESENTATION('',(#4872),#4876);
#4872 = LINE('',#4873,#4874);
#4873 = CARTESIAN_POINT('',(0.,0.));
#4874 = VECTOR('',#4875,1.);
#4875 = DIRECTION('',(1.,0.));
#4876 = ( GEOMETRIC_REPRESENTATION_CONTEXT(2) 
PARAMETRIC_REPRESENTATION_CONTEXT() REPRESENTATION_CONTEXT('2D SPACE',''
  ) );
#4877 = ORIENTED_EDGE('',*,*,#4735,.F.);
#4878 = ADVANCED_FACE('',(#4879),#4694,.T.);
#4879 = FACE_BOUND('',#4880,.T.);
#4880 = EDGE_LOOP('',(#4881,#4902,#4903,#4924));
#4881 = ORIENTED_EDGE('',*,*,#4882,.F.);
#4882 = EDGE_CURVE('',#4651,#4766,#4883,.T.);
#4883 = SURFACE_CURVE('',#4884,(#4888,#4895),.PCURVE_S1.);
#4884 = LINE('',#4885,#4886);
#4885 = CARTESIAN_POINT('',(0.,190.5,0.));
#4886 = VECTOR('',#4887,25.4);
#4887 = DIRECTION('',(1.,0.,-0.));
#4888 = PCURVE('',#4694,#4889);
#4889 = DEFINITIONAL_REPRESENTATION('',(#4890),#4894);
#4890 = LINE('',#4891,#4892);
#4891 = CARTESIAN_POINT('',(0.,0.));
#4892 = VECTOR('',#4893,1.);
#4893 = DIRECTION('',(0.,1.));
#4894 = ( GEOMETRIC_REPRESENTATION_CONTEXT(2) 
PARAMETRIC_REPRESENTATION_CONTEXT() REPRESENTATION_CONTEXT('2D SPACE',''
  ) );
#4895 = PCURVE('',#4666,#4896);
#4896 = DEFINITIONAL_REPRESENTATION('',(#4897),#4901);
#4897 = LINE('',#4898,#4899);
#4898 = CARTESIAN_POINT('',(0.,190.5));
#4899 = VECTOR('',#4900,1.);
#4900 = DIRECTION('',(1.,0.));
#4901 = ( GEOMETRIC_REPRESENTATION_CONTEXT(2) 
PARAMETRIC_REPRESENTATION_CONTEXT() REPRESENTATION_CONTEXT('2D SPACE',''
  ) );
#4902 = ORIENTED_EDGE('',*,*,#4678,.T.);
#4903 = ORIENTED_EDGE('',*,*,#4904,.T.);
#4904 = EDGE_CURVE('',#4679,#4789,#4905,.T.);
#4905 = SURFACE_CURVE('',#4906,(#4910,#4917),.PCURVE_S1.);
#4906 = LINE('',#4907,#4908);
#4907 = CARTESIAN_POINT('',(0.,190.5,6.35));
#4908 = VECTOR('',#4909,25.4);
#4909 = DIRECTION('',(1.,0.,-0.));
#4910 = PCURVE('',#4694,#4911);
#4911 = DEFINITIONAL_REPRESENTATION('',(#4912),#4916);
#4912 = LINE('',#4913,#4914);
#4913 = CARTESIAN_POINT('',(6.35,0.));
#4914 = VECTOR('',#4915,1.);
#4915 = DIRECTION('',(0.,1.));
#4916 = ( GEOMETRIC_REPRESENTATION_CONTEXT(2) 
PARAMETRIC_REPRESENTATION_CONTEXT() REPRESENTATION_CONTEXT('2D SPACE',''
  ) );
#4917 = PCURVE('',#4720,#4918);
#4918 = DEFINITIONAL_REPRESENTATION('',(#4919),#4923);
#4919 = LINE('',#4920,#4921);
#4920 = CARTESIAN_POINT('',(0.,190.5));
#4921 = VECTOR('',#4922,1.);
#4922 = DIRECTION('',(1.,0.));
#4923 = ( GEOMETRIC_REPRESENTATION_CONTEXT(2) 
PARAMETRIC_REPRESENTATION_CONTEXT() REPRESENTATION_CONTEXT('2D SPACE',''
  ) );
#4924 = ORIENTED_EDGE('',*,*,#4788,.F.);
#4925 = ADVANCED_FACE('',(#4926),#4666,.F.);
#4926 = FACE_BOUND('',#4927,.F.);
#4927 = EDGE_LOOP('',(#4928,#4929,#4930,#4931));
#4928 = ORIENTED_EDGE('',*,*,#4650,.F.);
#4929 = ORIENTED_EDGE('',*,*,#4835,.T.);
#4930 = ORIENTED_EDGE('',*,*,#4765,.T.);
#4931 = ORIENTED_EDGE('',*,*,#4882,.F.);
#4932 = ADVANCED_FACE('',(#4933),#4720,.T.);
#4933 = FACE_BOUND('',#4934,.T.);
#4934 = EDGE_LOOP('',(#4935,#4936,#4937,#4938));
#4935 = ORIENTED_EDGE('',*,*,#4706,.F.);
#4936 = ORIENTED_EDGE('',*,*,#4857,.T.);
#4937 = ORIENTED_EDGE('',*,*,#4811,.T.);
#4938 = ORIENTED_EDGE('',*,*,#4904,.F.);
#4939 = ( GEOMETRIC_REPRESENTATION_CONTEXT(3) 
GLOBAL_UNCERTAINTY_ASSIGNED_CONTEXT((#4943)) 
GLOBAL_UNIT_ASSIGNED_CONTEXT((#4940,#4941,#4942)) REPRESENTATION_CONTEXT
('Context #1','3D Context with UNIT and UNCERTAINTY') );
#4940 = ( LENGTH_UNIT() NAMED_UNIT(*) SI_UNIT(.MILLI.,.METRE.) );
#4941 = ( NAMED_UNIT(*) PLANE_ANGLE_UNIT() SI_UNIT($,.RADIAN.) );
#4942 = ( NAMED_UNIT(*) SI_UNIT($,.STERADIAN.) SOLID_ANGLE_UNIT() );
#4943 = UNCERTAINTY_MEASURE_WITH_UNIT(LENGTH_MEASURE(2.54E-06),#4940,
  'distance_accuracy_value','confusion accuracy');
#4944 = CONTEXT_DEPENDENT_SHAPE_REPRESENTATION(#4945,#4947);
#4945 = ( REPRESENTATION_RELATIONSHIP('','',#4608,#10) 
REPRESENTATION_RELATIONSHIP_WITH_TRANSFORMATION(#4946) 
SHAPE_REPRESENTATION_RELATIONSHIP() );
#4946 = ITEM_DEFINED_TRANSFORMATION('','',#11,#39);
#4947 = PRODUCT_DEFINITION_SHAPE('Placement','Placement of an item',
  #4948);
#4948 = NEXT_ASSEMBLY_USAGE_OCCURRENCE('7','Top Plate','',#5,#4603,$);
#4949 = PRODUCT_RELATED_PRODUCT_CATEGORY('part',$,(#4605));
#4950 = SHAPE_DEFINITION_REPRESENTATION(#4951,#4957);
#4951 = PRODUCT_DEFINITION_SHAPE('','',#4952);
#4952 = PRODUCT_DEFINITION('design','',#4953,#4956);
#4953 = PRODUCT_DEFINITION_FORMATION('','',#4954);
#4954 = PRODUCT('Ramp','Ramp','',(#4955));
#4955 = PRODUCT_CONTEXT('',#2,'mechanical');
#4956 = PRODUCT_DEFINITION_CONTEXT('part definition',#2,'design');
#4957 = ADVANCED_BREP_SHAPE_REPRESENTATION('',(#11,#4958),#5524);
#4958 = MANIFOLD_SOLID_BREP('',#4959);
#4959 = CLOSED_SHELL('',(#4960,#5080,#5156,#5232,#5339,#5436,#5463,#5490
    ,#5517));
#4960 = ADVANCED_FACE('',(#4961),#4975,.F.);
#4961 = FACE_BOUND('',#4962,.F.);
#4962 = EDGE_LOOP('',(#4963,#4998,#5026,#5054));
#4963 = ORIENTED_EDGE('',*,*,#4964,.T.);
#4964 = EDGE_CURVE('',#4965,#4967,#4969,.T.);
#4965 = VERTEX_POINT('',#4966);
#4966 = CARTESIAN_POINT('',(0.,0.,0.));
#4967 = VERTEX_POINT('',#4968);
#4968 = CARTESIAN_POINT('',(0.,0.,6.35));
#4969 = SURFACE_CURVE('',#4970,(#4974,#4986),.PCURVE_S1.);
#4970 = LINE('',#4971,#4972);
#4971 = CARTESIAN_POINT('',(0.,0.,0.));
#4972 = VECTOR('',#4973,25.4);
#4973 = DIRECTION('',(0.,0.,1.));
#4974 = PCURVE('',#4975,#4980);
#4975 = PLANE('',#4976);
#4976 = AXIS2_PLACEMENT_3D('',#4977,#4978,#4979);
#4977 = CARTESIAN_POINT('',(0.,0.,0.));
#4978 = DIRECTION('',(0.,1.,0.));
#4979 = DIRECTION('',(1.,0.,0.));
#4980 = DEFINITIONAL_REPRESENTATION('',(#4981),#4985);
#4981 = LINE('',#4982,#4983);
#4982 = CARTESIAN_POINT('',(0.,0.));
#4983 = VECTOR('',#4984,1.);
#4984 = DIRECTION('',(0.,-1.));
#4985 = ( GEOMETRIC_REPRESENTATION_CONTEXT(2) 
PARAMETRIC_REPRESENTATION_CONTEXT() REPRESENTATION_CONTEXT('2D SPACE',''
  ) );
#4986 = PCURVE('',#4987,#4992);
#4987 = PLANE('',#4988);
#4988 = AXIS2_PLACEMENT_3D('',#4989,#4990,#4991);
#4989 = CARTESIAN_POINT('',(0.,6.35,0.));
#4990 = DIRECTION('',(1.,0.,-0.));
#4991 = DIRECTION('',(0.,-1.,0.));
#4992 = DEFINITIONAL_REPRESENTATION('',(#4993),#4997);
#4993 = LINE('',#4994,#4995);
#4994 = CARTESIAN_POINT('',(6.35,0.));
#4995 = VECTOR('',#4996,1.);
#4996 = DIRECTION('',(0.,-1.));
#4997 = ( GEOMETRIC_REPRESENTATION_CONTEXT(2) 
PARAMETRIC_REPRESENTATION_CONTEXT() REPRESENTATION_CONTEXT('2D SPACE',''
  ) );
#4998 = ORIENTED_EDGE('',*,*,#4999,.T.);
#4999 = EDGE_CURVE('',#4967,#5000,#5002,.T.);
#5000 = VERTEX_POINT('',#5001);
#5001 = CARTESIAN_POINT('',(355.6,0.,6.35));
#5002 = SURFACE_CURVE('',#5003,(#5007,#5014),.PCURVE_S1.);
#5003 = LINE('',#5004,#5005);
#5004 = CARTESIAN_POINT('',(0.,0.,6.35));
#5005 = VECTOR('',#5006,25.4);
#5006 = DIRECTION('',(1.,0.,0.));
#5007 = PCURVE('',#4975,#5008);
#5008 = DEFINITIONAL_REPRESENTATION('',(#5009),#5013);
#5009 = LINE('',#5010,#5011);
#5010 = CARTESIAN_POINT('',(0.,-6.35));
#5011 = VECTOR('',#5012,1.);
#5012 = DIRECTION('',(1.,0.));
#5013 = ( GEOMETRIC_REPRESENTATION_CONTEXT(2) 
PARAMETRIC_REPRESENTATION_CONTEXT() REPRESENTATION_CONTEXT('2D SPACE',''
  ) );
#5014 = PCURVE('',#5015,#5020);
#5015 = PLANE('',#5016);
#5016 = AXIS2_PLACEMENT_3D('',#5017,#5018,#5019);
#5017 = CARTESIAN_POINT('',(181.70346919331,25.278431909562,6.35));
#5018 = DIRECTION('',(0.,0.,1.));
#5019 = DIRECTION('',(1.,0.,-0.));
#5020 = DEFINITIONAL_REPRESENTATION('',(#5021),#5025);
#5021 = LINE('',#5022,#5023);
#5022 = CARTESIAN_POINT('',(-181.7034691933,-25.27843190956));
#5023 = VECTOR('',#5024,1.);
#5024 = DIRECTION('',(1.,0.));
#5025 = ( GEOMETRIC_REPRESENTATION_CONTEXT(2) 
PARAMETRIC_REPRESENTATION_CONTEXT() REPRESENTATION_CONTEXT('2D SPACE',''
  ) );
#5026 = ORIENTED_EDGE('',*,*,#5027,.F.);
#5027 = EDGE_CURVE('',#5028,#5000,#5030,.T.);
#5028 = VERTEX_POINT('',#5029);
#5029 = CARTESIAN_POINT('',(355.6,0.,0.));
#5030 = SURFACE_CURVE('',#5031,(#5035,#5042),.PCURVE_S1.);
#5031 = LINE('',#5032,#5033);
#5032 = CARTESIAN_POINT('',(355.6,0.,0.));
#5033 = VECTOR('',#5034,25.4);
#5034 = DIRECTION('',(0.,0.,1.));
#5035 = PCURVE('',#4975,#5036);
#5036 = DEFINITIONAL_REPRESENTATION('',(#5037),#5041);
#5037 = LINE('',#5038,#5039);
#5038 = CARTESIAN_POINT('',(355.6,0.));
#5039 = VECTOR('',#5040,1.);
#5040 = DIRECTION('',(0.,-1.));
#5041 = ( GEOMETRIC_REPRESENTATION_CONTEXT(2) 
PARAMETRIC_REPRESENTATION_CONTEXT() REPRESENTATION_CONTEXT('2D SPACE',''
  ) );
#5042 = PCURVE('',#5043,#5048);
#5043 = PLANE('',#5044);
#5044 = AXIS2_PLACEMENT_3D('',#5045,#5046,#5047);
#5045 = CARTESIAN_POINT('',(355.6,0.,0.));
#5046 = DIRECTION('',(-1.,0.,0.));
#5047 = DIRECTION('',(0.,1.,0.));
#5048 = DEFINITIONAL_REPRESENTATION('',(#5049),#5053);
#5049 = LINE('',#5050,#5051);
#5050 = CARTESIAN_POINT('',(0.,0.));
#5051 = VECTOR('',#5052,1.);
#5052 = DIRECTION('',(0.,-1.));
#5053 = ( GEOMETRIC_REPRESENTATION_CONTEXT(2) 
PARAMETRIC_REPRESENTATION_CONTEXT() REPRESENTATION_CONTEXT('2D SPACE',''
  ) );
#5054 = ORIENTED_EDGE('',*,*,#5055,.F.);
#5055 = EDGE_CURVE('',#4965,#5028,#5056,.T.);
#5056 = SURFACE_CURVE('',#5057,(#5061,#5068),.PCURVE_S1.);
#5057 = LINE('',#5058,#5059);
#5058 = CARTESIAN_POINT('',(0.,0.,0.));
#5059 = VECTOR('',#5060,25.4);
#5060 = DIRECTION('',(1.,0.,0.));
#5061 = PCURVE('',#4975,#5062);
#5062 = DEFINITIONAL_REPRESENTATION('',(#5063),#5067);
#5063 = LINE('',#5064,#5065);
#5064 = CARTESIAN_POINT('',(0.,0.));
#5065 = VECTOR('',#5066,1.);
#5066 = DIRECTION('',(1.,0.));
#5067 = ( GEOMETRIC_REPRESENTATION_CONTEXT(2) 
PARAMETRIC_REPRESENTATION_CONTEXT() REPRESENTATION_CONTEXT('2D SPACE',''
  ) );
#5068 = PCURVE('',#5069,#5074);
#5069 = PLANE('',#5070);
#5070 = AXIS2_PLACEMENT_3D('',#5071,#5072,#5073);
#5071 = CARTESIAN_POINT('',(181.70346919331,25.278431909562,0.));
#5072 = DIRECTION('',(0.,0.,1.));
#5073 = DIRECTION('',(1.,0.,-0.));
#5074 = DEFINITIONAL_REPRESENTATION('',(#5075),#5079);
#5075 = LINE('',#5076,#5077);
#5076 = CARTESIAN_POINT('',(-181.7034691933,-25.27843190956));
#5077 = VECTOR('',#5078,1.);
#5078 = DIRECTION('',(1.,0.));
#5079 = ( GEOMETRIC_REPRESENTATION_CONTEXT(2) 
PARAMETRIC_REPRESENTATION_CONTEXT() REPRESENTATION_CONTEXT('2D SPACE',''
  ) );
#5080 = ADVANCED_FACE('',(#5081),#4987,.F.);
#5081 = FACE_BOUND('',#5082,.F.);
#5082 = EDGE_LOOP('',(#5083,#5113,#5134,#5135));
#5083 = ORIENTED_EDGE('',*,*,#5084,.T.);
#5084 = EDGE_CURVE('',#5085,#5087,#5089,.T.);
#5085 = VERTEX_POINT('',#5086);
#5086 = CARTESIAN_POINT('',(0.,6.35,0.));
#5087 = VERTEX_POINT('',#5088);
#5088 = CARTESIAN_POINT('',(0.,6.35,6.35));
#5089 = SURFACE_CURVE('',#5090,(#5094,#5101),.PCURVE_S1.);
#5090 = LINE('',#5091,#5092);
#5091 = CARTESIAN_POINT('',(0.,6.35,0.));
#5092 = VECTOR('',#5093,25.4);
#5093 = DIRECTION('',(0.,0.,1.));
#5094 = PCURVE('',#4987,#5095);
#5095 = DEFINITIONAL_REPRESENTATION('',(#5096),#5100);
#5096 = LINE('',#5097,#5098);
#5097 = CARTESIAN_POINT('',(0.,0.));
#5098 = VECTOR('',#5099,1.);
#5099 = DIRECTION('',(0.,-1.));
#5100 = ( GEOMETRIC_REPRESENTATION_CONTEXT(2) 
PARAMETRIC_REPRESENTATION_CONTEXT() REPRESENTATION_CONTEXT('2D SPACE',''
  ) );
#5101 = PCURVE('',#5102,#5107);
#5102 = PLANE('',#5103);
#5103 = AXIS2_PLACEMENT_3D('',#5104,#5105,#5106);
#5104 = CARTESIAN_POINT('',(161.925,76.2,0.));
#5105 = DIRECTION('',(0.396091111435,-0.918211212871,0.));
#5106 = DIRECTION('',(-0.918211212871,-0.396091111435,0.));
#5107 = DEFINITIONAL_REPRESENTATION('',(#5108),#5112);
#5108 = LINE('',#5109,#5110);
#5109 = CARTESIAN_POINT('',(176.34831477788,0.));
#5110 = VECTOR('',#5111,1.);
#5111 = DIRECTION('',(0.,-1.));
#5112 = ( GEOMETRIC_REPRESENTATION_CONTEXT(2) 
PARAMETRIC_REPRESENTATION_CONTEXT() REPRESENTATION_CONTEXT('2D SPACE',''
  ) );
#5113 = ORIENTED_EDGE('',*,*,#5114,.T.);
#5114 = EDGE_CURVE('',#5087,#4967,#5115,.T.);
#5115 = SURFACE_CURVE('',#5116,(#5120,#5127),.PCURVE_S1.);
#5116 = LINE('',#5117,#5118);
#5117 = CARTESIAN_POINT('',(0.,6.35,6.35));
#5118 = VECTOR('',#5119,25.4);
#5119 = DIRECTION('',(0.,-1.,0.));
#5120 = PCURVE('',#4987,#5121);
#5121 = DEFINITIONAL_REPRESENTATION('',(#5122),#5126);
#5122 = LINE('',#5123,#5124);
#5123 = CARTESIAN_POINT('',(0.,-6.35));
#5124 = VECTOR('',#5125,1.);
#5125 = DIRECTION('',(1.,0.));
#5126 = ( GEOMETRIC_REPRESENTATION_CONTEXT(2) 
PARAMETRIC_REPRESENTATION_CONTEXT() REPRESENTATION_CONTEXT('2D SPACE',''
  ) );
#5127 = PCURVE('',#5015,#5128);
#5128 = DEFINITIONAL_REPRESENTATION('',(#5129),#5133);
#5129 = LINE('',#5130,#5131);
#5130 = CARTESIAN_POINT('',(-181.7034691933,-18.92843190956));
#5131 = VECTOR('',#5132,1.);
#5132 = DIRECTION('',(0.,-1.));
#5133 = ( GEOMETRIC_REPRESENTATION_CONTEXT(2) 
PARAMETRIC_REPRESENTATION_CONTEXT() REPRESENTATION_CONTEXT('2D SPACE',''
  ) );
#5134 = ORIENTED_EDGE('',*,*,#4964,.F.);
#5135 = ORIENTED_EDGE('',*,*,#5136,.F.);
#5136 = EDGE_CURVE('',#5085,#4965,#5137,.T.);
#5137 = SURFACE_CURVE('',#5138,(#5142,#5149),.PCURVE_S1.);
#5138 = LINE('',#5139,#5140);
#5139 = CARTESIAN_POINT('',(0.,6.35,0.));
#5140 = VECTOR('',#5141,25.4);
#5141 = DIRECTION('',(0.,-1.,0.));
#5142 = PCURVE('',#4987,#5143);
#5143 = DEFINITIONAL_REPRESENTATION('',(#5144),#5148);
#5144 = LINE('',#5145,#5146);
#5145 = CARTESIAN_POINT('',(0.,0.));
#5146 = VECTOR('',#5147,1.);
#5147 = DIRECTION('',(1.,0.));
#5148 = ( GEOMETRIC_REPRESENTATION_CONTEXT(2) 
PARAMETRIC_REPRESENTATION_CONTEXT() REPRESENTATION_CONTEXT('2D SPACE',''
  ) );
#5149 = PCURVE('',#5069,#5150);
#5150 = DEFINITIONAL_REPRESENTATION('',(#5151),#5155);
#5151 = LINE('',#5152,#5153);
#5152 = CARTESIAN_POINT('',(-181.7034691933,-18.92843190956));
#5153 = VECTOR('',#5154,1.);
#5154 = DIRECTION('',(0.,-1.));
#5155 = ( GEOMETRIC_REPRESENTATION_CONTEXT(2) 
PARAMETRIC_REPRESENTATION_CONTEXT() REPRESENTATION_CONTEXT('2D SPACE',''
  ) );
#5156 = ADVANCED_FACE('',(#5157),#5043,.F.);
#5157 = FACE_BOUND('',#5158,.F.);
#5158 = EDGE_LOOP('',(#5159,#5160,#5183,#5211));
#5159 = ORIENTED_EDGE('',*,*,#5027,.T.);
#5160 = ORIENTED_EDGE('',*,*,#5161,.T.);
#5161 = EDGE_CURVE('',#5000,#5162,#5164,.T.);
#5162 = VERTEX_POINT('',#5163);
#5163 = CARTESIAN_POINT('',(355.6,25.4,6.35));
#5164 = SURFACE_CURVE('',#5165,(#5169,#5176),.PCURVE_S1.);
#5165 = LINE('',#5166,#5167);
#5166 = CARTESIAN_POINT('',(355.6,0.,6.35));
#5167 = VECTOR('',#5168,25.4);
#5168 = DIRECTION('',(0.,1.,0.));
#5169 = PCURVE('',#5043,#5170);
#5170 = DEFINITIONAL_REPRESENTATION('',(#5171),#5175);
#5171 = LINE('',#5172,#5173);
#5172 = CARTESIAN_POINT('',(0.,-6.35));
#5173 = VECTOR('',#5174,1.);
#5174 = DIRECTION('',(1.,0.));
#5175 = ( GEOMETRIC_REPRESENTATION_CONTEXT(2) 
PARAMETRIC_REPRESENTATION_CONTEXT() REPRESENTATION_CONTEXT('2D SPACE',''
  ) );
#5176 = PCURVE('',#5015,#5177);
#5177 = DEFINITIONAL_REPRESENTATION('',(#5178),#5182);
#5178 = LINE('',#5179,#5180);
#5179 = CARTESIAN_POINT('',(173.89653080668,-25.27843190956));
#5180 = VECTOR('',#5181,1.);
#5181 = DIRECTION('',(0.,1.));
#5182 = ( GEOMETRIC_REPRESENTATION_CONTEXT(2) 
PARAMETRIC_REPRESENTATION_CONTEXT() REPRESENTATION_CONTEXT('2D SPACE',''
  ) );
#5183 = ORIENTED_EDGE('',*,*,#5184,.F.);
#5184 = EDGE_CURVE('',#5185,#5162,#5187,.T.);
#5185 = VERTEX_POINT('',#5186);
#5186 = CARTESIAN_POINT('',(355.6,25.4,0.));
#5187 = SURFACE_CURVE('',#5188,(#5192,#5199),.PCURVE_S1.);
#5188 = LINE('',#5189,#5190);
#5189 = CARTESIAN_POINT('',(355.6,25.4,0.));
#5190 = VECTOR('',#5191,25.4);
#5191 = DIRECTION('',(0.,0.,1.));
#5192 = PCURVE('',#5043,#5193);
#5193 = DEFINITIONAL_REPRESENTATION('',(#5194),#5198);
#5194 = LINE('',#5195,#5196);
#5195 = CARTESIAN_POINT('',(25.4,0.));
#5196 = VECTOR('',#5197,1.);
#5197 = DIRECTION('',(0.,-1.));
#5198 = ( GEOMETRIC_REPRESENTATION_CONTEXT(2) 
PARAMETRIC_REPRESENTATION_CONTEXT() REPRESENTATION_CONTEXT('2D SPACE',''
  ) );
#5199 = PCURVE('',#5200,#5205);
#5200 = PLANE('',#5201);
#5201 = AXIS2_PLACEMENT_3D('',#5202,#5203,#5204);
#5202 = CARTESIAN_POINT('',(355.6,25.4,0.));
#5203 = DIRECTION('',(-0.348733712021,-0.937221851058,0.));
#5204 = DIRECTION('',(-0.937221851058,0.348733712021,0.));
#5205 = DEFINITIONAL_REPRESENTATION('',(#5206),#5210);
#5206 = LINE('',#5207,#5208);
#5207 = CARTESIAN_POINT('',(0.,0.));
#5208 = VECTOR('',#5209,1.);
#5209 = DIRECTION('',(0.,-1.));
#5210 = ( GEOMETRIC_REPRESENTATION_CONTEXT(2) 
PARAMETRIC_REPRESENTATION_CONTEXT() REPRESENTATION_CONTEXT('2D SPACE',''
  ) );
#5211 = ORIENTED_EDGE('',*,*,#5212,.F.);
#5212 = EDGE_CURVE('',#5028,#5185,#5213,.T.);
#5213 = SURFACE_CURVE('',#5214,(#5218,#5225),.PCURVE_S1.);
#5214 = LINE('',#5215,#5216);
#5215 = CARTESIAN_POINT('',(355.6,0.,0.));
#5216 = VECTOR('',#5217,25.4);
#5217 = DIRECTION('',(0.,1.,0.));
#5218 = PCURVE('',#5043,#5219);
#5219 = DEFINITIONAL_REPRESENTATION('',(#5220),#5224);
#5220 = LINE('',#5221,#5222);
#5221 = CARTESIAN_POINT('',(0.,0.));
#5222 = VECTOR('',#5223,1.);
#5223 = DIRECTION('',(1.,0.));
#5224 = ( GEOMETRIC_REPRESENTATION_CONTEXT(2) 
PARAMETRIC_REPRESENTATION_CONTEXT() REPRESENTATION_CONTEXT('2D SPACE',''
  ) );
#5225 = PCURVE('',#5069,#5226);
#5226 = DEFINITIONAL_REPRESENTATION('',(#5227),#5231);
#5227 = LINE('',#5228,#5229);
#5228 = CARTESIAN_POINT('',(173.89653080668,-25.27843190956));
#5229 = VECTOR('',#5230,1.);
#5230 = DIRECTION('',(0.,1.));
#5231 = ( GEOMETRIC_REPRESENTATION_CONTEXT(2) 
PARAMETRIC_REPRESENTATION_CONTEXT() REPRESENTATION_CONTEXT('2D SPACE',''
  ) );
#5232 = ADVANCED_FACE('',(#5233),#5069,.F.);
#5233 = FACE_BOUND('',#5234,.F.);
#5234 = EDGE_LOOP('',(#5235,#5236,#5237,#5238,#5261,#5289,#5318));
#5235 = ORIENTED_EDGE('',*,*,#5136,.T.);
#5236 = ORIENTED_EDGE('',*,*,#5055,.T.);
#5237 = ORIENTED_EDGE('',*,*,#5212,.T.);
#5238 = ORIENTED_EDGE('',*,*,#5239,.T.);
#5239 = EDGE_CURVE('',#5185,#5240,#5242,.T.);
#5240 = VERTEX_POINT('',#5241);
#5241 = CARTESIAN_POINT('',(219.075,76.2,0.));
#5242 = SURFACE_CURVE('',#5243,(#5247,#5254),.PCURVE_S1.);
#5243 = LINE('',#5244,#5245);
#5244 = CARTESIAN_POINT('',(355.6,25.4,0.));
#5245 = VECTOR('',#5246,25.4);
#5246 = DIRECTION('',(-0.937221851058,0.348733712021,0.));
#5247 = PCURVE('',#5069,#5248);
#5248 = DEFINITIONAL_REPRESENTATION('',(#5249),#5253);
#5249 = LINE('',#5250,#5251);
#5250 = CARTESIAN_POINT('',(173.89653080668,0.121568090438));
#5251 = VECTOR('',#5252,1.);
#5252 = DIRECTION('',(-0.937221851058,0.348733712021));
#5253 = ( GEOMETRIC_REPRESENTATION_CONTEXT(2) 
PARAMETRIC_REPRESENTATION_CONTEXT() REPRESENTATION_CONTEXT('2D SPACE',''
  ) );
#5254 = PCURVE('',#5200,#5255);
#5255 = DEFINITIONAL_REPRESENTATION('',(#5256),#5260);
#5256 = LINE('',#5257,#5258);
#5257 = CARTESIAN_POINT('',(0.,0.));
#5258 = VECTOR('',#5259,1.);
#5259 = DIRECTION('',(1.,0.));
#5260 = ( GEOMETRIC_REPRESENTATION_CONTEXT(2) 
PARAMETRIC_REPRESENTATION_CONTEXT() REPRESENTATION_CONTEXT('2D SPACE',''
  ) );
#5261 = ORIENTED_EDGE('',*,*,#5262,.T.);
#5262 = EDGE_CURVE('',#5240,#5263,#5265,.T.);
#5263 = VERTEX_POINT('',#5264);
#5264 = CARTESIAN_POINT('',(193.675,76.2,0.));
#5265 = SURFACE_CURVE('',#5266,(#5270,#5277),.PCURVE_S1.);
#5266 = LINE('',#5267,#5268);
#5267 = CARTESIAN_POINT('',(219.075,76.2,0.));
#5268 = VECTOR('',#5269,25.4);
#5269 = DIRECTION('',(-1.,0.,0.));
#5270 = PCURVE('',#5069,#5271);
#5271 = DEFINITIONAL_REPRESENTATION('',(#5272),#5276);
#5272 = LINE('',#5273,#5274);
#5273 = CARTESIAN_POINT('',(37.371530806687,50.921568090438));
#5274 = VECTOR('',#5275,1.);
#5275 = DIRECTION('',(-1.,0.));
#5276 = ( GEOMETRIC_REPRESENTATION_CONTEXT(2) 
PARAMETRIC_REPRESENTATION_CONTEXT() REPRESENTATION_CONTEXT('2D SPACE',''
  ) );
#5277 = PCURVE('',#5278,#5283);
#5278 = PLANE('',#5279);
#5279 = AXIS2_PLACEMENT_3D('',#5280,#5281,#5282);
#5280 = CARTESIAN_POINT('',(219.075,76.2,0.));
#5281 = DIRECTION('',(0.,-1.,0.));
#5282 = DIRECTION('',(-1.,0.,0.));
#5283 = DEFINITIONAL_REPRESENTATION('',(#5284),#5288);
#5284 = LINE('',#5285,#5286);
#5285 = CARTESIAN_POINT('',(0.,-0.));
#5286 = VECTOR('',#5287,1.);
#5287 = DIRECTION('',(1.,0.));
#5288 = ( GEOMETRIC_REPRESENTATION_CONTEXT(2) 
PARAMETRIC_REPRESENTATION_CONTEXT() REPRESENTATION_CONTEXT('2D SPACE',''
  ) );
#5289 = ORIENTED_EDGE('',*,*,#5290,.F.);
#5290 = EDGE_CURVE('',#5291,#5263,#5293,.T.);
#5291 = VERTEX_POINT('',#5292);
#5292 = CARTESIAN_POINT('',(161.925,76.2,0.));
#5293 = SURFACE_CURVE('',#5294,(#5299,#5306),.PCURVE_S1.);
#5294 = CIRCLE('',#5295,15.875);
#5295 = AXIS2_PLACEMENT_3D('',#5296,#5297,#5298);
#5296 = CARTESIAN_POINT('',(177.8,76.2,0.));
#5297 = DIRECTION('',(0.,0.,1.));
#5298 = DIRECTION('',(1.,0.,-0.));
#5299 = PCURVE('',#5069,#5300);
#5300 = DEFINITIONAL_REPRESENTATION('',(#5301),#5305);
#5301 = CIRCLE('',#5302,15.875);
#5302 = AXIS2_PLACEMENT_2D('',#5303,#5304);
#5303 = CARTESIAN_POINT('',(-3.903469193313,50.921568090438));
#5304 = DIRECTION('',(1.,0.));
#5305 = ( GEOMETRIC_REPRESENTATION_CONTEXT(2) 
PARAMETRIC_REPRESENTATION_CONTEXT() REPRESENTATION_CONTEXT('2D SPACE',''
  ) );
#5306 = PCURVE('',#5307,#5312);
#5307 = CYLINDRICAL_SURFACE('',#5308,15.875);
#5308 = AXIS2_PLACEMENT_3D('',#5309,#5310,#5311);
#5309 = CARTESIAN_POINT('',(177.8,76.2,-0.254));
#5310 = DIRECTION('',(0.,0.,1.));
#5311 = DIRECTION('',(1.,0.,-0.));
#5312 = DEFINITIONAL_REPRESENTATION('',(#5313),#5317);
#5313 = LINE('',#5314,#5315);
#5314 = CARTESIAN_POINT('',(0.,0.254));
#5315 = VECTOR('',#5316,1.);
#5316 = DIRECTION('',(1.,0.));
#5317 = ( GEOMETRIC_REPRESENTATION_CONTEXT(2) 
PARAMETRIC_REPRESENTATION_CONTEXT() REPRESENTATION_CONTEXT('2D SPACE',''
  ) );
#5318 = ORIENTED_EDGE('',*,*,#5319,.T.);
#5319 = EDGE_CURVE('',#5291,#5085,#5320,.T.);
#5320 = SURFACE_CURVE('',#5321,(#5325,#5332),.PCURVE_S1.);
#5321 = LINE('',#5322,#5323);
#5322 = CARTESIAN_POINT('',(161.925,76.2,0.));
#5323 = VECTOR('',#5324,25.4);
#5324 = DIRECTION('',(-0.918211212871,-0.396091111435,0.));
#5325 = PCURVE('',#5069,#5326);
#5326 = DEFINITIONAL_REPRESENTATION('',(#5327),#5331);
#5327 = LINE('',#5328,#5329);
#5328 = CARTESIAN_POINT('',(-19.77846919331,50.921568090438));
#5329 = VECTOR('',#5330,1.);
#5330 = DIRECTION('',(-0.918211212871,-0.396091111435));
#5331 = ( GEOMETRIC_REPRESENTATION_CONTEXT(2) 
PARAMETRIC_REPRESENTATION_CONTEXT() REPRESENTATION_CONTEXT('2D SPACE',''
  ) );
#5332 = PCURVE('',#5102,#5333);
#5333 = DEFINITIONAL_REPRESENTATION('',(#5334),#5338);
#5334 = LINE('',#5335,#5336);
#5335 = CARTESIAN_POINT('',(0.,0.));
#5336 = VECTOR('',#5337,1.);
#5337 = DIRECTION('',(1.,0.));
#5338 = ( GEOMETRIC_REPRESENTATION_CONTEXT(2) 
PARAMETRIC_REPRESENTATION_CONTEXT() REPRESENTATION_CONTEXT('2D SPACE',''
  ) );
#5339 = ADVANCED_FACE('',(#5340),#5015,.T.);
#5340 = FACE_BOUND('',#5341,.T.);
#5341 = EDGE_LOOP('',(#5342,#5343,#5344,#5345,#5368,#5391,#5415));
#5342 = ORIENTED_EDGE('',*,*,#5114,.T.);
#5343 = ORIENTED_EDGE('',*,*,#4999,.T.);
#5344 = ORIENTED_EDGE('',*,*,#5161,.T.);
#5345 = ORIENTED_EDGE('',*,*,#5346,.T.);
#5346 = EDGE_CURVE('',#5162,#5347,#5349,.T.);
#5347 = VERTEX_POINT('',#5348);
#5348 = CARTESIAN_POINT('',(219.075,76.2,6.35));
#5349 = SURFACE_CURVE('',#5350,(#5354,#5361),.PCURVE_S1.);
#5350 = LINE('',#5351,#5352);
#5351 = CARTESIAN_POINT('',(355.6,25.4,6.35));
#5352 = VECTOR('',#5353,25.4);
#5353 = DIRECTION('',(-0.937221851058,0.348733712021,0.));
#5354 = PCURVE('',#5015,#5355);
#5355 = DEFINITIONAL_REPRESENTATION('',(#5356),#5360);
#5356 = LINE('',#5357,#5358);
#5357 = CARTESIAN_POINT('',(173.89653080668,0.121568090438));
#5358 = VECTOR('',#5359,1.);
#5359 = DIRECTION('',(-0.937221851058,0.348733712021));
#5360 = ( GEOMETRIC_REPRESENTATION_CONTEXT(2) 
PARAMETRIC_REPRESENTATION_CONTEXT() REPRESENTATION_CONTEXT('2D SPACE',''
  ) );
#5361 = PCURVE('',#5200,#5362);
#5362 = DEFINITIONAL_REPRESENTATION('',(#5363),#5367);
#5363 = LINE('',#5364,#5365);
#5364 = CARTESIAN_POINT('',(0.,-6.35));
#5365 = VECTOR('',#5366,1.);
#5366 = DIRECTION('',(1.,0.));
#5367 = ( GEOMETRIC_REPRESENTATION_CONTEXT(2) 
PARAMETRIC_REPRESENTATION_CONTEXT() REPRESENTATION_CONTEXT('2D SPACE',''
  ) );
#5368 = ORIENTED_EDGE('',*,*,#5369,.T.);
#5369 = EDGE_CURVE('',#5347,#5370,#5372,.T.);
#5370 = VERTEX_POINT('',#5371);
#5371 = CARTESIAN_POINT('',(193.675,76.2,6.35));
#5372 = SURFACE_CURVE('',#5373,(#5377,#5384),.PCURVE_S1.);
#5373 = LINE('',#5374,#5375);
#5374 = CARTESIAN_POINT('',(219.075,76.2,6.35));
#5375 = VECTOR('',#5376,25.4);
#5376 = DIRECTION('',(-1.,0.,0.));
#5377 = PCURVE('',#5015,#5378);
#5378 = DEFINITIONAL_REPRESENTATION('',(#5379),#5383);
#5379 = LINE('',#5380,#5381);
#5380 = CARTESIAN_POINT('',(37.371530806687,50.921568090438));
#5381 = VECTOR('',#5382,1.);
#5382 = DIRECTION('',(-1.,0.));
#5383 = ( GEOMETRIC_REPRESENTATION_CONTEXT(2) 
PARAMETRIC_REPRESENTATION_CONTEXT() REPRESENTATION_CONTEXT('2D SPACE',''
  ) );
#5384 = PCURVE('',#5278,#5385);
#5385 = DEFINITIONAL_REPRESENTATION('',(#5386),#5390);
#5386 = LINE('',#5387,#5388);
#5387 = CARTESIAN_POINT('',(0.,-6.35));
#5388 = VECTOR('',#5389,1.);
#5389 = DIRECTION('',(1.,0.));
#5390 = ( GEOMETRIC_REPRESENTATION_CONTEXT(2) 
PARAMETRIC_REPRESENTATION_CONTEXT() REPRESENTATION_CONTEXT('2D SPACE',''
  ) );
#5391 = ORIENTED_EDGE('',*,*,#5392,.F.);
#5392 = EDGE_CURVE('',#5393,#5370,#5395,.T.);
#5393 = VERTEX_POINT('',#5394);
#5394 = CARTESIAN_POINT('',(161.925,76.2,6.35));
#5395 = SURFACE_CURVE('',#5396,(#5401,#5408),.PCURVE_S1.);
#5396 = CIRCLE('',#5397,15.875);
#5397 = AXIS2_PLACEMENT_3D('',#5398,#5399,#5400);
#5398 = CARTESIAN_POINT('',(177.8,76.2,6.35));
#5399 = DIRECTION('',(0.,0.,1.));
#5400 = DIRECTION('',(1.,0.,-0.));
#5401 = PCURVE('',#5015,#5402);
#5402 = DEFINITIONAL_REPRESENTATION('',(#5403),#5407);
#5403 = CIRCLE('',#5404,15.875);
#5404 = AXIS2_PLACEMENT_2D('',#5405,#5406);
#5405 = CARTESIAN_POINT('',(-3.903469193313,50.921568090438));
#5406 = DIRECTION('',(1.,0.));
#5407 = ( GEOMETRIC_REPRESENTATION_CONTEXT(2) 
PARAMETRIC_REPRESENTATION_CONTEXT() REPRESENTATION_CONTEXT('2D SPACE',''
  ) );
#5408 = PCURVE('',#5307,#5409);
#5409 = DEFINITIONAL_REPRESENTATION('',(#5410),#5414);
#5410 = LINE('',#5411,#5412);
#5411 = CARTESIAN_POINT('',(0.,6.604));
#5412 = VECTOR('',#5413,1.);
#5413 = DIRECTION('',(1.,0.));
#5414 = ( GEOMETRIC_REPRESENTATION_CONTEXT(2) 
PARAMETRIC_REPRESENTATION_CONTEXT() REPRESENTATION_CONTEXT('2D SPACE',''
  ) );
#5415 = ORIENTED_EDGE('',*,*,#5416,.T.);
#5416 = EDGE_CURVE('',#5393,#5087,#5417,.T.);
#5417 = SURFACE_CURVE('',#5418,(#5422,#5429),.PCURVE_S1.);
#5418 = LINE('',#5419,#5420);
#5419 = CARTESIAN_POINT('',(161.925,76.2,6.35));
#5420 = VECTOR('',#5421,25.4);
#5421 = DIRECTION('',(-0.918211212871,-0.396091111435,0.));
#5422 = PCURVE('',#5015,#5423);
#5423 = DEFINITIONAL_REPRESENTATION('',(#5424),#5428);
#5424 = LINE('',#5425,#5426);
#5425 = CARTESIAN_POINT('',(-19.77846919331,50.921568090438));
#5426 = VECTOR('',#5427,1.);
#5427 = DIRECTION('',(-0.918211212871,-0.396091111435));
#5428 = ( GEOMETRIC_REPRESENTATION_CONTEXT(2) 
PARAMETRIC_REPRESENTATION_CONTEXT() REPRESENTATION_CONTEXT('2D SPACE',''
  ) );
#5429 = PCURVE('',#5102,#5430);
#5430 = DEFINITIONAL_REPRESENTATION('',(#5431),#5435);
#5431 = LINE('',#5432,#5433);
#5432 = CARTESIAN_POINT('',(0.,-6.35));
#5433 = VECTOR('',#5434,1.);
#5434 = DIRECTION('',(1.,0.));
#5435 = ( GEOMETRIC_REPRESENTATION_CONTEXT(2) 
PARAMETRIC_REPRESENTATION_CONTEXT() REPRESENTATION_CONTEXT('2D SPACE',''
  ) );
#5436 = ADVANCED_FACE('',(#5437),#5102,.F.);
#5437 = FACE_BOUND('',#5438,.F.);
#5438 = EDGE_LOOP('',(#5439,#5460,#5461,#5462));
#5439 = ORIENTED_EDGE('',*,*,#5440,.T.);
#5440 = EDGE_CURVE('',#5291,#5393,#5441,.T.);
#5441 = SURFACE_CURVE('',#5442,(#5446,#5453),.PCURVE_S1.);
#5442 = LINE('',#5443,#5444);
#5443 = CARTESIAN_POINT('',(161.925,76.2,0.));
#5444 = VECTOR('',#5445,25.4);
#5445 = DIRECTION('',(0.,0.,1.));
#5446 = PCURVE('',#5102,#5447);
#5447 = DEFINITIONAL_REPRESENTATION('',(#5448),#5452);
#5448 = LINE('',#5449,#5450);
#5449 = CARTESIAN_POINT('',(0.,0.));
#5450 = VECTOR('',#5451,1.);
#5451 = DIRECTION('',(0.,-1.));
#5452 = ( GEOMETRIC_REPRESENTATION_CONTEXT(2) 
PARAMETRIC_REPRESENTATION_CONTEXT() REPRESENTATION_CONTEXT('2D SPACE',''
  ) );
#5453 = PCURVE('',#5307,#5454);
#5454 = DEFINITIONAL_REPRESENTATION('',(#5455),#5459);
#5455 = LINE('',#5456,#5457);
#5456 = CARTESIAN_POINT('',(3.14159265359,0.254));
#5457 = VECTOR('',#5458,1.);
#5458 = DIRECTION('',(0.,1.));
#5459 = ( GEOMETRIC_REPRESENTATION_CONTEXT(2) 
PARAMETRIC_REPRESENTATION_CONTEXT() REPRESENTATION_CONTEXT('2D SPACE',''
  ) );
#5460 = ORIENTED_EDGE('',*,*,#5416,.T.);
#5461 = ORIENTED_EDGE('',*,*,#5084,.F.);
#5462 = ORIENTED_EDGE('',*,*,#5319,.F.);
#5463 = ADVANCED_FACE('',(#5464),#5200,.F.);
#5464 = FACE_BOUND('',#5465,.F.);
#5465 = EDGE_LOOP('',(#5466,#5467,#5468,#5489));
#5466 = ORIENTED_EDGE('',*,*,#5184,.T.);
#5467 = ORIENTED_EDGE('',*,*,#5346,.T.);
#5468 = ORIENTED_EDGE('',*,*,#5469,.F.);
#5469 = EDGE_CURVE('',#5240,#5347,#5470,.T.);
#5470 = SURFACE_CURVE('',#5471,(#5475,#5482),.PCURVE_S1.);
#5471 = LINE('',#5472,#5473);
#5472 = CARTESIAN_POINT('',(219.075,76.2,0.));
#5473 = VECTOR('',#5474,25.4);
#5474 = DIRECTION('',(0.,0.,1.));
#5475 = PCURVE('',#5200,#5476);
#5476 = DEFINITIONAL_REPRESENTATION('',(#5477),#5481);
#5477 = LINE('',#5478,#5479);
#5478 = CARTESIAN_POINT('',(145.66988578632,0.));
#5479 = VECTOR('',#5480,1.);
#5480 = DIRECTION('',(0.,-1.));
#5481 = ( GEOMETRIC_REPRESENTATION_CONTEXT(2) 
PARAMETRIC_REPRESENTATION_CONTEXT() REPRESENTATION_CONTEXT('2D SPACE',''
  ) );
#5482 = PCURVE('',#5278,#5483);
#5483 = DEFINITIONAL_REPRESENTATION('',(#5484),#5488);
#5484 = LINE('',#5485,#5486);
#5485 = CARTESIAN_POINT('',(0.,-0.));
#5486 = VECTOR('',#5487,1.);
#5487 = DIRECTION('',(0.,-1.));
#5488 = ( GEOMETRIC_REPRESENTATION_CONTEXT(2) 
PARAMETRIC_REPRESENTATION_CONTEXT() REPRESENTATION_CONTEXT('2D SPACE',''
  ) );
#5489 = ORIENTED_EDGE('',*,*,#5239,.F.);
#5490 = ADVANCED_FACE('',(#5491),#5307,.F.);
#5491 = FACE_BOUND('',#5492,.F.);
#5492 = EDGE_LOOP('',(#5493,#5514,#5515,#5516));
#5493 = ORIENTED_EDGE('',*,*,#5494,.T.);
#5494 = EDGE_CURVE('',#5263,#5370,#5495,.T.);
#5495 = SURFACE_CURVE('',#5496,(#5500,#5507),.PCURVE_S1.);
#5496 = LINE('',#5497,#5498);
#5497 = CARTESIAN_POINT('',(193.675,76.2,-0.254));
#5498 = VECTOR('',#5499,25.4);
#5499 = DIRECTION('',(0.,0.,1.));
#5500 = PCURVE('',#5307,#5501);
#5501 = DEFINITIONAL_REPRESENTATION('',(#5502),#5506);
#5502 = LINE('',#5503,#5504);
#5503 = CARTESIAN_POINT('',(6.28318530718,-0.));
#5504 = VECTOR('',#5505,1.);
#5505 = DIRECTION('',(0.,1.));
#5506 = ( GEOMETRIC_REPRESENTATION_CONTEXT(2) 
PARAMETRIC_REPRESENTATION_CONTEXT() REPRESENTATION_CONTEXT('2D SPACE',''
  ) );
#5507 = PCURVE('',#5278,#5508);
#5508 = DEFINITIONAL_REPRESENTATION('',(#5509),#5513);
#5509 = LINE('',#5510,#5511);
#5510 = CARTESIAN_POINT('',(25.4,0.254));
#5511 = VECTOR('',#5512,1.);
#5512 = DIRECTION('',(0.,-1.));
#5513 = ( GEOMETRIC_REPRESENTATION_CONTEXT(2) 
PARAMETRIC_REPRESENTATION_CONTEXT() REPRESENTATION_CONTEXT('2D SPACE',''
  ) );
#5514 = ORIENTED_EDGE('',*,*,#5392,.F.);
#5515 = ORIENTED_EDGE('',*,*,#5440,.F.);
#5516 = ORIENTED_EDGE('',*,*,#5290,.T.);
#5517 = ADVANCED_FACE('',(#5518),#5278,.F.);
#5518 = FACE_BOUND('',#5519,.F.);
#5519 = EDGE_LOOP('',(#5520,#5521,#5522,#5523));
#5520 = ORIENTED_EDGE('',*,*,#5262,.F.);
#5521 = ORIENTED_EDGE('',*,*,#5469,.T.);
#5522 = ORIENTED_EDGE('',*,*,#5369,.T.);
#5523 = ORIENTED_EDGE('',*,*,#5494,.F.);
#5524 = ( GEOMETRIC_REPRESENTATION_CONTEXT(3) 
GLOBAL_UNCERTAINTY_ASSIGNED_CONTEXT((#5528)) 
GLOBAL_UNIT_ASSIGNED_CONTEXT((#5525,#5526,#5527)) REPRESENTATION_CONTEXT
('Context #1','3D Context with UNIT and UNCERTAINTY') );
#5525 = ( LENGTH_UNIT() NAMED_UNIT(*) SI_UNIT(.MILLI.,.METRE.) );
#5526 = ( NAMED_UNIT(*) PLANE_ANGLE_UNIT() SI_UNIT($,.RADIAN.) );
#5527 = ( NAMED_UNIT(*) SI_UNIT($,.STERADIAN.) SOLID_ANGLE_UNIT() );
#5528 = UNCERTAINTY_MEASURE_WITH_UNIT(LENGTH_MEASURE(2.54E-06),#5525,
  'distance_accuracy_value','confusion accuracy');
#5529 = CONTEXT_DEPENDENT_SHAPE_REPRESENTATION(#5530,#5532);
#5530 = ( REPRESENTATION_RELATIONSHIP('','',#4957,#10) 
REPRESENTATION_RELATIONSHIP_WITH_TRANSFORMATION(#5531) 
SHAPE_REPRESENTATION_RELATIONSHIP() );
#5531 = ITEM_DEFINED_TRANSFORMATION('','',#11,#43);
#5532 = PRODUCT_DEFINITION_SHAPE('Placement','Placement of an item',
  #5533);
#5533 = NEXT_ASSEMBLY_USAGE_OCCURRENCE('8','Ramp','',#5,#4952,$);
#5534 = PRODUCT_RELATED_PRODUCT_CATEGORY('part',$,(#4954));
#5535 = SHAPE_DEFINITION_REPRESENTATION(#5536,#5542);
#5536 = PRODUCT_DEFINITION_SHAPE('','',#5537);
#5537 = PRODUCT_DEFINITION('design','',#5538,#5541);
#5538 = PRODUCT_DEFINITION_FORMATION('','',#5539);
#5539 = PRODUCT('Ramp (mirror)','Ramp (mirror)','',(#5540));
#5540 = PRODUCT_CONTEXT('',#2,'mechanical');
#5541 = PRODUCT_DEFINITION_CONTEXT('part definition',#2,'design');
#5542 = ADVANCED_BREP_SHAPE_REPRESENTATION('',(#11,#5543),#6117);
#5543 = MANIFOLD_SOLID_BREP('',#5544);
#5544 = CLOSED_SHELL('',(#5545,#5665,#5741,#5817,#5928,#6029,#6056,#6083
    ,#6110));
#5545 = ADVANCED_FACE('',(#5546),#5560,.F.);
#5546 = FACE_BOUND('',#5547,.T.);
#5547 = EDGE_LOOP('',(#5548,#5583,#5611,#5639));
#5548 = ORIENTED_EDGE('',*,*,#5549,.T.);
#5549 = EDGE_CURVE('',#5550,#5552,#5554,.T.);
#5550 = VERTEX_POINT('',#5551);
#5551 = CARTESIAN_POINT('',(0.,0.,114.3));
#5552 = VERTEX_POINT('',#5553);
#5553 = CARTESIAN_POINT('',(0.,0.,107.95));
#5554 = SURFACE_CURVE('',#5555,(#5559,#5571),.PCURVE_S1.);
#5555 = LINE('',#5556,#5557);
#5556 = CARTESIAN_POINT('',(0.,0.,114.3));
#5557 = VECTOR('',#5558,25.4);
#5558 = DIRECTION('',(-0.,4.440892098501E-16,-1.));
#5559 = PCURVE('',#5560,#5565);
#5560 = PLANE('',#5561);
#5561 = AXIS2_PLACEMENT_3D('',#5562,#5563,#5564);
#5562 = CARTESIAN_POINT('',(0.,0.,114.3));
#5563 = DIRECTION('',(-0.,1.,4.440892098501E-16));
#5564 = DIRECTION('',(-1.,0.,0.));
#5565 = DEFINITIONAL_REPRESENTATION('',(#5566),#5570);
#5566 = LINE('',#5567,#5568);
#5567 = CARTESIAN_POINT('',(-0.,0.));
#5568 = VECTOR('',#5569,1.);
#5569 = DIRECTION('',(-0.,-1.));
#5570 = ( GEOMETRIC_REPRESENTATION_CONTEXT(2) 
PARAMETRIC_REPRESENTATION_CONTEXT() REPRESENTATION_CONTEXT('2D SPACE',''
  ) );
#5571 = PCURVE('',#5572,#5577);
#5572 = PLANE('',#5573);
#5573 = AXIS2_PLACEMENT_3D('',#5574,#5575,#5576);
#5574 = CARTESIAN_POINT('',(0.,6.35,114.3));
#5575 = DIRECTION('',(1.,-0.,-0.));
#5576 = DIRECTION('',(0.,1.,4.440892098501E-16));
#5577 = DEFINITIONAL_REPRESENTATION('',(#5578),#5582);
#5578 = LINE('',#5579,#5580);
#5579 = CARTESIAN_POINT('',(-6.35,2.819966482548E-15));
#5580 = VECTOR('',#5581,1.);
#5581 = DIRECTION('',(-0.,-1.));
#5582 = ( GEOMETRIC_REPRESENTATION_CONTEXT(2) 
PARAMETRIC_REPRESENTATION_CONTEXT() REPRESENTATION_CONTEXT('2D SPACE',''
  ) );
#5583 = ORIENTED_EDGE('',*,*,#5584,.T.);
#5584 = EDGE_CURVE('',#5552,#5585,#5587,.T.);
#5585 = VERTEX_POINT('',#5586);
#5586 = CARTESIAN_POINT('',(355.6,0.,107.95));
#5587 = SURFACE_CURVE('',#5588,(#5592,#5599),.PCURVE_S1.);
#5588 = LINE('',#5589,#5590);
#5589 = CARTESIAN_POINT('',(0.,0.,107.95));
#5590 = VECTOR('',#5591,25.4);
#5591 = DIRECTION('',(1.,-0.,-0.));
#5592 = PCURVE('',#5560,#5593);
#5593 = DEFINITIONAL_REPRESENTATION('',(#5594),#5598);
#5594 = LINE('',#5595,#5596);
#5595 = CARTESIAN_POINT('',(-0.,-6.35));
#5596 = VECTOR('',#5597,1.);
#5597 = DIRECTION('',(-1.,0.));
#5598 = ( GEOMETRIC_REPRESENTATION_CONTEXT(2) 
PARAMETRIC_REPRESENTATION_CONTEXT() REPRESENTATION_CONTEXT('2D SPACE',''
  ) );
#5599 = PCURVE('',#5600,#5605);
#5600 = PLANE('',#5601);
#5601 = AXIS2_PLACEMENT_3D('',#5602,#5603,#5604);
#5602 = CARTESIAN_POINT('',(181.70346919331,25.278431909562,107.95));
#5603 = DIRECTION('',(-0.,4.440892098501E-16,-1.));
#5604 = DIRECTION('',(-1.,0.,0.));
#5605 = DEFINITIONAL_REPRESENTATION('',(#5606),#5610);
#5606 = LINE('',#5607,#5608);
#5607 = CARTESIAN_POINT('',(181.70346919331,-25.27843190956));
#5608 = VECTOR('',#5609,1.);
#5609 = DIRECTION('',(-1.,0.));
#5610 = ( GEOMETRIC_REPRESENTATION_CONTEXT(2) 
PARAMETRIC_REPRESENTATION_CONTEXT() REPRESENTATION_CONTEXT('2D SPACE',''
  ) );
#5611 = ORIENTED_EDGE('',*,*,#5612,.F.);
#5612 = EDGE_CURVE('',#5613,#5585,#5615,.T.);
#5613 = VERTEX_POINT('',#5614);
#5614 = CARTESIAN_POINT('',(355.6,0.,114.3));
#5615 = SURFACE_CURVE('',#5616,(#5620,#5627),.PCURVE_S1.);
#5616 = LINE('',#5617,#5618);
#5617 = CARTESIAN_POINT('',(355.6,0.,114.3));
#5618 = VECTOR('',#5619,25.4);
#5619 = DIRECTION('',(-0.,4.440892098501E-16,-1.));
#5620 = PCURVE('',#5560,#5621);
#5621 = DEFINITIONAL_REPRESENTATION('',(#5622),#5626);
#5622 = LINE('',#5623,#5624);
#5623 = CARTESIAN_POINT('',(-355.6,0.));
#5624 = VECTOR('',#5625,1.);
#5625 = DIRECTION('',(-0.,-1.));
#5626 = ( GEOMETRIC_REPRESENTATION_CONTEXT(2) 
PARAMETRIC_REPRESENTATION_CONTEXT() REPRESENTATION_CONTEXT('2D SPACE',''
  ) );
#5627 = PCURVE('',#5628,#5633);
#5628 = PLANE('',#5629);
#5629 = AXIS2_PLACEMENT_3D('',#5630,#5631,#5632);
#5630 = CARTESIAN_POINT('',(355.6,0.,114.3));
#5631 = DIRECTION('',(-1.,0.,-0.));
#5632 = DIRECTION('',(0.,-1.,-4.440892098501E-16));
#5633 = DEFINITIONAL_REPRESENTATION('',(#5634),#5638);
#5634 = LINE('',#5635,#5636);
#5635 = CARTESIAN_POINT('',(-0.,0.));
#5636 = VECTOR('',#5637,1.);
#5637 = DIRECTION('',(-0.,-1.));
#5638 = ( GEOMETRIC_REPRESENTATION_CONTEXT(2) 
PARAMETRIC_REPRESENTATION_CONTEXT() REPRESENTATION_CONTEXT('2D SPACE',''
  ) );
#5639 = ORIENTED_EDGE('',*,*,#5640,.F.);
#5640 = EDGE_CURVE('',#5550,#5613,#5641,.T.);
#5641 = SURFACE_CURVE('',#5642,(#5646,#5653),.PCURVE_S1.);
#5642 = LINE('',#5643,#5644);
#5643 = CARTESIAN_POINT('',(0.,0.,114.3));
#5644 = VECTOR('',#5645,25.4);
#5645 = DIRECTION('',(1.,-0.,-0.));
#5646 = PCURVE('',#5560,#5647);
#5647 = DEFINITIONAL_REPRESENTATION('',(#5648),#5652);
#5648 = LINE('',#5649,#5650);
#5649 = CARTESIAN_POINT('',(-0.,0.));
#5650 = VECTOR('',#5651,1.);
#5651 = DIRECTION('',(-1.,0.));
#5652 = ( GEOMETRIC_REPRESENTATION_CONTEXT(2) 
PARAMETRIC_REPRESENTATION_CONTEXT() REPRESENTATION_CONTEXT('2D SPACE',''
  ) );
#5653 = PCURVE('',#5654,#5659);
#5654 = PLANE('',#5655);
#5655 = AXIS2_PLACEMENT_3D('',#5656,#5657,#5658);
#5656 = CARTESIAN_POINT('',(181.70346919331,25.278431909562,114.3));
#5657 = DIRECTION('',(-0.,4.440892098501E-16,-1.));
#5658 = DIRECTION('',(-1.,0.,0.));
#5659 = DEFINITIONAL_REPRESENTATION('',(#5660),#5664);
#5660 = LINE('',#5661,#5662);
#5661 = CARTESIAN_POINT('',(181.70346919331,-25.27843190956));
#5662 = VECTOR('',#5663,1.);
#5663 = DIRECTION('',(-1.,0.));
#5664 = ( GEOMETRIC_REPRESENTATION_CONTEXT(2) 
PARAMETRIC_REPRESENTATION_CONTEXT() REPRESENTATION_CONTEXT('2D SPACE',''
  ) );
#5665 = ADVANCED_FACE('',(#5666),#5572,.F.);
#5666 = FACE_BOUND('',#5667,.T.);
#5667 = EDGE_LOOP('',(#5668,#5698,#5719,#5720));
#5668 = ORIENTED_EDGE('',*,*,#5669,.T.);
#5669 = EDGE_CURVE('',#5670,#5672,#5674,.T.);
#5670 = VERTEX_POINT('',#5671);
#5671 = CARTESIAN_POINT('',(0.,6.35,114.3));
#5672 = VERTEX_POINT('',#5673);
#5673 = CARTESIAN_POINT('',(0.,6.35,107.95));
#5674 = SURFACE_CURVE('',#5675,(#5679,#5686),.PCURVE_S1.);
#5675 = LINE('',#5676,#5677);
#5676 = CARTESIAN_POINT('',(0.,6.35,114.3));
#5677 = VECTOR('',#5678,25.4);
#5678 = DIRECTION('',(-0.,4.440892098501E-16,-1.));
#5679 = PCURVE('',#5572,#5680);
#5680 = DEFINITIONAL_REPRESENTATION('',(#5681),#5685);
#5681 = LINE('',#5682,#5683);
#5682 = CARTESIAN_POINT('',(0.,-0.));
#5683 = VECTOR('',#5684,1.);
#5684 = DIRECTION('',(-0.,-1.));
#5685 = ( GEOMETRIC_REPRESENTATION_CONTEXT(2) 
PARAMETRIC_REPRESENTATION_CONTEXT() REPRESENTATION_CONTEXT('2D SPACE',''
  ) );
#5686 = PCURVE('',#5687,#5692);
#5687 = PLANE('',#5688);
#5688 = AXIS2_PLACEMENT_3D('',#5689,#5690,#5691);
#5689 = CARTESIAN_POINT('',(161.925,76.2,114.3));
#5690 = DIRECTION('',(0.396091111435,-0.918211212871,-4.077676919995E-16
    ));
#5691 = DIRECTION('',(0.918211212871,0.396091111435,1.758997887056E-16)
  );
#5692 = DEFINITIONAL_REPRESENTATION('',(#5693),#5697);
#5693 = LINE('',#5694,#5695);
#5694 = CARTESIAN_POINT('',(-176.3483147778,-1.409983241274E-14));
#5695 = VECTOR('',#5696,1.);
#5696 = DIRECTION('',(-0.,-1.));
#5697 = ( GEOMETRIC_REPRESENTATION_CONTEXT(2) 
PARAMETRIC_REPRESENTATION_CONTEXT() REPRESENTATION_CONTEXT('2D SPACE',''
  ) );
#5698 = ORIENTED_EDGE('',*,*,#5699,.T.);
#5699 = EDGE_CURVE('',#5672,#5552,#5700,.T.);
#5700 = SURFACE_CURVE('',#5701,(#5705,#5712),.PCURVE_S1.);
#5701 = LINE('',#5702,#5703);
#5702 = CARTESIAN_POINT('',(0.,6.35,107.95));
#5703 = VECTOR('',#5704,25.4);
#5704 = DIRECTION('',(-0.,-1.,-4.440892098501E-16));
#5705 = PCURVE('',#5572,#5706);
#5706 = DEFINITIONAL_REPRESENTATION('',(#5707),#5711);
#5707 = LINE('',#5708,#5709);
#5708 = CARTESIAN_POINT('',(-2.819966482548E-15,-6.35));
#5709 = VECTOR('',#5710,1.);
#5710 = DIRECTION('',(-1.,0.));
#5711 = ( GEOMETRIC_REPRESENTATION_CONTEXT(2) 
PARAMETRIC_REPRESENTATION_CONTEXT() REPRESENTATION_CONTEXT('2D SPACE',''
  ) );
#5712 = PCURVE('',#5600,#5713);
#5713 = DEFINITIONAL_REPRESENTATION('',(#5714),#5718);
#5714 = LINE('',#5715,#5716);
#5715 = CARTESIAN_POINT('',(181.70346919331,-18.92843190956));
#5716 = VECTOR('',#5717,1.);
#5717 = DIRECTION('',(-0.,-1.));
#5718 = ( GEOMETRIC_REPRESENTATION_CONTEXT(2) 
PARAMETRIC_REPRESENTATION_CONTEXT() REPRESENTATION_CONTEXT('2D SPACE',''
  ) );
#5719 = ORIENTED_EDGE('',*,*,#5549,.F.);
#5720 = ORIENTED_EDGE('',*,*,#5721,.F.);
#5721 = EDGE_CURVE('',#5670,#5550,#5722,.T.);
#5722 = SURFACE_CURVE('',#5723,(#5727,#5734),.PCURVE_S1.);
#5723 = LINE('',#5724,#5725);
#5724 = CARTESIAN_POINT('',(0.,6.35,114.3));
#5725 = VECTOR('',#5726,25.4);
#5726 = DIRECTION('',(-0.,-1.,-4.440892098501E-16));
#5727 = PCURVE('',#5572,#5728);
#5728 = DEFINITIONAL_REPRESENTATION('',(#5729),#5733);
#5729 = LINE('',#5730,#5731);
#5730 = CARTESIAN_POINT('',(0.,-0.));
#5731 = VECTOR('',#5732,1.);
#5732 = DIRECTION('',(-1.,0.));
#5733 = ( GEOMETRIC_REPRESENTATION_CONTEXT(2) 
PARAMETRIC_REPRESENTATION_CONTEXT() REPRESENTATION_CONTEXT('2D SPACE',''
  ) );
#5734 = PCURVE('',#5654,#5735);
#5735 = DEFINITIONAL_REPRESENTATION('',(#5736),#5740);
#5736 = LINE('',#5737,#5738);
#5737 = CARTESIAN_POINT('',(181.70346919331,-18.92843190956));
#5738 = VECTOR('',#5739,1.);
#5739 = DIRECTION('',(-0.,-1.));
#5740 = ( GEOMETRIC_REPRESENTATION_CONTEXT(2) 
PARAMETRIC_REPRESENTATION_CONTEXT() REPRESENTATION_CONTEXT('2D SPACE',''
  ) );
#5741 = ADVANCED_FACE('',(#5742),#5628,.F.);
#5742 = FACE_BOUND('',#5743,.T.);
#5743 = EDGE_LOOP('',(#5744,#5745,#5768,#5796));
#5744 = ORIENTED_EDGE('',*,*,#5612,.T.);
#5745 = ORIENTED_EDGE('',*,*,#5746,.T.);
#5746 = EDGE_CURVE('',#5585,#5747,#5749,.T.);
#5747 = VERTEX_POINT('',#5748);
#5748 = CARTESIAN_POINT('',(355.6,25.4,107.95));
#5749 = SURFACE_CURVE('',#5750,(#5754,#5761),.PCURVE_S1.);
#5750 = LINE('',#5751,#5752);
#5751 = CARTESIAN_POINT('',(355.6,0.,107.95));
#5752 = VECTOR('',#5753,25.4);
#5753 = DIRECTION('',(-0.,1.,4.440892098501E-16));
#5754 = PCURVE('',#5628,#5755);
#5755 = DEFINITIONAL_REPRESENTATION('',(#5756),#5760);
#5756 = LINE('',#5757,#5758);
#5757 = CARTESIAN_POINT('',(2.819966482548E-15,-6.35));
#5758 = VECTOR('',#5759,1.);
#5759 = DIRECTION('',(-1.,0.));
#5760 = ( GEOMETRIC_REPRESENTATION_CONTEXT(2) 
PARAMETRIC_REPRESENTATION_CONTEXT() REPRESENTATION_CONTEXT('2D SPACE',''
  ) );
#5761 = PCURVE('',#5600,#5762);
#5762 = DEFINITIONAL_REPRESENTATION('',(#5763),#5767);
#5763 = LINE('',#5764,#5765);
#5764 = CARTESIAN_POINT('',(-173.8965308066,-25.27843190956));
#5765 = VECTOR('',#5766,1.);
#5766 = DIRECTION('',(-0.,1.));
#5767 = ( GEOMETRIC_REPRESENTATION_CONTEXT(2) 
PARAMETRIC_REPRESENTATION_CONTEXT() REPRESENTATION_CONTEXT('2D SPACE',''
  ) );
#5768 = ORIENTED_EDGE('',*,*,#5769,.F.);
#5769 = EDGE_CURVE('',#5770,#5747,#5772,.T.);
#5770 = VERTEX_POINT('',#5771);
#5771 = CARTESIAN_POINT('',(355.6,25.4,114.3));
#5772 = SURFACE_CURVE('',#5773,(#5777,#5784),.PCURVE_S1.);
#5773 = LINE('',#5774,#5775);
#5774 = CARTESIAN_POINT('',(355.6,25.4,114.3));
#5775 = VECTOR('',#5776,25.4);
#5776 = DIRECTION('',(-0.,4.440892098501E-16,-1.));
#5777 = PCURVE('',#5628,#5778);
#5778 = DEFINITIONAL_REPRESENTATION('',(#5779),#5783);
#5779 = LINE('',#5780,#5781);
#5780 = CARTESIAN_POINT('',(-25.4,-1.127986593019E-14));
#5781 = VECTOR('',#5782,1.);
#5782 = DIRECTION('',(-0.,-1.));
#5783 = ( GEOMETRIC_REPRESENTATION_CONTEXT(2) 
PARAMETRIC_REPRESENTATION_CONTEXT() REPRESENTATION_CONTEXT('2D SPACE',''
  ) );
#5784 = PCURVE('',#5785,#5790);
#5785 = PLANE('',#5786);
#5786 = AXIS2_PLACEMENT_3D('',#5787,#5788,#5789);
#5787 = CARTESIAN_POINT('',(355.6,25.4,114.3));
#5788 = DIRECTION('',(-0.348733712021,-0.937221851058,
    -4.162101112904E-16));
#5789 = DIRECTION('',(0.937221851058,-0.348733712021,-1.548688786197E-16
    ));
#5790 = DEFINITIONAL_REPRESENTATION('',(#5791),#5795);
#5791 = LINE('',#5792,#5793);
#5792 = CARTESIAN_POINT('',(-0.,0.));
#5793 = VECTOR('',#5794,1.);
#5794 = DIRECTION('',(-0.,-1.));
#5795 = ( GEOMETRIC_REPRESENTATION_CONTEXT(2) 
PARAMETRIC_REPRESENTATION_CONTEXT() REPRESENTATION_CONTEXT('2D SPACE',''
  ) );
#5796 = ORIENTED_EDGE('',*,*,#5797,.F.);
#5797 = EDGE_CURVE('',#5613,#5770,#5798,.T.);
#5798 = SURFACE_CURVE('',#5799,(#5803,#5810),.PCURVE_S1.);
#5799 = LINE('',#5800,#5801);
#5800 = CARTESIAN_POINT('',(355.6,0.,114.3));
#5801 = VECTOR('',#5802,25.4);
#5802 = DIRECTION('',(-0.,1.,4.440892098501E-16));
#5803 = PCURVE('',#5628,#5804);
#5804 = DEFINITIONAL_REPRESENTATION('',(#5805),#5809);
#5805 = LINE('',#5806,#5807);
#5806 = CARTESIAN_POINT('',(-0.,0.));
#5807 = VECTOR('',#5808,1.);
#5808 = DIRECTION('',(-1.,0.));
#5809 = ( GEOMETRIC_REPRESENTATION_CONTEXT(2) 
PARAMETRIC_REPRESENTATION_CONTEXT() REPRESENTATION_CONTEXT('2D SPACE',''
  ) );
#5810 = PCURVE('',#5654,#5811);
#5811 = DEFINITIONAL_REPRESENTATION('',(#5812),#5816);
#5812 = LINE('',#5813,#5814);
#5813 = CARTESIAN_POINT('',(-173.8965308066,-25.27843190956));
#5814 = VECTOR('',#5815,1.);
#5815 = DIRECTION('',(-0.,1.));
#5816 = ( GEOMETRIC_REPRESENTATION_CONTEXT(2) 
PARAMETRIC_REPRESENTATION_CONTEXT() REPRESENTATION_CONTEXT('2D SPACE',''
  ) );
#5817 = ADVANCED_FACE('',(#5818),#5654,.F.);
#5818 = FACE_BOUND('',#5819,.T.);
#5819 = EDGE_LOOP('',(#5820,#5821,#5822,#5823,#5846,#5874,#5907));
#5820 = ORIENTED_EDGE('',*,*,#5721,.T.);
#5821 = ORIENTED_EDGE('',*,*,#5640,.T.);
#5822 = ORIENTED_EDGE('',*,*,#5797,.T.);
#5823 = ORIENTED_EDGE('',*,*,#5824,.T.);
#5824 = EDGE_CURVE('',#5770,#5825,#5827,.T.);
#5825 = VERTEX_POINT('',#5826);
#5826 = CARTESIAN_POINT('',(219.075,76.2,114.3));
#5827 = SURFACE_CURVE('',#5828,(#5832,#5839),.PCURVE_S1.);
#5828 = LINE('',#5829,#5830);
#5829 = CARTESIAN_POINT('',(355.6,25.4,114.3));
#5830 = VECTOR('',#5831,25.4);
#5831 = DIRECTION('',(-0.937221851058,0.348733712021,1.548688786197E-16)
  );
#5832 = PCURVE('',#5654,#5833);
#5833 = DEFINITIONAL_REPRESENTATION('',(#5834),#5838);
#5834 = LINE('',#5835,#5836);
#5835 = CARTESIAN_POINT('',(-173.8965308066,0.121568090438));
#5836 = VECTOR('',#5837,1.);
#5837 = DIRECTION('',(0.937221851058,0.348733712021));
#5838 = ( GEOMETRIC_REPRESENTATION_CONTEXT(2) 
PARAMETRIC_REPRESENTATION_CONTEXT() REPRESENTATION_CONTEXT('2D SPACE',''
  ) );
#5839 = PCURVE('',#5785,#5840);
#5840 = DEFINITIONAL_REPRESENTATION('',(#5841),#5845);
#5841 = LINE('',#5842,#5843);
#5842 = CARTESIAN_POINT('',(-0.,0.));
#5843 = VECTOR('',#5844,1.);
#5844 = DIRECTION('',(-1.,0.));
#5845 = ( GEOMETRIC_REPRESENTATION_CONTEXT(2) 
PARAMETRIC_REPRESENTATION_CONTEXT() REPRESENTATION_CONTEXT('2D SPACE',''
  ) );
#5846 = ORIENTED_EDGE('',*,*,#5847,.T.);
#5847 = EDGE_CURVE('',#5825,#5848,#5850,.T.);
#5848 = VERTEX_POINT('',#5849);
#5849 = CARTESIAN_POINT('',(193.675,76.2,114.3));
#5850 = SURFACE_CURVE('',#5851,(#5855,#5862),.PCURVE_S1.);
#5851 = LINE('',#5852,#5853);
#5852 = CARTESIAN_POINT('',(219.075,76.2,114.3));
#5853 = VECTOR('',#5854,25.4);
#5854 = DIRECTION('',(-1.,0.,-0.));
#5855 = PCURVE('',#5654,#5856);
#5856 = DEFINITIONAL_REPRESENTATION('',(#5857),#5861);
#5857 = LINE('',#5858,#5859);
#5858 = CARTESIAN_POINT('',(-37.37153080668,50.921568090438));
#5859 = VECTOR('',#5860,1.);
#5860 = DIRECTION('',(1.,-0.));
#5861 = ( GEOMETRIC_REPRESENTATION_CONTEXT(2) 
PARAMETRIC_REPRESENTATION_CONTEXT() REPRESENTATION_CONTEXT('2D SPACE',''
  ) );
#5862 = PCURVE('',#5863,#5868);
#5863 = PLANE('',#5864);
#5864 = AXIS2_PLACEMENT_3D('',#5865,#5866,#5867);
#5865 = CARTESIAN_POINT('',(219.075,76.2,114.3));
#5866 = DIRECTION('',(-0.,-1.,-4.440892098501E-16));
#5867 = DIRECTION('',(1.,-0.,0.));
#5868 = DEFINITIONAL_REPRESENTATION('',(#5869),#5873);
#5869 = LINE('',#5870,#5871);
#5870 = CARTESIAN_POINT('',(-0.,0.));
#5871 = VECTOR('',#5872,1.);
#5872 = DIRECTION('',(-1.,0.));
#5873 = ( GEOMETRIC_REPRESENTATION_CONTEXT(2) 
PARAMETRIC_REPRESENTATION_CONTEXT() REPRESENTATION_CONTEXT('2D SPACE',''
  ) );
#5874 = ORIENTED_EDGE('',*,*,#5875,.F.);
#5875 = EDGE_CURVE('',#5876,#5848,#5878,.T.);
#5876 = VERTEX_POINT('',#5877);
#5877 = CARTESIAN_POINT('',(161.925,76.2,114.3));
#5878 = SURFACE_CURVE('',#5879,(#5884,#5895),.PCURVE_S1.);
#5879 = CIRCLE('',#5880,15.875);
#5880 = AXIS2_PLACEMENT_3D('',#5881,#5882,#5883);
#5881 = CARTESIAN_POINT('',(177.8,76.2,114.3));
#5882 = DIRECTION('',(0.,-4.440892098501E-16,1.));
#5883 = DIRECTION('',(1.,-0.,-0.));
#5884 = PCURVE('',#5654,#5885);
#5885 = DEFINITIONAL_REPRESENTATION('',(#5886),#5894);
#5886 = ( BOUNDED_CURVE() B_SPLINE_CURVE(2,(#5887,#5888,#5889,#5890,
#5891,#5892,#5893),.UNSPECIFIED.,.T.,.F.) B_SPLINE_CURVE_WITH_KNOTS((1,2
    ,2,2,2,1),(-2.094395102393,0.,2.094395102393,4.188790204786,
6.28318530718,8.377580409573),.UNSPECIFIED.) CURVE() 
GEOMETRIC_REPRESENTATION_ITEM() RATIONAL_B_SPLINE_CURVE((1.,0.5,1.,0.5,
1.,0.5,1.)) REPRESENTATION_ITEM('') );
#5887 = CARTESIAN_POINT('',(-11.97153080668,50.921568090438));
#5888 = CARTESIAN_POINT('',(-11.97153080668,78.417874660594));
#5889 = CARTESIAN_POINT('',(11.840969193313,64.669721375516));
#5890 = CARTESIAN_POINT('',(35.653469193313,50.921568090438));
#5891 = CARTESIAN_POINT('',(11.840969193313,37.17341480536));
#5892 = CARTESIAN_POINT('',(-11.97153080668,23.425261520282));
#5893 = CARTESIAN_POINT('',(-11.97153080668,50.921568090438));
#5894 = ( GEOMETRIC_REPRESENTATION_CONTEXT(2) 
PARAMETRIC_REPRESENTATION_CONTEXT() REPRESENTATION_CONTEXT('2D SPACE',''
  ) );
#5895 = PCURVE('',#5896,#5901);
#5896 = CYLINDRICAL_SURFACE('',#5897,15.875);
#5897 = AXIS2_PLACEMENT_3D('',#5898,#5899,#5900);
#5898 = CARTESIAN_POINT('',(177.8,76.2,114.554));
#5899 = DIRECTION('',(-0.,4.440892098501E-16,-1.));
#5900 = DIRECTION('',(1.,-0.,-0.));
#5901 = DEFINITIONAL_REPRESENTATION('',(#5902),#5906);
#5902 = LINE('',#5903,#5904);
#5903 = CARTESIAN_POINT('',(-0.,0.254));
#5904 = VECTOR('',#5905,1.);
#5905 = DIRECTION('',(-1.,0.));
#5906 = ( GEOMETRIC_REPRESENTATION_CONTEXT(2) 
PARAMETRIC_REPRESENTATION_CONTEXT() REPRESENTATION_CONTEXT('2D SPACE',''
  ) );
#5907 = ORIENTED_EDGE('',*,*,#5908,.T.);
#5908 = EDGE_CURVE('',#5876,#5670,#5909,.T.);
#5909 = SURFACE_CURVE('',#5910,(#5914,#5921),.PCURVE_S1.);
#5910 = LINE('',#5911,#5912);
#5911 = CARTESIAN_POINT('',(161.925,76.2,114.3));
#5912 = VECTOR('',#5913,25.4);
#5913 = DIRECTION('',(-0.918211212871,-0.396091111435,
    -1.758997887056E-16));
#5914 = PCURVE('',#5654,#5915);
#5915 = DEFINITIONAL_REPRESENTATION('',(#5916),#5920);
#5916 = LINE('',#5917,#5918);
#5917 = CARTESIAN_POINT('',(19.778469193313,50.921568090438));
#5918 = VECTOR('',#5919,1.);
#5919 = DIRECTION('',(0.918211212871,-0.396091111435));
#5920 = ( GEOMETRIC_REPRESENTATION_CONTEXT(2) 
PARAMETRIC_REPRESENTATION_CONTEXT() REPRESENTATION_CONTEXT('2D SPACE',''
  ) );
#5921 = PCURVE('',#5687,#5922);
#5922 = DEFINITIONAL_REPRESENTATION('',(#5923),#5927);
#5923 = LINE('',#5924,#5925);
#5924 = CARTESIAN_POINT('',(0.,-0.));
#5925 = VECTOR('',#5926,1.);
#5926 = DIRECTION('',(-1.,0.));
#5927 = ( GEOMETRIC_REPRESENTATION_CONTEXT(2) 
PARAMETRIC_REPRESENTATION_CONTEXT() REPRESENTATION_CONTEXT('2D SPACE',''
  ) );
#5928 = ADVANCED_FACE('',(#5929),#5600,.T.);
#5929 = FACE_BOUND('',#5930,.F.);
#5930 = EDGE_LOOP('',(#5931,#5932,#5933,#5934,#5957,#5980,#6008));
#5931 = ORIENTED_EDGE('',*,*,#5699,.T.);
#5932 = ORIENTED_EDGE('',*,*,#5584,.T.);
#5933 = ORIENTED_EDGE('',*,*,#5746,.T.);
#5934 = ORIENTED_EDGE('',*,*,#5935,.T.);
#5935 = EDGE_CURVE('',#5747,#5936,#5938,.T.);
#5936 = VERTEX_POINT('',#5937);
#5937 = CARTESIAN_POINT('',(219.075,76.2,107.95));
#5938 = SURFACE_CURVE('',#5939,(#5943,#5950),.PCURVE_S1.);
#5939 = LINE('',#5940,#5941);
#5940 = CARTESIAN_POINT('',(355.6,25.4,107.95));
#5941 = VECTOR('',#5942,25.4);
#5942 = DIRECTION('',(-0.937221851058,0.348733712021,1.548688786197E-16)
  );
#5943 = PCURVE('',#5600,#5944);
#5944 = DEFINITIONAL_REPRESENTATION('',(#5945),#5949);
#5945 = LINE('',#5946,#5947);
#5946 = CARTESIAN_POINT('',(-173.8965308066,0.121568090438));
#5947 = VECTOR('',#5948,1.);
#5948 = DIRECTION('',(0.937221851058,0.348733712021));
#5949 = ( GEOMETRIC_REPRESENTATION_CONTEXT(2) 
PARAMETRIC_REPRESENTATION_CONTEXT() REPRESENTATION_CONTEXT('2D SPACE',''
  ) );
#5950 = PCURVE('',#5785,#5951);
#5951 = DEFINITIONAL_REPRESENTATION('',(#5952),#5956);
#5952 = LINE('',#5953,#5954);
#5953 = CARTESIAN_POINT('',(9.834173792349E-16,-6.35));
#5954 = VECTOR('',#5955,1.);
#5955 = DIRECTION('',(-1.,0.));
#5956 = ( GEOMETRIC_REPRESENTATION_CONTEXT(2) 
PARAMETRIC_REPRESENTATION_CONTEXT() REPRESENTATION_CONTEXT('2D SPACE',''
  ) );
#5957 = ORIENTED_EDGE('',*,*,#5958,.T.);
#5958 = EDGE_CURVE('',#5936,#5959,#5961,.T.);
#5959 = VERTEX_POINT('',#5960);
#5960 = CARTESIAN_POINT('',(193.675,76.2,107.95));
#5961 = SURFACE_CURVE('',#5962,(#5966,#5973),.PCURVE_S1.);
#5962 = LINE('',#5963,#5964);
#5963 = CARTESIAN_POINT('',(219.075,76.2,107.95));
#5964 = VECTOR('',#5965,25.4);
#5965 = DIRECTION('',(-1.,0.,-0.));
#5966 = PCURVE('',#5600,#5967);
#5967 = DEFINITIONAL_REPRESENTATION('',(#5968),#5972);
#5968 = LINE('',#5969,#5970);
#5969 = CARTESIAN_POINT('',(-37.37153080668,50.921568090438));
#5970 = VECTOR('',#5971,1.);
#5971 = DIRECTION('',(1.,-0.));
#5972 = ( GEOMETRIC_REPRESENTATION_CONTEXT(2) 
PARAMETRIC_REPRESENTATION_CONTEXT() REPRESENTATION_CONTEXT('2D SPACE',''
  ) );
#5973 = PCURVE('',#5863,#5974);
#5974 = DEFINITIONAL_REPRESENTATION('',(#5975),#5979);
#5975 = LINE('',#5976,#5977);
#5976 = CARTESIAN_POINT('',(-0.,-6.35));
#5977 = VECTOR('',#5978,1.);
#5978 = DIRECTION('',(-1.,0.));
#5979 = ( GEOMETRIC_REPRESENTATION_CONTEXT(2) 
PARAMETRIC_REPRESENTATION_CONTEXT() REPRESENTATION_CONTEXT('2D SPACE',''
  ) );
#5980 = ORIENTED_EDGE('',*,*,#5981,.F.);
#5981 = EDGE_CURVE('',#5982,#5959,#5984,.T.);
#5982 = VERTEX_POINT('',#5983);
#5983 = CARTESIAN_POINT('',(161.925,76.2,107.95));
#5984 = SURFACE_CURVE('',#5985,(#5990,#6001),.PCURVE_S1.);
#5985 = CIRCLE('',#5986,15.875);
#5986 = AXIS2_PLACEMENT_3D('',#5987,#5988,#5989);
#5987 = CARTESIAN_POINT('',(177.8,76.2,107.95));
#5988 = DIRECTION('',(0.,-4.440892098501E-16,1.));
#5989 = DIRECTION('',(1.,-0.,-0.));
#5990 = PCURVE('',#5600,#5991);
#5991 = DEFINITIONAL_REPRESENTATION('',(#5992),#6000);
#5992 = ( BOUNDED_CURVE() B_SPLINE_CURVE(2,(#5993,#5994,#5995,#5996,
#5997,#5998,#5999),.UNSPECIFIED.,.T.,.F.) B_SPLINE_CURVE_WITH_KNOTS((1,2
    ,2,2,2,1),(-2.094395102393,0.,2.094395102393,4.188790204786,
6.28318530718,8.377580409573),.UNSPECIFIED.) CURVE() 
GEOMETRIC_REPRESENTATION_ITEM() RATIONAL_B_SPLINE_CURVE((1.,0.5,1.,0.5,
1.,0.5,1.)) REPRESENTATION_ITEM('') );
#5993 = CARTESIAN_POINT('',(-11.97153080668,50.921568090438));
#5994 = CARTESIAN_POINT('',(-11.97153080668,78.417874660594));
#5995 = CARTESIAN_POINT('',(11.840969193313,64.669721375516));
#5996 = CARTESIAN_POINT('',(35.653469193313,50.921568090438));
#5997 = CARTESIAN_POINT('',(11.840969193313,37.17341480536));
#5998 = CARTESIAN_POINT('',(-11.97153080668,23.425261520282));
#5999 = CARTESIAN_POINT('',(-11.97153080668,50.921568090438));
#6000 = ( GEOMETRIC_REPRESENTATION_CONTEXT(2) 
PARAMETRIC_REPRESENTATION_CONTEXT() REPRESENTATION_CONTEXT('2D SPACE',''
  ) );
#6001 = PCURVE('',#5896,#6002);
#6002 = DEFINITIONAL_REPRESENTATION('',(#6003),#6007);
#6003 = LINE('',#6004,#6005);
#6004 = CARTESIAN_POINT('',(-0.,6.604));
#6005 = VECTOR('',#6006,1.);
#6006 = DIRECTION('',(-1.,0.));
#6007 = ( GEOMETRIC_REPRESENTATION_CONTEXT(2) 
PARAMETRIC_REPRESENTATION_CONTEXT() REPRESENTATION_CONTEXT('2D SPACE',''
  ) );
#6008 = ORIENTED_EDGE('',*,*,#6009,.T.);
#6009 = EDGE_CURVE('',#5982,#5672,#6010,.T.);
#6010 = SURFACE_CURVE('',#6011,(#6015,#6022),.PCURVE_S1.);
#6011 = LINE('',#6012,#6013);
#6012 = CARTESIAN_POINT('',(161.925,76.2,107.95));
#6013 = VECTOR('',#6014,25.4);
#6014 = DIRECTION('',(-0.918211212871,-0.396091111435,
    -1.758997887056E-16));
#6015 = PCURVE('',#5600,#6016);
#6016 = DEFINITIONAL_REPRESENTATION('',(#6017),#6021);
#6017 = LINE('',#6018,#6019);
#6018 = CARTESIAN_POINT('',(19.778469193313,50.921568090438));
#6019 = VECTOR('',#6020,1.);
#6020 = DIRECTION('',(0.918211212871,-0.396091111435));
#6021 = ( GEOMETRIC_REPRESENTATION_CONTEXT(2) 
PARAMETRIC_REPRESENTATION_CONTEXT() REPRESENTATION_CONTEXT('2D SPACE',''
  ) );
#6022 = PCURVE('',#5687,#6023);
#6023 = DEFINITIONAL_REPRESENTATION('',(#6024),#6028);
#6024 = LINE('',#6025,#6026);
#6025 = CARTESIAN_POINT('',(-1.116963658281E-15,-6.35));
#6026 = VECTOR('',#6027,1.);
#6027 = DIRECTION('',(-1.,0.));
#6028 = ( GEOMETRIC_REPRESENTATION_CONTEXT(2) 
PARAMETRIC_REPRESENTATION_CONTEXT() REPRESENTATION_CONTEXT('2D SPACE',''
  ) );
#6029 = ADVANCED_FACE('',(#6030),#5687,.F.);
#6030 = FACE_BOUND('',#6031,.T.);
#6031 = EDGE_LOOP('',(#6032,#6053,#6054,#6055));
#6032 = ORIENTED_EDGE('',*,*,#6033,.T.);
#6033 = EDGE_CURVE('',#5876,#5982,#6034,.T.);
#6034 = SURFACE_CURVE('',#6035,(#6039,#6046),.PCURVE_S1.);
#6035 = LINE('',#6036,#6037);
#6036 = CARTESIAN_POINT('',(161.925,76.2,114.3));
#6037 = VECTOR('',#6038,25.4);
#6038 = DIRECTION('',(-0.,4.440892098501E-16,-1.));
#6039 = PCURVE('',#5687,#6040);
#6040 = DEFINITIONAL_REPRESENTATION('',(#6041),#6045);
#6041 = LINE('',#6042,#6043);
#6042 = CARTESIAN_POINT('',(0.,-0.));
#6043 = VECTOR('',#6044,1.);
#6044 = DIRECTION('',(-0.,-1.));
#6045 = ( GEOMETRIC_REPRESENTATION_CONTEXT(2) 
PARAMETRIC_REPRESENTATION_CONTEXT() REPRESENTATION_CONTEXT('2D SPACE',''
  ) );
#6046 = PCURVE('',#5896,#6047);
#6047 = DEFINITIONAL_REPRESENTATION('',(#6048),#6052);
#6048 = LINE('',#6049,#6050);
#6049 = CARTESIAN_POINT('',(-3.14159265359,0.254));
#6050 = VECTOR('',#6051,1.);
#6051 = DIRECTION('',(-0.,1.));
#6052 = ( GEOMETRIC_REPRESENTATION_CONTEXT(2) 
PARAMETRIC_REPRESENTATION_CONTEXT() REPRESENTATION_CONTEXT('2D SPACE',''
  ) );
#6053 = ORIENTED_EDGE('',*,*,#6009,.T.);
#6054 = ORIENTED_EDGE('',*,*,#5669,.F.);
#6055 = ORIENTED_EDGE('',*,*,#5908,.F.);
#6056 = ADVANCED_FACE('',(#6057),#5785,.F.);
#6057 = FACE_BOUND('',#6058,.T.);
#6058 = EDGE_LOOP('',(#6059,#6060,#6061,#6082));
#6059 = ORIENTED_EDGE('',*,*,#5769,.T.);
#6060 = ORIENTED_EDGE('',*,*,#5935,.T.);
#6061 = ORIENTED_EDGE('',*,*,#6062,.F.);
#6062 = EDGE_CURVE('',#5825,#5936,#6063,.T.);
#6063 = SURFACE_CURVE('',#6064,(#6068,#6075),.PCURVE_S1.);
#6064 = LINE('',#6065,#6066);
#6065 = CARTESIAN_POINT('',(219.075,76.2,114.3));
#6066 = VECTOR('',#6067,25.4);
#6067 = DIRECTION('',(-0.,4.440892098501E-16,-1.));
#6068 = PCURVE('',#5785,#6069);
#6069 = DEFINITIONAL_REPRESENTATION('',(#6070),#6074);
#6070 = LINE('',#6071,#6072);
#6071 = CARTESIAN_POINT('',(-145.6698857863,2.255973186038E-14));
#6072 = VECTOR('',#6073,1.);
#6073 = DIRECTION('',(-0.,-1.));
#6074 = ( GEOMETRIC_REPRESENTATION_CONTEXT(2) 
PARAMETRIC_REPRESENTATION_CONTEXT() REPRESENTATION_CONTEXT('2D SPACE',''
  ) );
#6075 = PCURVE('',#5863,#6076);
#6076 = DEFINITIONAL_REPRESENTATION('',(#6077),#6081);
#6077 = LINE('',#6078,#6079);
#6078 = CARTESIAN_POINT('',(-0.,0.));
#6079 = VECTOR('',#6080,1.);
#6080 = DIRECTION('',(-0.,-1.));
#6081 = ( GEOMETRIC_REPRESENTATION_CONTEXT(2) 
PARAMETRIC_REPRESENTATION_CONTEXT() REPRESENTATION_CONTEXT('2D SPACE',''
  ) );
#6082 = ORIENTED_EDGE('',*,*,#5824,.F.);
#6083 = ADVANCED_FACE('',(#6084),#5896,.F.);
#6084 = FACE_BOUND('',#6085,.T.);
#6085 = EDGE_LOOP('',(#6086,#6107,#6108,#6109));
#6086 = ORIENTED_EDGE('',*,*,#6087,.T.);
#6087 = EDGE_CURVE('',#5848,#5959,#6088,.T.);
#6088 = SURFACE_CURVE('',#6089,(#6093,#6100),.PCURVE_S1.);
#6089 = LINE('',#6090,#6091);
#6090 = CARTESIAN_POINT('',(193.675,76.2,114.554));
#6091 = VECTOR('',#6092,25.4);
#6092 = DIRECTION('',(-0.,4.440892098501E-16,-1.));
#6093 = PCURVE('',#5896,#6094);
#6094 = DEFINITIONAL_REPRESENTATION('',(#6095),#6099);
#6095 = LINE('',#6096,#6097);
#6096 = CARTESIAN_POINT('',(-6.28318530718,-0.));
#6097 = VECTOR('',#6098,1.);
#6098 = DIRECTION('',(-0.,1.));
#6099 = ( GEOMETRIC_REPRESENTATION_CONTEXT(2) 
PARAMETRIC_REPRESENTATION_CONTEXT() REPRESENTATION_CONTEXT('2D SPACE',''
  ) );
#6100 = PCURVE('',#5863,#6101);
#6101 = DEFINITIONAL_REPRESENTATION('',(#6102),#6106);
#6102 = LINE('',#6103,#6104);
#6103 = CARTESIAN_POINT('',(-25.4,0.254));
#6104 = VECTOR('',#6105,1.);
#6105 = DIRECTION('',(-0.,-1.));
#6106 = ( GEOMETRIC_REPRESENTATION_CONTEXT(2) 
PARAMETRIC_REPRESENTATION_CONTEXT() REPRESENTATION_CONTEXT('2D SPACE',''
  ) );
#6107 = ORIENTED_EDGE('',*,*,#5981,.F.);
#6108 = ORIENTED_EDGE('',*,*,#6033,.F.);
#6109 = ORIENTED_EDGE('',*,*,#5875,.T.);
#6110 = ADVANCED_FACE('',(#6111),#5863,.F.);
#6111 = FACE_BOUND('',#6112,.T.);
#6112 = EDGE_LOOP('',(#6113,#6114,#6115,#6116));
#6113 = ORIENTED_EDGE('',*,*,#5847,.F.);
#6114 = ORIENTED_EDGE('',*,*,#6062,.T.);
#6115 = ORIENTED_EDGE('',*,*,#5958,.T.);
#6116 = ORIENTED_EDGE('',*,*,#6087,.F.);
#6117 = ( GEOMETRIC_REPRESENTATION_CONTEXT(3) 
GLOBAL_UNCERTAINTY_ASSIGNED_CONTEXT((#6121)) 
GLOBAL_UNIT_ASSIGNED_CONTEXT((#6118,#6119,#6120)) REPRESENTATION_CONTEXT
('Context #1','3D Context with UNIT and UNCERTAINTY') );
#6118 = ( LENGTH_UNIT() NAMED_UNIT(*) SI_UNIT(.MILLI.,.METRE.) );
#6119 = ( NAMED_UNIT(*) PLANE_ANGLE_UNIT() SI_UNIT($,.RADIAN.) );
#6120 = ( NAMED_UNIT(*) SI_UNIT($,.STERADIAN.) SOLID_ANGLE_UNIT() );
#6121 = UNCERTAINTY_MEASURE_WITH_UNIT(LENGTH_MEASURE(2.54E-06),#6118,
  'distance_accuracy_value','confusion accuracy');
#6122 = CONTEXT_DEPENDENT_SHAPE_REPRESENTATION(#6123,#6125);
#6123 = ( REPRESENTATION_RELATIONSHIP('','',#5542,#10) 
REPRESENTATION_RELATIONSHIP_WITH_TRANSFORMATION(#6124) 
SHAPE_REPRESENTATION_RELATIONSHIP() );
#6124 = ITEM_DEFINED_TRANSFORMATION('','',#11,#47);
#6125 = PRODUCT_DEFINITION_SHAPE('Placement','Placement of an item',
  #6126);
#6126 = NEXT_ASSEMBLY_USAGE_OCCURRENCE('9','Ramp (mirror)','',#5,#5537,$
  );
#6127 = PRODUCT_RELATED_PRODUCT_CATEGORY('part',$,(#5539));
#6128 = SHAPE_DEFINITION_REPRESENTATION(#6129,#6135);
#6129 = PRODUCT_DEFINITION_SHAPE('','',#6130);
#6130 = PRODUCT_DEFINITION('design','',#6131,#6134);
#6131 = PRODUCT_DEFINITION_FORMATION('','',#6132);
#6132 = PRODUCT('Hinge Receiver','Hinge Receiver','',(#6133));
#6133 = PRODUCT_CONTEXT('',#2,'mechanical');
#6134 = PRODUCT_DEFINITION_CONTEXT('part definition',#2,'design');
#6135 = ADVANCED_BREP_SHAPE_REPRESENTATION('',(#11,#6136),#6318);
#6136 = MANIFOLD_SOLID_BREP('',#6137);
#6137 = CLOSED_SHELL('',(#6138,#6226,#6261,#6291));
#6138 = ADVANCED_FACE('',(#6139),#6152,.T.);
#6139 = FACE_BOUND('',#6140,.T.);
#6140 = EDGE_LOOP('',(#6141,#6175,#6198,#6225));
#6141 = ORIENTED_EDGE('',*,*,#6142,.F.);
#6142 = EDGE_CURVE('',#6143,#6143,#6145,.T.);
#6143 = VERTEX_POINT('',#6144);
#6144 = CARTESIAN_POINT('',(12.7,-3.110602869834E-15,50.8));
#6145 = SURFACE_CURVE('',#6146,(#6151,#6163),.PCURVE_S1.);
#6146 = CIRCLE('',#6147,12.7);
#6147 = AXIS2_PLACEMENT_3D('',#6148,#6149,#6150);
#6148 = CARTESIAN_POINT('',(0.,0.,50.8));
#6149 = DIRECTION('',(0.,0.,1.));
#6150 = DIRECTION('',(1.,0.,-0.));
#6151 = PCURVE('',#6152,#6157);
#6152 = CYLINDRICAL_SURFACE('',#6153,12.7);
#6153 = AXIS2_PLACEMENT_3D('',#6154,#6155,#6156);
#6154 = CARTESIAN_POINT('',(0.,0.,0.));
#6155 = DIRECTION('',(0.,0.,1.));
#6156 = DIRECTION('',(1.,0.,-0.));
#6157 = DEFINITIONAL_REPRESENTATION('',(#6158),#6162);
#6158 = LINE('',#6159,#6160);
#6159 = CARTESIAN_POINT('',(0.,50.8));
#6160 = VECTOR('',#6161,1.);
#6161 = DIRECTION('',(1.,0.));
#6162 = ( GEOMETRIC_REPRESENTATION_CONTEXT(2) 
PARAMETRIC_REPRESENTATION_CONTEXT() REPRESENTATION_CONTEXT('2D SPACE',''
  ) );
#6163 = PCURVE('',#6164,#6169);
#6164 = PLANE('',#6165);
#6165 = AXIS2_PLACEMENT_3D('',#6166,#6167,#6168);
#6166 = CARTESIAN_POINT('',(0.,0.,50.8));
#6167 = DIRECTION('',(0.,0.,1.));
#6168 = DIRECTION('',(1.,0.,-0.));
#6169 = DEFINITIONAL_REPRESENTATION('',(#6170),#6174);
#6170 = CIRCLE('',#6171,12.7);
#6171 = AXIS2_PLACEMENT_2D('',#6172,#6173);
#6172 = CARTESIAN_POINT('',(0.,0.));
#6173 = DIRECTION('',(1.,0.));
#6174 = ( GEOMETRIC_REPRESENTATION_CONTEXT(2) 
PARAMETRIC_REPRESENTATION_CONTEXT() REPRESENTATION_CONTEXT('2D SPACE',''
  ) );
#6175 = ORIENTED_EDGE('',*,*,#6176,.F.);
#6176 = EDGE_CURVE('',#6177,#6143,#6179,.T.);
#6177 = VERTEX_POINT('',#6178);
#6178 = CARTESIAN_POINT('',(12.7,-3.110602869834E-15,0.));
#6179 = SEAM_CURVE('',#6180,(#6184,#6191),.PCURVE_S1.);
#6180 = LINE('',#6181,#6182);
#6181 = CARTESIAN_POINT('',(12.7,-3.110602869834E-15,0.));
#6182 = VECTOR('',#6183,25.4);
#6183 = DIRECTION('',(0.,0.,1.));
#6184 = PCURVE('',#6152,#6185);
#6185 = DEFINITIONAL_REPRESENTATION('',(#6186),#6190);
#6186 = LINE('',#6187,#6188);
#6187 = CARTESIAN_POINT('',(6.28318530718,-0.));
#6188 = VECTOR('',#6189,1.);
#6189 = DIRECTION('',(0.,1.));
#6190 = ( GEOMETRIC_REPRESENTATION_CONTEXT(2) 
PARAMETRIC_REPRESENTATION_CONTEXT() REPRESENTATION_CONTEXT('2D SPACE',''
  ) );
#6191 = PCURVE('',#6152,#6192);
#6192 = DEFINITIONAL_REPRESENTATION('',(#6193),#6197);
#6193 = LINE('',#6194,#6195);
#6194 = CARTESIAN_POINT('',(0.,-0.));
#6195 = VECTOR('',#6196,1.);
#6196 = DIRECTION('',(0.,1.));
#6197 = ( GEOMETRIC_REPRESENTATION_CONTEXT(2) 
PARAMETRIC_REPRESENTATION_CONTEXT() REPRESENTATION_CONTEXT('2D SPACE',''
  ) );
#6198 = ORIENTED_EDGE('',*,*,#6199,.T.);
#6199 = EDGE_CURVE('',#6177,#6177,#6200,.T.);
#6200 = SURFACE_CURVE('',#6201,(#6206,#6213),.PCURVE_S1.);
#6201 = CIRCLE('',#6202,12.7);
#6202 = AXIS2_PLACEMENT_3D('',#6203,#6204,#6205);
#6203 = CARTESIAN_POINT('',(0.,0.,0.));
#6204 = DIRECTION('',(0.,0.,1.));
#6205 = DIRECTION('',(1.,0.,-0.));
#6206 = PCURVE('',#6152,#6207);
#6207 = DEFINITIONAL_REPRESENTATION('',(#6208),#6212);
#6208 = LINE('',#6209,#6210);
#6209 = CARTESIAN_POINT('',(0.,0.));
#6210 = VECTOR('',#6211,1.);
#6211 = DIRECTION('',(1.,0.));
#6212 = ( GEOMETRIC_REPRESENTATION_CONTEXT(2) 
PARAMETRIC_REPRESENTATION_CONTEXT() REPRESENTATION_CONTEXT('2D SPACE',''
  ) );
#6213 = PCURVE('',#6214,#6219);
#6214 = PLANE('',#6215);
#6215 = AXIS2_PLACEMENT_3D('',#6216,#6217,#6218);
#6216 = CARTESIAN_POINT('',(0.,0.,0.));
#6217 = DIRECTION('',(0.,0.,1.));
#6218 = DIRECTION('',(1.,0.,-0.));
#6219 = DEFINITIONAL_REPRESENTATION('',(#6220),#6224);
#6220 = CIRCLE('',#6221,12.7);
#6221 = AXIS2_PLACEMENT_2D('',#6222,#6223);
#6222 = CARTESIAN_POINT('',(0.,0.));
#6223 = DIRECTION('',(1.,0.));
#6224 = ( GEOMETRIC_REPRESENTATION_CONTEXT(2) 
PARAMETRIC_REPRESENTATION_CONTEXT() REPRESENTATION_CONTEXT('2D SPACE',''
  ) );
#6225 = ORIENTED_EDGE('',*,*,#6176,.T.);
#6226 = ADVANCED_FACE('',(#6227,#6230),#6164,.T.);
#6227 = FACE_BOUND('',#6228,.T.);
#6228 = EDGE_LOOP('',(#6229));
#6229 = ORIENTED_EDGE('',*,*,#6142,.T.);
#6230 = FACE_BOUND('',#6231,.T.);
#6231 = EDGE_LOOP('',(#6232));
#6232 = ORIENTED_EDGE('',*,*,#6233,.F.);
#6233 = EDGE_CURVE('',#6234,#6234,#6236,.T.);
#6234 = VERTEX_POINT('',#6235);
#6235 = CARTESIAN_POINT('',(6.35,-1.555301434917E-15,50.8));
#6236 = SURFACE_CURVE('',#6237,(#6242,#6249),.PCURVE_S1.);
#6237 = CIRCLE('',#6238,6.35);
#6238 = AXIS2_PLACEMENT_3D('',#6239,#6240,#6241);
#6239 = CARTESIAN_POINT('',(0.,0.,50.8));
#6240 = DIRECTION('',(0.,0.,1.));
#6241 = DIRECTION('',(1.,0.,-0.));
#6242 = PCURVE('',#6164,#6243);
#6243 = DEFINITIONAL_REPRESENTATION('',(#6244),#6248);
#6244 = CIRCLE('',#6245,6.35);
#6245 = AXIS2_PLACEMENT_2D('',#6246,#6247);
#6246 = CARTESIAN_POINT('',(0.,0.));
#6247 = DIRECTION('',(1.,0.));
#6248 = ( GEOMETRIC_REPRESENTATION_CONTEXT(2) 
PARAMETRIC_REPRESENTATION_CONTEXT() REPRESENTATION_CONTEXT('2D SPACE',''
  ) );
#6249 = PCURVE('',#6250,#6255);
#6250 = CYLINDRICAL_SURFACE('',#6251,6.35);
#6251 = AXIS2_PLACEMENT_3D('',#6252,#6253,#6254);
#6252 = CARTESIAN_POINT('',(0.,0.,0.));
#6253 = DIRECTION('',(0.,0.,1.));
#6254 = DIRECTION('',(1.,0.,-0.));
#6255 = DEFINITIONAL_REPRESENTATION('',(#6256),#6260);
#6256 = LINE('',#6257,#6258);
#6257 = CARTESIAN_POINT('',(0.,50.8));
#6258 = VECTOR('',#6259,1.);
#6259 = DIRECTION('',(1.,0.));
#6260 = ( GEOMETRIC_REPRESENTATION_CONTEXT(2) 
PARAMETRIC_REPRESENTATION_CONTEXT() REPRESENTATION_CONTEXT('2D SPACE',''
  ) );
#6261 = ADVANCED_FACE('',(#6262,#6265),#6214,.F.);
#6262 = FACE_BOUND('',#6263,.F.);
#6263 = EDGE_LOOP('',(#6264));
#6264 = ORIENTED_EDGE('',*,*,#6199,.T.);
#6265 = FACE_BOUND('',#6266,.F.);
#6266 = EDGE_LOOP('',(#6267));
#6267 = ORIENTED_EDGE('',*,*,#6268,.F.);
#6268 = EDGE_CURVE('',#6269,#6269,#6271,.T.);
#6269 = VERTEX_POINT('',#6270);
#6270 = CARTESIAN_POINT('',(6.35,-1.555301434917E-15,0.));
#6271 = SURFACE_CURVE('',#6272,(#6277,#6284),.PCURVE_S1.);
#6272 = CIRCLE('',#6273,6.35);
#6273 = AXIS2_PLACEMENT_3D('',#6274,#6275,#6276);
#6274 = CARTESIAN_POINT('',(0.,0.,0.));
#6275 = DIRECTION('',(0.,0.,1.));
#6276 = DIRECTION('',(1.,0.,-0.));
#6277 = PCURVE('',#6214,#6278);
#6278 = DEFINITIONAL_REPRESENTATION('',(#6279),#6283);
#6279 = CIRCLE('',#6280,6.35);
#6280 = AXIS2_PLACEMENT_2D('',#6281,#6282);
#6281 = CARTESIAN_POINT('',(0.,0.));
#6282 = DIRECTION('',(1.,0.));
#6283 = ( GEOMETRIC_REPRESENTATION_CONTEXT(2) 
PARAMETRIC_REPRESENTATION_CONTEXT() REPRESENTATION_CONTEXT('2D SPACE',''
  ) );
#6284 = PCURVE('',#6250,#6285);
#6285 = DEFINITIONAL_REPRESENTATION('',(#6286),#6290);
#6286 = LINE('',#6287,#6288);
#6287 = CARTESIAN_POINT('',(0.,0.));
#6288 = VECTOR('',#6289,1.);
#6289 = DIRECTION('',(1.,0.));
#6290 = ( GEOMETRIC_REPRESENTATION_CONTEXT(2) 
PARAMETRIC_REPRESENTATION_CONTEXT() REPRESENTATION_CONTEXT('2D SPACE',''
  ) );
#6291 = ADVANCED_FACE('',(#6292),#6250,.F.);
#6292 = FACE_BOUND('',#6293,.F.);
#6293 = EDGE_LOOP('',(#6294,#6295,#6316,#6317));
#6294 = ORIENTED_EDGE('',*,*,#6233,.F.);
#6295 = ORIENTED_EDGE('',*,*,#6296,.F.);
#6296 = EDGE_CURVE('',#6269,#6234,#6297,.T.);
#6297 = SEAM_CURVE('',#6298,(#6302,#6309),.PCURVE_S1.);
#6298 = LINE('',#6299,#6300);
#6299 = CARTESIAN_POINT('',(6.35,-1.555301434917E-15,0.));
#6300 = VECTOR('',#6301,25.4);
#6301 = DIRECTION('',(0.,0.,1.));
#6302 = PCURVE('',#6250,#6303);
#6303 = DEFINITIONAL_REPRESENTATION('',(#6304),#6308);
#6304 = LINE('',#6305,#6306);
#6305 = CARTESIAN_POINT('',(6.28318530718,-0.));
#6306 = VECTOR('',#6307,1.);
#6307 = DIRECTION('',(0.,1.));
#6308 = ( GEOMETRIC_REPRESENTATION_CONTEXT(2) 
PARAMETRIC_REPRESENTATION_CONTEXT() REPRESENTATION_CONTEXT('2D SPACE',''
  ) );
#6309 = PCURVE('',#6250,#6310);
#6310 = DEFINITIONAL_REPRESENTATION('',(#6311),#6315);
#6311 = LINE('',#6312,#6313);
#6312 = CARTESIAN_POINT('',(0.,-0.));
#6313 = VECTOR('',#6314,1.);
#6314 = DIRECTION('',(0.,1.));
#6315 = ( GEOMETRIC_REPRESENTATION_CONTEXT(2) 
PARAMETRIC_REPRESENTATION_CONTEXT() REPRESENTATION_CONTEXT('2D SPACE',''
  ) );
#6316 = ORIENTED_EDGE('',*,*,#6268,.T.);
#6317 = ORIENTED_EDGE('',*,*,#6296,.T.);
#6318 = ( GEOMETRIC_REPRESENTATION_CONTEXT(3) 
GLOBAL_UNCERTAINTY_ASSIGNED_CONTEXT((#6322)) 
GLOBAL_UNIT_ASSIGNED_CONTEXT((#6319,#6320,#6321)) REPRESENTATION_CONTEXT
('Context #1','3D Context with UNIT and UNCERTAINTY') );
#6319 = ( LENGTH_UNIT() NAMED_UNIT(*) SI_UNIT(.MILLI.,.METRE.) );
#6320 = ( NAMED_UNIT(*) PLANE_ANGLE_UNIT() SI_UNIT($,.RADIAN.) );
#6321 = ( NAMED_UNIT(*) SI_UNIT($,.STERADIAN.) SOLID_ANGLE_UNIT() );
#6322 = UNCERTAINTY_MEASURE_WITH_UNIT(LENGTH_MEASURE(2.54E-06),#6319,
  'distance_accuracy_value','confusion accuracy');
#6323 = CONTEXT_DEPENDENT_SHAPE_REPRESENTATION(#6324,#6326);
#6324 = ( REPRESENTATION_RELATIONSHIP('','',#6135,#10) 
REPRESENTATION_RELATIONSHIP_WITH_TRANSFORMATION(#6325) 
SHAPE_REPRESENTATION_RELATIONSHIP() );
#6325 = ITEM_DEFINED_TRANSFORMATION('','',#11,#51);
#6326 = PRODUCT_DEFINITION_SHAPE('Placement','Placement of an item',
  #6327);
#6327 = NEXT_ASSEMBLY_USAGE_OCCURRENCE('10','Hinge Receiver','',#5,#6130
  ,$);
#6328 = PRODUCT_RELATED_PRODUCT_CATEGORY('part',$,(#6132));
#6329 = SHAPE_DEFINITION_REPRESENTATION(#6330,#6336);
#6330 = PRODUCT_DEFINITION_SHAPE('','',#6331);
#6331 = PRODUCT_DEFINITION('design','',#6332,#6335);
#6332 = PRODUCT_DEFINITION_FORMATION('','',#6333);
#6333 = PRODUCT('Hinge Tab','Hinge Tab','',(#6334));
#6334 = PRODUCT_CONTEXT('',#2,'mechanical');
#6335 = PRODUCT_DEFINITION_CONTEXT('part definition',#2,'design');
#6336 = ADVANCED_BREP_SHAPE_REPRESENTATION('',(#11,#6337),#6752);
#6337 = MANIFOLD_SOLID_BREP('',#6338);
#6338 = CLOSED_SHELL('',(#6339,#6459,#6535,#6616,#6665,#6718,#6725));
#6339 = ADVANCED_FACE('',(#6340),#6354,.F.);
#6340 = FACE_BOUND('',#6341,.F.);
#6341 = EDGE_LOOP('',(#6342,#6377,#6405,#6433));
#6342 = ORIENTED_EDGE('',*,*,#6343,.F.);
#6343 = EDGE_CURVE('',#6344,#6346,#6348,.T.);
#6344 = VERTEX_POINT('',#6345);
#6345 = CARTESIAN_POINT('',(-12.7,0.,0.));
#6346 = VERTEX_POINT('',#6347);
#6347 = CARTESIAN_POINT('',(-12.7,0.,6.35));
#6348 = SURFACE_CURVE('',#6349,(#6353,#6365),.PCURVE_S1.);
#6349 = LINE('',#6350,#6351);
#6350 = CARTESIAN_POINT('',(-12.7,0.,0.));
#6351 = VECTOR('',#6352,25.4);
#6352 = DIRECTION('',(0.,0.,1.));
#6353 = PCURVE('',#6354,#6359);
#6354 = PLANE('',#6355);
#6355 = AXIS2_PLACEMENT_3D('',#6356,#6357,#6358);
#6356 = CARTESIAN_POINT('',(-12.7,0.,0.));
#6357 = DIRECTION('',(1.,0.,-0.));
#6358 = DIRECTION('',(0.,0.,1.));
#6359 = DEFINITIONAL_REPRESENTATION('',(#6360),#6364);
#6360 = LINE('',#6361,#6362);
#6361 = CARTESIAN_POINT('',(0.,0.));
#6362 = VECTOR('',#6363,1.);
#6363 = DIRECTION('',(1.,0.));
#6364 = ( GEOMETRIC_REPRESENTATION_CONTEXT(2) 
PARAMETRIC_REPRESENTATION_CONTEXT() REPRESENTATION_CONTEXT('2D SPACE',''
  ) );
#6365 = PCURVE('',#6366,#6371);
#6366 = PLANE('',#6367);
#6367 = AXIS2_PLACEMENT_3D('',#6368,#6369,#6370);
#6368 = CARTESIAN_POINT('',(-12.7,0.,0.));
#6369 = DIRECTION('',(-0.,1.,0.));
#6370 = DIRECTION('',(0.,0.,1.));
#6371 = DEFINITIONAL_REPRESENTATION('',(#6372),#6376);
#6372 = LINE('',#6373,#6374);
#6373 = CARTESIAN_POINT('',(0.,0.));
#6374 = VECTOR('',#6375,1.);
#6375 = DIRECTION('',(1.,0.));
#6376 = ( GEOMETRIC_REPRESENTATION_CONTEXT(2) 
PARAMETRIC_REPRESENTATION_CONTEXT() REPRESENTATION_CONTEXT('2D SPACE',''
  ) );
#6377 = ORIENTED_EDGE('',*,*,#6378,.T.);
#6378 = EDGE_CURVE('',#6344,#6379,#6381,.T.);
#6379 = VERTEX_POINT('',#6380);
#6380 = CARTESIAN_POINT('',(-12.7,50.8,0.));
#6381 = SURFACE_CURVE('',#6382,(#6386,#6393),.PCURVE_S1.);
#6382 = LINE('',#6383,#6384);
#6383 = CARTESIAN_POINT('',(-12.7,0.,0.));
#6384 = VECTOR('',#6385,25.4);
#6385 = DIRECTION('',(-0.,1.,0.));
#6386 = PCURVE('',#6354,#6387);
#6387 = DEFINITIONAL_REPRESENTATION('',(#6388),#6392);
#6388 = LINE('',#6389,#6390);
#6389 = CARTESIAN_POINT('',(0.,0.));
#6390 = VECTOR('',#6391,1.);
#6391 = DIRECTION('',(0.,-1.));
#6392 = ( GEOMETRIC_REPRESENTATION_CONTEXT(2) 
PARAMETRIC_REPRESENTATION_CONTEXT() REPRESENTATION_CONTEXT('2D SPACE',''
  ) );
#6393 = PCURVE('',#6394,#6399);
#6394 = PLANE('',#6395);
#6395 = AXIS2_PLACEMENT_3D('',#6396,#6397,#6398);
#6396 = CARTESIAN_POINT('',(-12.7,0.,0.));
#6397 = DIRECTION('',(0.,0.,1.));
#6398 = DIRECTION('',(1.,0.,-0.));
#6399 = DEFINITIONAL_REPRESENTATION('',(#6400),#6404);
#6400 = LINE('',#6401,#6402);
#6401 = CARTESIAN_POINT('',(0.,0.));
#6402 = VECTOR('',#6403,1.);
#6403 = DIRECTION('',(0.,1.));
#6404 = ( GEOMETRIC_REPRESENTATION_CONTEXT(2) 
PARAMETRIC_REPRESENTATION_CONTEXT() REPRESENTATION_CONTEXT('2D SPACE',''
  ) );
#6405 = ORIENTED_EDGE('',*,*,#6406,.T.);
#6406 = EDGE_CURVE('',#6379,#6407,#6409,.T.);
#6407 = VERTEX_POINT('',#6408);
#6408 = CARTESIAN_POINT('',(-12.7,50.8,6.35));
#6409 = SURFACE_CURVE('',#6410,(#6414,#6421),.PCURVE_S1.);
#6410 = LINE('',#6411,#6412);
#6411 = CARTESIAN_POINT('',(-12.7,50.8,0.));
#6412 = VECTOR('',#6413,25.4);
#6413 = DIRECTION('',(0.,0.,1.));
#6414 = PCURVE('',#6354,#6415);
#6415 = DEFINITIONAL_REPRESENTATION('',(#6416),#6420);
#6416 = LINE('',#6417,#6418);
#6417 = CARTESIAN_POINT('',(0.,-50.8));
#6418 = VECTOR('',#6419,1.);
#6419 = DIRECTION('',(1.,0.));
#6420 = ( GEOMETRIC_REPRESENTATION_CONTEXT(2) 
PARAMETRIC_REPRESENTATION_CONTEXT() REPRESENTATION_CONTEXT('2D SPACE',''
  ) );
#6421 = PCURVE('',#6422,#6427);
#6422 = CYLINDRICAL_SURFACE('',#6423,12.7);
#6423 = AXIS2_PLACEMENT_3D('',#6424,#6425,#6426);
#6424 = CARTESIAN_POINT('',(0.,50.8,0.));
#6425 = DIRECTION('',(0.,0.,1.));
#6426 = DIRECTION('',(1.,0.,-0.));
#6427 = DEFINITIONAL_REPRESENTATION('',(#6428),#6432);
#6428 = LINE('',#6429,#6430);
#6429 = CARTESIAN_POINT('',(3.14159265359,0.));
#6430 = VECTOR('',#6431,1.);
#6431 = DIRECTION('',(0.,1.));
#6432 = ( GEOMETRIC_REPRESENTATION_CONTEXT(2) 
PARAMETRIC_REPRESENTATION_CONTEXT() REPRESENTATION_CONTEXT('2D SPACE',''
  ) );
#6433 = ORIENTED_EDGE('',*,*,#6434,.F.);
#6434 = EDGE_CURVE('',#6346,#6407,#6435,.T.);
#6435 = SURFACE_CURVE('',#6436,(#6440,#6447),.PCURVE_S1.);
#6436 = LINE('',#6437,#6438);
#6437 = CARTESIAN_POINT('',(-12.7,0.,6.35));
#6438 = VECTOR('',#6439,25.4);
#6439 = DIRECTION('',(-0.,1.,0.));
#6440 = PCURVE('',#6354,#6441);
#6441 = DEFINITIONAL_REPRESENTATION('',(#6442),#6446);
#6442 = LINE('',#6443,#6444);
#6443 = CARTESIAN_POINT('',(6.35,0.));
#6444 = VECTOR('',#6445,1.);
#6445 = DIRECTION('',(0.,-1.));
#6446 = ( GEOMETRIC_REPRESENTATION_CONTEXT(2) 
PARAMETRIC_REPRESENTATION_CONTEXT() REPRESENTATION_CONTEXT('2D SPACE',''
  ) );
#6447 = PCURVE('',#6448,#6453);
#6448 = PLANE('',#6449);
#6449 = AXIS2_PLACEMENT_3D('',#6450,#6451,#6452);
#6450 = CARTESIAN_POINT('',(-12.7,0.,6.35));
#6451 = DIRECTION('',(0.,0.,1.));
#6452 = DIRECTION('',(1.,0.,-0.));
#6453 = DEFINITIONAL_REPRESENTATION('',(#6454),#6458);
#6454 = LINE('',#6455,#6456);
#6455 = CARTESIAN_POINT('',(0.,0.));
#6456 = VECTOR('',#6457,1.);
#6457 = DIRECTION('',(0.,1.));
#6458 = ( GEOMETRIC_REPRESENTATION_CONTEXT(2) 
PARAMETRIC_REPRESENTATION_CONTEXT() REPRESENTATION_CONTEXT('2D SPACE',''
  ) );
#6459 = ADVANCED_FACE('',(#6460),#6366,.F.);
#6460 = FACE_BOUND('',#6461,.F.);
#6461 = EDGE_LOOP('',(#6462,#6485,#6486,#6509));
#6462 = ORIENTED_EDGE('',*,*,#6463,.F.);
#6463 = EDGE_CURVE('',#6344,#6464,#6466,.T.);
#6464 = VERTEX_POINT('',#6465);
#6465 = CARTESIAN_POINT('',(12.7,0.,0.));
#6466 = SURFACE_CURVE('',#6467,(#6471,#6478),.PCURVE_S1.);
#6467 = LINE('',#6468,#6469);
#6468 = CARTESIAN_POINT('',(-12.7,0.,0.));
#6469 = VECTOR('',#6470,25.4);
#6470 = DIRECTION('',(1.,0.,-0.));
#6471 = PCURVE('',#6366,#6472);
#6472 = DEFINITIONAL_REPRESENTATION('',(#6473),#6477);
#6473 = LINE('',#6474,#6475);
#6474 = CARTESIAN_POINT('',(0.,0.));
#6475 = VECTOR('',#6476,1.);
#6476 = DIRECTION('',(0.,1.));
#6477 = ( GEOMETRIC_REPRESENTATION_CONTEXT(2) 
PARAMETRIC_REPRESENTATION_CONTEXT() REPRESENTATION_CONTEXT('2D SPACE',''
  ) );
#6478 = PCURVE('',#6394,#6479);
#6479 = DEFINITIONAL_REPRESENTATION('',(#6480),#6484);
#6480 = LINE('',#6481,#6482);
#6481 = CARTESIAN_POINT('',(0.,0.));
#6482 = VECTOR('',#6483,1.);
#6483 = DIRECTION('',(1.,0.));
#6484 = ( GEOMETRIC_REPRESENTATION_CONTEXT(2) 
PARAMETRIC_REPRESENTATION_CONTEXT() REPRESENTATION_CONTEXT('2D SPACE',''
  ) );
#6485 = ORIENTED_EDGE('',*,*,#6343,.T.);
#6486 = ORIENTED_EDGE('',*,*,#6487,.T.);
#6487 = EDGE_CURVE('',#6346,#6488,#6490,.T.);
#6488 = VERTEX_POINT('',#6489);
#6489 = CARTESIAN_POINT('',(12.7,0.,6.35));
#6490 = SURFACE_CURVE('',#6491,(#6495,#6502),.PCURVE_S1.);
#6491 = LINE('',#6492,#6493);
#6492 = CARTESIAN_POINT('',(-12.7,0.,6.35));
#6493 = VECTOR('',#6494,25.4);
#6494 = DIRECTION('',(1.,0.,-0.));
#6495 = PCURVE('',#6366,#6496);
#6496 = DEFINITIONAL_REPRESENTATION('',(#6497),#6501);
#6497 = LINE('',#6498,#6499);
#6498 = CARTESIAN_POINT('',(6.35,0.));
#6499 = VECTOR('',#6500,1.);
#6500 = DIRECTION('',(0.,1.));
#6501 = ( GEOMETRIC_REPRESENTATION_CONTEXT(2) 
PARAMETRIC_REPRESENTATION_CONTEXT() REPRESENTATION_CONTEXT('2D SPACE',''
  ) );
#6502 = PCURVE('',#6448,#6503);
#6503 = DEFINITIONAL_REPRESENTATION('',(#6504),#6508);
#6504 = LINE('',#6505,#6506);
#6505 = CARTESIAN_POINT('',(0.,0.));
#6506 = VECTOR('',#6507,1.);
#6507 = DIRECTION('',(1.,0.));
#6508 = ( GEOMETRIC_REPRESENTATION_CONTEXT(2) 
PARAMETRIC_REPRESENTATION_CONTEXT() REPRESENTATION_CONTEXT('2D SPACE',''
  ) );
#6509 = ORIENTED_EDGE('',*,*,#6510,.F.);
#6510 = EDGE_CURVE('',#6464,#6488,#6511,.T.);
#6511 = SURFACE_CURVE('',#6512,(#6516,#6523),.PCURVE_S1.);
#6512 = LINE('',#6513,#6514);
#6513 = CARTESIAN_POINT('',(12.7,0.,0.));
#6514 = VECTOR('',#6515,25.4);
#6515 = DIRECTION('',(0.,0.,1.));
#6516 = PCURVE('',#6366,#6517);
#6517 = DEFINITIONAL_REPRESENTATION('',(#6518),#6522);
#6518 = LINE('',#6519,#6520);
#6519 = CARTESIAN_POINT('',(0.,25.4));
#6520 = VECTOR('',#6521,1.);
#6521 = DIRECTION('',(1.,0.));
#6522 = ( GEOMETRIC_REPRESENTATION_CONTEXT(2) 
PARAMETRIC_REPRESENTATION_CONTEXT() REPRESENTATION_CONTEXT('2D SPACE',''
  ) );
#6523 = PCURVE('',#6524,#6529);
#6524 = PLANE('',#6525);
#6525 = AXIS2_PLACEMENT_3D('',#6526,#6527,#6528);
#6526 = CARTESIAN_POINT('',(12.7,0.,0.));
#6527 = DIRECTION('',(1.,0.,-0.));
#6528 = DIRECTION('',(0.,0.,1.));
#6529 = DEFINITIONAL_REPRESENTATION('',(#6530),#6534);
#6530 = LINE('',#6531,#6532);
#6531 = CARTESIAN_POINT('',(0.,0.));
#6532 = VECTOR('',#6533,1.);
#6533 = DIRECTION('',(1.,0.));
#6534 = ( GEOMETRIC_REPRESENTATION_CONTEXT(2) 
PARAMETRIC_REPRESENTATION_CONTEXT() REPRESENTATION_CONTEXT('2D SPACE',''
  ) );
#6535 = ADVANCED_FACE('',(#6536,#6585),#6448,.T.);
#6536 = FACE_BOUND('',#6537,.T.);
#6537 = EDGE_LOOP('',(#6538,#6561,#6583,#6584));
#6538 = ORIENTED_EDGE('',*,*,#6539,.T.);
#6539 = EDGE_CURVE('',#6488,#6540,#6542,.T.);
#6540 = VERTEX_POINT('',#6541);
#6541 = CARTESIAN_POINT('',(12.7,50.8,6.35));
#6542 = SURFACE_CURVE('',#6543,(#6547,#6554),.PCURVE_S1.);
#6543 = LINE('',#6544,#6545);
#6544 = CARTESIAN_POINT('',(12.7,0.,6.35));
#6545 = VECTOR('',#6546,25.4);
#6546 = DIRECTION('',(-0.,1.,0.));
#6547 = PCURVE('',#6448,#6548);
#6548 = DEFINITIONAL_REPRESENTATION('',(#6549),#6553);
#6549 = LINE('',#6550,#6551);
#6550 = CARTESIAN_POINT('',(25.4,0.));
#6551 = VECTOR('',#6552,1.);
#6552 = DIRECTION('',(0.,1.));
#6553 = ( GEOMETRIC_REPRESENTATION_CONTEXT(2) 
PARAMETRIC_REPRESENTATION_CONTEXT() REPRESENTATION_CONTEXT('2D SPACE',''
  ) );
#6554 = PCURVE('',#6524,#6555);
#6555 = DEFINITIONAL_REPRESENTATION('',(#6556),#6560);
#6556 = LINE('',#6557,#6558);
#6557 = CARTESIAN_POINT('',(6.35,0.));
#6558 = VECTOR('',#6559,1.);
#6559 = DIRECTION('',(0.,-1.));
#6560 = ( GEOMETRIC_REPRESENTATION_CONTEXT(2) 
PARAMETRIC_REPRESENTATION_CONTEXT() REPRESENTATION_CONTEXT('2D SPACE',''
  ) );
#6561 = ORIENTED_EDGE('',*,*,#6562,.T.);
#6562 = EDGE_CURVE('',#6540,#6407,#6563,.T.);
#6563 = SURFACE_CURVE('',#6564,(#6569,#6576),.PCURVE_S1.);
#6564 = CIRCLE('',#6565,12.7);
#6565 = AXIS2_PLACEMENT_3D('',#6566,#6567,#6568);
#6566 = CARTESIAN_POINT('',(0.,50.8,6.35));
#6567 = DIRECTION('',(0.,0.,1.));
#6568 = DIRECTION('',(1.,0.,-0.));
#6569 = PCURVE('',#6448,#6570);
#6570 = DEFINITIONAL_REPRESENTATION('',(#6571),#6575);
#6571 = CIRCLE('',#6572,12.7);
#6572 = AXIS2_PLACEMENT_2D('',#6573,#6574);
#6573 = CARTESIAN_POINT('',(12.7,50.8));
#6574 = DIRECTION('',(1.,0.));
#6575 = ( GEOMETRIC_REPRESENTATION_CONTEXT(2) 
PARAMETRIC_REPRESENTATION_CONTEXT() REPRESENTATION_CONTEXT('2D SPACE',''
  ) );
#6576 = PCURVE('',#6422,#6577);
#6577 = DEFINITIONAL_REPRESENTATION('',(#6578),#6582);
#6578 = LINE('',#6579,#6580);
#6579 = CARTESIAN_POINT('',(0.,6.35));
#6580 = VECTOR('',#6581,1.);
#6581 = DIRECTION('',(1.,0.));
#6582 = ( GEOMETRIC_REPRESENTATION_CONTEXT(2) 
PARAMETRIC_REPRESENTATION_CONTEXT() REPRESENTATION_CONTEXT('2D SPACE',''
  ) );
#6583 = ORIENTED_EDGE('',*,*,#6434,.F.);
#6584 = ORIENTED_EDGE('',*,*,#6487,.T.);
#6585 = FACE_BOUND('',#6586,.T.);
#6586 = EDGE_LOOP('',(#6587));
#6587 = ORIENTED_EDGE('',*,*,#6588,.F.);
#6588 = EDGE_CURVE('',#6589,#6589,#6591,.T.);
#6589 = VERTEX_POINT('',#6590);
#6590 = CARTESIAN_POINT('',(6.35,50.8,6.35));
#6591 = SURFACE_CURVE('',#6592,(#6597,#6604),.PCURVE_S1.);
#6592 = CIRCLE('',#6593,6.35);
#6593 = AXIS2_PLACEMENT_3D('',#6594,#6595,#6596);
#6594 = CARTESIAN_POINT('',(0.,50.8,6.35));
#6595 = DIRECTION('',(0.,0.,1.));
#6596 = DIRECTION('',(1.,0.,-0.));
#6597 = PCURVE('',#6448,#6598);
#6598 = DEFINITIONAL_REPRESENTATION('',(#6599),#6603);
#6599 = CIRCLE('',#6600,6.35);
#6600 = AXIS2_PLACEMENT_2D('',#6601,#6602);
#6601 = CARTESIAN_POINT('',(12.7,50.8));
#6602 = DIRECTION('',(1.,0.));
#6603 = ( GEOMETRIC_REPRESENTATION_CONTEXT(2) 
PARAMETRIC_REPRESENTATION_CONTEXT() REPRESENTATION_CONTEXT('2D SPACE',''
  ) );
#6604 = PCURVE('',#6605,#6610);
#6605 = CYLINDRICAL_SURFACE('',#6606,6.35);
#6606 = AXIS2_PLACEMENT_3D('',#6607,#6608,#6609);
#6607 = CARTESIAN_POINT('',(0.,50.8,-0.254));
#6608 = DIRECTION('',(0.,0.,1.));
#6609 = DIRECTION('',(1.,0.,-0.));
#6610 = DEFINITIONAL_REPRESENTATION('',(#6611),#6615);
#6611 = LINE('',#6612,#6613);
#6612 = CARTESIAN_POINT('',(0.,6.604));
#6613 = VECTOR('',#6614,1.);
#6614 = DIRECTION('',(1.,0.));
#6615 = ( GEOMETRIC_REPRESENTATION_CONTEXT(2) 
PARAMETRIC_REPRESENTATION_CONTEXT() REPRESENTATION_CONTEXT('2D SPACE',''
  ) );
#6616 = ADVANCED_FACE('',(#6617),#6422,.T.);
#6617 = FACE_BOUND('',#6618,.T.);
#6618 = EDGE_LOOP('',(#6619,#6620,#6642,#6664));
#6619 = ORIENTED_EDGE('',*,*,#6562,.F.);
#6620 = ORIENTED_EDGE('',*,*,#6621,.F.);
#6621 = EDGE_CURVE('',#6622,#6540,#6624,.T.);
#6622 = VERTEX_POINT('',#6623);
#6623 = CARTESIAN_POINT('',(12.7,50.8,0.));
#6624 = SURFACE_CURVE('',#6625,(#6629,#6635),.PCURVE_S1.);
#6625 = LINE('',#6626,#6627);
#6626 = CARTESIAN_POINT('',(12.7,50.8,0.));
#6627 = VECTOR('',#6628,25.4);
#6628 = DIRECTION('',(0.,0.,1.));
#6629 = PCURVE('',#6422,#6630);
#6630 = DEFINITIONAL_REPRESENTATION('',(#6631),#6634);
#6631 = B_SPLINE_CURVE_WITH_KNOTS('',1,(#6632,#6633),.UNSPECIFIED.,.F.,
  .F.,(2,2),(0.,0.25),.PIECEWISE_BEZIER_KNOTS.);
#6632 = CARTESIAN_POINT('',(0.,0.));
#6633 = CARTESIAN_POINT('',(0.,6.35));
#6634 = ( GEOMETRIC_REPRESENTATION_CONTEXT(2) 
PARAMETRIC_REPRESENTATION_CONTEXT() REPRESENTATION_CONTEXT('2D SPACE',''
  ) );
#6635 = PCURVE('',#6524,#6636);
#6636 = DEFINITIONAL_REPRESENTATION('',(#6637),#6641);
#6637 = LINE('',#6638,#6639);
#6638 = CARTESIAN_POINT('',(0.,-50.8));
#6639 = VECTOR('',#6640,1.);
#6640 = DIRECTION('',(1.,0.));
#6641 = ( GEOMETRIC_REPRESENTATION_CONTEXT(2) 
PARAMETRIC_REPRESENTATION_CONTEXT() REPRESENTATION_CONTEXT('2D SPACE',''
  ) );
#6642 = ORIENTED_EDGE('',*,*,#6643,.T.);
#6643 = EDGE_CURVE('',#6622,#6379,#6644,.T.);
#6644 = SURFACE_CURVE('',#6645,(#6650,#6657),.PCURVE_S1.);
#6645 = CIRCLE('',#6646,12.7);
#6646 = AXIS2_PLACEMENT_3D('',#6647,#6648,#6649);
#6647 = CARTESIAN_POINT('',(0.,50.8,0.));
#6648 = DIRECTION('',(0.,0.,1.));
#6649 = DIRECTION('',(1.,0.,-0.));
#6650 = PCURVE('',#6422,#6651);
#6651 = DEFINITIONAL_REPRESENTATION('',(#6652),#6656);
#6652 = LINE('',#6653,#6654);
#6653 = CARTESIAN_POINT('',(0.,0.));
#6654 = VECTOR('',#6655,1.);
#6655 = DIRECTION('',(1.,0.));
#6656 = ( GEOMETRIC_REPRESENTATION_CONTEXT(2) 
PARAMETRIC_REPRESENTATION_CONTEXT() REPRESENTATION_CONTEXT('2D SPACE',''
  ) );
#6657 = PCURVE('',#6394,#6658);
#6658 = DEFINITIONAL_REPRESENTATION('',(#6659),#6663);
#6659 = CIRCLE('',#6660,12.7);
#6660 = AXIS2_PLACEMENT_2D('',#6661,#6662);
#6661 = CARTESIAN_POINT('',(12.7,50.8));
#6662 = DIRECTION('',(1.,0.));
#6663 = ( GEOMETRIC_REPRESENTATION_CONTEXT(2) 
PARAMETRIC_REPRESENTATION_CONTEXT() REPRESENTATION_CONTEXT('2D SPACE',''
  ) );
#6664 = ORIENTED_EDGE('',*,*,#6406,.T.);
#6665 = ADVANCED_FACE('',(#6666,#6692),#6394,.F.);
#6666 = FACE_BOUND('',#6667,.F.);
#6667 = EDGE_LOOP('',(#6668,#6689,#6690,#6691));
#6668 = ORIENTED_EDGE('',*,*,#6669,.T.);
#6669 = EDGE_CURVE('',#6464,#6622,#6670,.T.);
#6670 = SURFACE_CURVE('',#6671,(#6675,#6682),.PCURVE_S1.);
#6671 = LINE('',#6672,#6673);
#6672 = CARTESIAN_POINT('',(12.7,0.,0.));
#6673 = VECTOR('',#6674,25.4);
#6674 = DIRECTION('',(-0.,1.,0.));
#6675 = PCURVE('',#6394,#6676);
#6676 = DEFINITIONAL_REPRESENTATION('',(#6677),#6681);
#6677 = LINE('',#6678,#6679);
#6678 = CARTESIAN_POINT('',(25.4,0.));
#6679 = VECTOR('',#6680,1.);
#6680 = DIRECTION('',(0.,1.));
#6681 = ( GEOMETRIC_REPRESENTATION_CONTEXT(2) 
PARAMETRIC_REPRESENTATION_CONTEXT() REPRESENTATION_CONTEXT('2D SPACE',''
  ) );
#6682 = PCURVE('',#6524,#6683);
#6683 = DEFINITIONAL_REPRESENTATION('',(#6684),#6688);
#6684 = LINE('',#6685,#6686);
#6685 = CARTESIAN_POINT('',(0.,0.));
#6686 = VECTOR('',#6687,1.);
#6687 = DIRECTION('',(0.,-1.));
#6688 = ( GEOMETRIC_REPRESENTATION_CONTEXT(2) 
PARAMETRIC_REPRESENTATION_CONTEXT() REPRESENTATION_CONTEXT('2D SPACE',''
  ) );
#6689 = ORIENTED_EDGE('',*,*,#6643,.T.);
#6690 = ORIENTED_EDGE('',*,*,#6378,.F.);
#6691 = ORIENTED_EDGE('',*,*,#6463,.T.);
#6692 = FACE_BOUND('',#6693,.F.);
#6693 = EDGE_LOOP('',(#6694));
#6694 = ORIENTED_EDGE('',*,*,#6695,.F.);
#6695 = EDGE_CURVE('',#6696,#6696,#6698,.T.);
#6696 = VERTEX_POINT('',#6697);
#6697 = CARTESIAN_POINT('',(6.35,50.8,0.));
#6698 = SURFACE_CURVE('',#6699,(#6704,#6711),.PCURVE_S1.);
#6699 = CIRCLE('',#6700,6.35);
#6700 = AXIS2_PLACEMENT_3D('',#6701,#6702,#6703);
#6701 = CARTESIAN_POINT('',(0.,50.8,0.));
#6702 = DIRECTION('',(0.,0.,1.));
#6703 = DIRECTION('',(1.,0.,-0.));
#6704 = PCURVE('',#6394,#6705);
#6705 = DEFINITIONAL_REPRESENTATION('',(#6706),#6710);
#6706 = CIRCLE('',#6707,6.35);
#6707 = AXIS2_PLACEMENT_2D('',#6708,#6709);
#6708 = CARTESIAN_POINT('',(12.7,50.8));
#6709 = DIRECTION('',(1.,0.));
#6710 = ( GEOMETRIC_REPRESENTATION_CONTEXT(2) 
PARAMETRIC_REPRESENTATION_CONTEXT() REPRESENTATION_CONTEXT('2D SPACE',''
  ) );
#6711 = PCURVE('',#6605,#6712);
#6712 = DEFINITIONAL_REPRESENTATION('',(#6713),#6717);
#6713 = LINE('',#6714,#6715);
#6714 = CARTESIAN_POINT('',(0.,0.254));
#6715 = VECTOR('',#6716,1.);
#6716 = DIRECTION('',(1.,0.));
#6717 = ( GEOMETRIC_REPRESENTATION_CONTEXT(2) 
PARAMETRIC_REPRESENTATION_CONTEXT() REPRESENTATION_CONTEXT('2D SPACE',''
  ) );
#6718 = ADVANCED_FACE('',(#6719),#6524,.T.);
#6719 = FACE_BOUND('',#6720,.T.);
#6720 = EDGE_LOOP('',(#6721,#6722,#6723,#6724));
#6721 = ORIENTED_EDGE('',*,*,#6510,.F.);
#6722 = ORIENTED_EDGE('',*,*,#6669,.T.);
#6723 = ORIENTED_EDGE('',*,*,#6621,.T.);
#6724 = ORIENTED_EDGE('',*,*,#6539,.F.);
#6725 = ADVANCED_FACE('',(#6726),#6605,.F.);
#6726 = FACE_BOUND('',#6727,.F.);
#6727 = EDGE_LOOP('',(#6728,#6729,#6750,#6751));
#6728 = ORIENTED_EDGE('',*,*,#6588,.F.);
#6729 = ORIENTED_EDGE('',*,*,#6730,.F.);
#6730 = EDGE_CURVE('',#6696,#6589,#6731,.T.);
#6731 = SEAM_CURVE('',#6732,(#6736,#6743),.PCURVE_S1.);
#6732 = LINE('',#6733,#6734);
#6733 = CARTESIAN_POINT('',(6.35,50.8,-0.254));
#6734 = VECTOR('',#6735,25.4);
#6735 = DIRECTION('',(0.,0.,1.));
#6736 = PCURVE('',#6605,#6737);
#6737 = DEFINITIONAL_REPRESENTATION('',(#6738),#6742);
#6738 = LINE('',#6739,#6740);
#6739 = CARTESIAN_POINT('',(6.28318530718,-0.));
#6740 = VECTOR('',#6741,1.);
#6741 = DIRECTION('',(0.,1.));
#6742 = ( GEOMETRIC_REPRESENTATION_CONTEXT(2) 
PARAMETRIC_REPRESENTATION_CONTEXT() REPRESENTATION_CONTEXT('2D SPACE',''
  ) );
#6743 = PCURVE('',#6605,#6744);
#6744 = DEFINITIONAL_REPRESENTATION('',(#6745),#6749);
#6745 = LINE('',#6746,#6747);
#6746 = CARTESIAN_POINT('',(0.,-0.));
#6747 = VECTOR('',#6748,1.);
#6748 = DIRECTION('',(0.,1.));
#6749 = ( GEOMETRIC_REPRESENTATION_CONTEXT(2) 
PARAMETRIC_REPRESENTATION_CONTEXT() REPRESENTATION_CONTEXT('2D SPACE',''
  ) );
#6750 = ORIENTED_EDGE('',*,*,#6695,.T.);
#6751 = ORIENTED_EDGE('',*,*,#6730,.T.);
#6752 = ( GEOMETRIC_REPRESENTATION_CONTEXT(3) 
GLOBAL_UNCERTAINTY_ASSIGNED_CONTEXT((#6756)) 
GLOBAL_UNIT_ASSIGNED_CONTEXT((#6753,#6754,#6755)) REPRESENTATION_CONTEXT
('Context #1','3D Context with UNIT and UNCERTAINTY') );
#6753 = ( LENGTH_UNIT() NAMED_UNIT(*) SI_UNIT(.MILLI.,.METRE.) );
#6754 = ( NAMED_UNIT(*) PLANE_ANGLE_UNIT() SI_UNIT($,.RADIAN.) );
#6755 = ( NAMED_UNIT(*) SI_UNIT($,.STERADIAN.) SOLID_ANGLE_UNIT() );
#6756 = UNCERTAINTY_MEASURE_WITH_UNIT(LENGTH_MEASURE(2.54E-06),#6753,
  'distance_accuracy_value','confusion accuracy');
#6757 = CONTEXT_DEPENDENT_SHAPE_REPRESENTATION(#6758,#6760);
#6758 = ( REPRESENTATION_RELATIONSHIP('','',#6336,#10) 
REPRESENTATION_RELATIONSHIP_WITH_TRANSFORMATION(#6759) 
SHAPE_REPRESENTATION_RELATIONSHIP() );
#6759 = ITEM_DEFINED_TRANSFORMATION('','',#11,#55);
#6760 = PRODUCT_DEFINITION_SHAPE('Placement','Placement of an item',
  #6761);
#6761 = NEXT_ASSEMBLY_USAGE_OCCURRENCE('11','Hinge Tab','',#5,#6331,$);
#6762 = PRODUCT_RELATED_PRODUCT_CATEGORY('part',$,(#6333));
#6763 = SHAPE_DEFINITION_REPRESENTATION(#6764,#6770);
#6764 = PRODUCT_DEFINITION_SHAPE('','',#6765);
#6765 = PRODUCT_DEFINITION('design','',#6766,#6769);
#6766 = PRODUCT_DEFINITION_FORMATION('','',#6767);
#6767 = PRODUCT('Hinge Pin','Hinge Pin','',(#6768));
#6768 = PRODUCT_CONTEXT('',#2,'mechanical');
#6769 = PRODUCT_DEFINITION_CONTEXT('part definition',#2,'design');
#6770 = ADVANCED_BREP_SHAPE_REPRESENTATION('',(#11,#6771),#6869);
#6771 = MANIFOLD_SOLID_BREP('',#6772);
#6772 = CLOSED_SHELL('',(#6773,#6861,#6865));
#6773 = ADVANCED_FACE('',(#6774),#6787,.T.);
#6774 = FACE_BOUND('',#6775,.T.);
#6775 = EDGE_LOOP('',(#6776,#6810,#6833,#6860));
#6776 = ORIENTED_EDGE('',*,*,#6777,.F.);
#6777 = EDGE_CURVE('',#6778,#6778,#6780,.T.);
#6778 = VERTEX_POINT('',#6779);
#6779 = CARTESIAN_POINT('',(5.588,-1.368665262727E-15,60.325));
#6780 = SURFACE_CURVE('',#6781,(#6786,#6798),.PCURVE_S1.);
#6781 = CIRCLE('',#6782,5.588);
#6782 = AXIS2_PLACEMENT_3D('',#6783,#6784,#6785);
#6783 = CARTESIAN_POINT('',(0.,0.,60.325));
#6784 = DIRECTION('',(0.,0.,1.));
#6785 = DIRECTION('',(1.,0.,-0.));
#6786 = PCURVE('',#6787,#6792);
#6787 = CYLINDRICAL_SURFACE('',#6788,5.588);
#6788 = AXIS2_PLACEMENT_3D('',#6789,#6790,#6791);
#6789 = CARTESIAN_POINT('',(0.,0.,0.));
#6790 = DIRECTION('',(0.,0.,1.));
#6791 = DIRECTION('',(1.,0.,-0.));
#6792 = DEFINITIONAL_REPRESENTATION('',(#6793),#6797);
#6793 = LINE('',#6794,#6795);
#6794 = CARTESIAN_POINT('',(0.,60.325));
#6795 = VECTOR('',#6796,1.);
#6796 = DIRECTION('',(1.,0.));
#6797 = ( GEOMETRIC_REPRESENTATION_CONTEXT(2) 
PARAMETRIC_REPRESENTATION_CONTEXT() REPRESENTATION_CONTEXT('2D SPACE',''
  ) );
#6798 = PCURVE('',#6799,#6804);
#6799 = PLANE('',#6800);
#6800 = AXIS2_PLACEMENT_3D('',#6801,#6802,#6803);
#6801 = CARTESIAN_POINT('',(0.,0.,60.325));
#6802 = DIRECTION('',(0.,0.,1.));
#6803 = DIRECTION('',(1.,0.,-0.));
#6804 = DEFINITIONAL_REPRESENTATION('',(#6805),#6809);
#6805 = CIRCLE('',#6806,5.588);
#6806 = AXIS2_PLACEMENT_2D('',#6807,#6808);
#6807 = CARTESIAN_POINT('',(0.,0.));
#6808 = DIRECTION('',(1.,0.));
#6809 = ( GEOMETRIC_REPRESENTATION_CONTEXT(2) 
PARAMETRIC_REPRESENTATION_CONTEXT() REPRESENTATION_CONTEXT('2D SPACE',''
  ) );
#6810 = ORIENTED_EDGE('',*,*,#6811,.F.);
#6811 = EDGE_CURVE('',#6812,#6778,#6814,.T.);
#6812 = VERTEX_POINT('',#6813);
#6813 = CARTESIAN_POINT('',(5.588,-1.368665262727E-15,0.));
#6814 = SEAM_CURVE('',#6815,(#6819,#6826),.PCURVE_S1.);
#6815 = LINE('',#6816,#6817);
#6816 = CARTESIAN_POINT('',(5.588,-1.368665262727E-15,0.));
#6817 = VECTOR('',#6818,25.4);
#6818 = DIRECTION('',(0.,0.,1.));
#6819 = PCURVE('',#6787,#6820);
#6820 = DEFINITIONAL_REPRESENTATION('',(#6821),#6825);
#6821 = LINE('',#6822,#6823);
#6822 = CARTESIAN_POINT('',(6.28318530718,-0.));
#6823 = VECTOR('',#6824,1.);
#6824 = DIRECTION('',(0.,1.));
#6825 = ( GEOMETRIC_REPRESENTATION_CONTEXT(2) 
PARAMETRIC_REPRESENTATION_CONTEXT() REPRESENTATION_CONTEXT('2D SPACE',''
  ) );
#6826 = PCURVE('',#6787,#6827);
#6827 = DEFINITIONAL_REPRESENTATION('',(#6828),#6832);
#6828 = LINE('',#6829,#6830);
#6829 = CARTESIAN_POINT('',(0.,-0.));
#6830 = VECTOR('',#6831,1.);
#6831 = DIRECTION('',(0.,1.));
#6832 = ( GEOMETRIC_REPRESENTATION_CONTEXT(2) 
PARAMETRIC_REPRESENTATION_CONTEXT() REPRESENTATION_CONTEXT('2D SPACE',''
  ) );
#6833 = ORIENTED_EDGE('',*,*,#6834,.T.);
#6834 = EDGE_CURVE('',#6812,#6812,#6835,.T.);
#6835 = SURFACE_CURVE('',#6836,(#6841,#6848),.PCURVE_S1.);
#6836 = CIRCLE('',#6837,5.588);
#6837 = AXIS2_PLACEMENT_3D('',#6838,#6839,#6840);
#6838 = CARTESIAN_POINT('',(0.,0.,0.));
#6839 = DIRECTION('',(0.,0.,1.));
#6840 = DIRECTION('',(1.,0.,-0.));
#6841 = PCURVE('',#6787,#6842);
#6842 = DEFINITIONAL_REPRESENTATION('',(#6843),#6847);
#6843 = LINE('',#6844,#6845);
#6844 = CARTESIAN_POINT('',(0.,0.));
#6845 = VECTOR('',#6846,1.);
#6846 = DIRECTION('',(1.,0.));
#6847 = ( GEOMETRIC_REPRESENTATION_CONTEXT(2) 
PARAMETRIC_REPRESENTATION_CONTEXT() REPRESENTATION_CONTEXT('2D SPACE',''
  ) );
#6848 = PCURVE('',#6849,#6854);
#6849 = PLANE('',#6850);
#6850 = AXIS2_PLACEMENT_3D('',#6851,#6852,#6853);
#6851 = CARTESIAN_POINT('',(0.,0.,0.));
#6852 = DIRECTION('',(0.,0.,1.));
#6853 = DIRECTION('',(1.,0.,-0.));
#6854 = DEFINITIONAL_REPRESENTATION('',(#6855),#6859);
#6855 = CIRCLE('',#6856,5.588);
#6856 = AXIS2_PLACEMENT_2D('',#6857,#6858);
#6857 = CARTESIAN_POINT('',(0.,0.));
#6858 = DIRECTION('',(1.,0.));
#6859 = ( GEOMETRIC_REPRESENTATION_CONTEXT(2) 
PARAMETRIC_REPRESENTATION_CONTEXT() REPRESENTATION_CONTEXT('2D SPACE',''
  ) );
#6860 = ORIENTED_EDGE('',*,*,#6811,.T.);
#6861 = ADVANCED_FACE('',(#6862),#6799,.T.);
#6862 = FACE_BOUND('',#6863,.T.);
#6863 = EDGE_LOOP('',(#6864));
#6864 = ORIENTED_EDGE('',*,*,#6777,.T.);
#6865 = ADVANCED_FACE('',(#6866),#6849,.F.);
#6866 = FACE_BOUND('',#6867,.T.);
#6867 = EDGE_LOOP('',(#6868));
#6868 = ORIENTED_EDGE('',*,*,#6834,.F.);
#6869 = ( GEOMETRIC_REPRESENTATION_CONTEXT(3) 
GLOBAL_UNCERTAINTY_ASSIGNED_CONTEXT((#6873)) 
GLOBAL_UNIT_ASSIGNED_CONTEXT((#6870,#6871,#6872)) REPRESENTATION_CONTEXT
('Context #1','3D Context with UNIT and UNCERTAINTY') );
#6870 = ( LENGTH_UNIT() NAMED_UNIT(*) SI_UNIT(.MILLI.,.METRE.) );
#6871 = ( NAMED_UNIT(*) PLANE_ANGLE_UNIT() SI_UNIT($,.RADIAN.) );
#6872 = ( NAMED_UNIT(*) SI_UNIT($,.STERADIAN.) SOLID_ANGLE_UNIT() );
#6873 = UNCERTAINTY_MEASURE_WITH_UNIT(LENGTH_MEASURE(2.54E-06),#6870,
  'distance_accuracy_value','confusion accuracy');
#6874 = CONTEXT_DEPENDENT_SHAPE_REPRESENTATION(#6875,#6877);
#6875 = ( REPRESENTATION_RELATIONSHIP('','',#6770,#10) 
REPRESENTATION_RELATIONSHIP_WITH_TRANSFORMATION(#6876) 
SHAPE_REPRESENTATION_RELATIONSHIP() );
#6876 = ITEM_DEFINED_TRANSFORMATION('','',#11,#59);
#6877 = PRODUCT_DEFINITION_SHAPE('Placement','Placement of an item',
  #6878);
#6878 = NEXT_ASSEMBLY_USAGE_OCCURRENCE('12','Hinge Pin','',#5,#6765,$);
#6879 = PRODUCT_RELATED_PRODUCT_CATEGORY('part',$,(#6767));
#6880 = SHAPE_DEFINITION_REPRESENTATION(#6881,#6887);
#6881 = PRODUCT_DEFINITION_SHAPE('','',#6882);
#6882 = PRODUCT_DEFINITION('design','',#6883,#6886);
#6883 = PRODUCT_DEFINITION_FORMATION('','',#6884);
#6884 = PRODUCT('Shelf','Shelf','',(#6885));
#6885 = PRODUCT_CONTEXT('',#2,'mechanical');
#6886 = PRODUCT_DEFINITION_CONTEXT('part definition',#2,'design');
#6887 = ADVANCED_BREP_SHAPE_REPRESENTATION('',(#11,#6888),#7218);
#6888 = MANIFOLD_SOLID_BREP('',#6889);
#6889 = CLOSED_SHELL('',(#6890,#7010,#7110,#7157,#7204,#7211));
#6890 = ADVANCED_FACE('',(#6891),#6905,.F.);
#6891 = FACE_BOUND('',#6892,.F.);
#6892 = EDGE_LOOP('',(#6893,#6928,#6956,#6984));
#6893 = ORIENTED_EDGE('',*,*,#6894,.F.);
#6894 = EDGE_CURVE('',#6895,#6897,#6899,.T.);
#6895 = VERTEX_POINT('',#6896);
#6896 = CARTESIAN_POINT('',(0.,0.,0.));
#6897 = VERTEX_POINT('',#6898);
#6898 = CARTESIAN_POINT('',(0.,0.,6.35));
#6899 = SURFACE_CURVE('',#6900,(#6904,#6916),.PCURVE_S1.);
#6900 = LINE('',#6901,#6902);
#6901 = CARTESIAN_POINT('',(0.,0.,0.));
#6902 = VECTOR('',#6903,25.4);
#6903 = DIRECTION('',(0.,0.,1.));
#6904 = PCURVE('',#6905,#6910);
#6905 = PLANE('',#6906);
#6906 = AXIS2_PLACEMENT_3D('',#6907,#6908,#6909);
#6907 = CARTESIAN_POINT('',(0.,0.,0.));
#6908 = DIRECTION('',(1.,0.,-0.));
#6909 = DIRECTION('',(0.,0.,1.));
#6910 = DEFINITIONAL_REPRESENTATION('',(#6911),#6915);
#6911 = LINE('',#6912,#6913);
#6912 = CARTESIAN_POINT('',(0.,0.));
#6913 = VECTOR('',#6914,1.);
#6914 = DIRECTION('',(1.,0.));
#6915 = ( GEOMETRIC_REPRESENTATION_CONTEXT(2) 
PARAMETRIC_REPRESENTATION_CONTEXT() REPRESENTATION_CONTEXT('2D SPACE',''
  ) );
#6916 = PCURVE('',#6917,#6922);
#6917 = PLANE('',#6918);
#6918 = AXIS2_PLACEMENT_3D('',#6919,#6920,#6921);
#6919 = CARTESIAN_POINT('',(0.,0.,0.));
#6920 = DIRECTION('',(-0.,1.,0.));
#6921 = DIRECTION('',(0.,0.,1.));
#6922 = DEFINITIONAL_REPRESENTATION('',(#6923),#6927);
#6923 = LINE('',#6924,#6925);
#6924 = CARTESIAN_POINT('',(0.,0.));
#6925 = VECTOR('',#6926,1.);
#6926 = DIRECTION('',(1.,0.));
#6927 = ( GEOMETRIC_REPRESENTATION_CONTEXT(2) 
PARAMETRIC_REPRESENTATION_CONTEXT() REPRESENTATION_CONTEXT('2D SPACE',''
  ) );
#6928 = ORIENTED_EDGE('',*,*,#6929,.T.);
#6929 = EDGE_CURVE('',#6895,#6930,#6932,.T.);
#6930 = VERTEX_POINT('',#6931);
#6931 = CARTESIAN_POINT('',(0.,176.2125,0.));
#6932 = SURFACE_CURVE('',#6933,(#6937,#6944),.PCURVE_S1.);
#6933 = LINE('',#6934,#6935);
#6934 = CARTESIAN_POINT('',(0.,0.,0.));
#6935 = VECTOR('',#6936,25.4);
#6936 = DIRECTION('',(-0.,1.,0.));
#6937 = PCURVE('',#6905,#6938);
#6938 = DEFINITIONAL_REPRESENTATION('',(#6939),#6943);
#6939 = LINE('',#6940,#6941);
#6940 = CARTESIAN_POINT('',(0.,0.));
#6941 = VECTOR('',#6942,1.);
#6942 = DIRECTION('',(0.,-1.));
#6943 = ( GEOMETRIC_REPRESENTATION_CONTEXT(2) 
PARAMETRIC_REPRESENTATION_CONTEXT() REPRESENTATION_CONTEXT('2D SPACE',''
  ) );
#6944 = PCURVE('',#6945,#6950);
#6945 = PLANE('',#6946);
#6946 = AXIS2_PLACEMENT_3D('',#6947,#6948,#6949);
#6947 = CARTESIAN_POINT('',(0.,0.,0.));
#6948 = DIRECTION('',(0.,0.,1.));
#6949 = DIRECTION('',(1.,0.,-0.));
#6950 = DEFINITIONAL_REPRESENTATION('',(#6951),#6955);
#6951 = LINE('',#6952,#6953);
#6952 = CARTESIAN_POINT('',(0.,0.));
#6953 = VECTOR('',#6954,1.);
#6954 = DIRECTION('',(0.,1.));
#6955 = ( GEOMETRIC_REPRESENTATION_CONTEXT(2) 
PARAMETRIC_REPRESENTATION_CONTEXT() REPRESENTATION_CONTEXT('2D SPACE',''
  ) );
#6956 = ORIENTED_EDGE('',*,*,#6957,.T.);
#6957 = EDGE_CURVE('',#6930,#6958,#6960,.T.);
#6958 = VERTEX_POINT('',#6959);
#6959 = CARTESIAN_POINT('',(0.,176.2125,6.35));
#6960 = SURFACE_CURVE('',#6961,(#6965,#6972),.PCURVE_S1.);
#6961 = LINE('',#6962,#6963);
#6962 = CARTESIAN_POINT('',(0.,176.2125,0.));
#6963 = VECTOR('',#6964,25.4);
#6964 = DIRECTION('',(0.,0.,1.));
#6965 = PCURVE('',#6905,#6966);
#6966 = DEFINITIONAL_REPRESENTATION('',(#6967),#6971);
#6967 = LINE('',#6968,#6969);
#6968 = CARTESIAN_POINT('',(0.,-176.2125));
#6969 = VECTOR('',#6970,1.);
#6970 = DIRECTION('',(1.,0.));
#6971 = ( GEOMETRIC_REPRESENTATION_CONTEXT(2) 
PARAMETRIC_REPRESENTATION_CONTEXT() REPRESENTATION_CONTEXT('2D SPACE',''
  ) );
#6972 = PCURVE('',#6973,#6978);
#6973 = PLANE('',#6974);
#6974 = AXIS2_PLACEMENT_3D('',#6975,#6976,#6977);
#6975 = CARTESIAN_POINT('',(0.,176.2125,0.));
#6976 = DIRECTION('',(-0.,1.,0.));
#6977 = DIRECTION('',(0.,0.,1.));
#6978 = DEFINITIONAL_REPRESENTATION('',(#6979),#6983);
#6979 = LINE('',#6980,#6981);
#6980 = CARTESIAN_POINT('',(0.,0.));
#6981 = VECTOR('',#6982,1.);
#6982 = DIRECTION('',(1.,0.));
#6983 = ( GEOMETRIC_REPRESENTATION_CONTEXT(2) 
PARAMETRIC_REPRESENTATION_CONTEXT() REPRESENTATION_CONTEXT('2D SPACE',''
  ) );
#6984 = ORIENTED_EDGE('',*,*,#6985,.F.);
#6985 = EDGE_CURVE('',#6897,#6958,#6986,.T.);
#6986 = SURFACE_CURVE('',#6987,(#6991,#6998),.PCURVE_S1.);
#6987 = LINE('',#6988,#6989);
#6988 = CARTESIAN_POINT('',(0.,0.,6.35));
#6989 = VECTOR('',#6990,25.4);
#6990 = DIRECTION('',(-0.,1.,0.));
#6991 = PCURVE('',#6905,#6992);
#6992 = DEFINITIONAL_REPRESENTATION('',(#6993),#6997);
#6993 = LINE('',#6994,#6995);
#6994 = CARTESIAN_POINT('',(6.35,0.));
#6995 = VECTOR('',#6996,1.);
#6996 = DIRECTION('',(0.,-1.));
#6997 = ( GEOMETRIC_REPRESENTATION_CONTEXT(2) 
PARAMETRIC_REPRESENTATION_CONTEXT() REPRESENTATION_CONTEXT('2D SPACE',''
  ) );
#6998 = PCURVE('',#6999,#7004);
#6999 = PLANE('',#7000);
#7000 = AXIS2_PLACEMENT_3D('',#7001,#7002,#7003);
#7001 = CARTESIAN_POINT('',(0.,0.,6.35));
#7002 = DIRECTION('',(0.,0.,1.));
#7003 = DIRECTION('',(1.,0.,-0.));
#7004 = DEFINITIONAL_REPRESENTATION('',(#7005),#7009);
#7005 = LINE('',#7006,#7007);
#7006 = CARTESIAN_POINT('',(0.,0.));
#7007 = VECTOR('',#7008,1.);
#7008 = DIRECTION('',(0.,1.));
#7009 = ( GEOMETRIC_REPRESENTATION_CONTEXT(2) 
PARAMETRIC_REPRESENTATION_CONTEXT() REPRESENTATION_CONTEXT('2D SPACE',''
  ) );
#7010 = ADVANCED_FACE('',(#7011),#7025,.T.);
#7011 = FACE_BOUND('',#7012,.T.);
#7012 = EDGE_LOOP('',(#7013,#7043,#7066,#7089));
#7013 = ORIENTED_EDGE('',*,*,#7014,.F.);
#7014 = EDGE_CURVE('',#7015,#7017,#7019,.T.);
#7015 = VERTEX_POINT('',#7016);
#7016 = CARTESIAN_POINT('',(354.0125,0.,0.));
#7017 = VERTEX_POINT('',#7018);
#7018 = CARTESIAN_POINT('',(354.0125,0.,6.35));
#7019 = SURFACE_CURVE('',#7020,(#7024,#7036),.PCURVE_S1.);
#7020 = LINE('',#7021,#7022);
#7021 = CARTESIAN_POINT('',(354.0125,0.,0.));
#7022 = VECTOR('',#7023,25.4);
#7023 = DIRECTION('',(0.,0.,1.));
#7024 = PCURVE('',#7025,#7030);
#7025 = PLANE('',#7026);
#7026 = AXIS2_PLACEMENT_3D('',#7027,#7028,#7029);
#7027 = CARTESIAN_POINT('',(354.0125,0.,0.));
#7028 = DIRECTION('',(1.,0.,-0.));
#7029 = DIRECTION('',(0.,0.,1.));
#7030 = DEFINITIONAL_REPRESENTATION('',(#7031),#7035);
#7031 = LINE('',#7032,#7033);
#7032 = CARTESIAN_POINT('',(0.,0.));
#7033 = VECTOR('',#7034,1.);
#7034 = DIRECTION('',(1.,0.));
#7035 = ( GEOMETRIC_REPRESENTATION_CONTEXT(2) 
PARAMETRIC_REPRESENTATION_CONTEXT() REPRESENTATION_CONTEXT('2D SPACE',''
  ) );
#7036 = PCURVE('',#6917,#7037);
#7037 = DEFINITIONAL_REPRESENTATION('',(#7038),#7042);
#7038 = LINE('',#7039,#7040);
#7039 = CARTESIAN_POINT('',(0.,354.0125));
#7040 = VECTOR('',#7041,1.);
#7041 = DIRECTION('',(1.,0.));
#7042 = ( GEOMETRIC_REPRESENTATION_CONTEXT(2) 
PARAMETRIC_REPRESENTATION_CONTEXT() REPRESENTATION_CONTEXT('2D SPACE',''
  ) );
#7043 = ORIENTED_EDGE('',*,*,#7044,.T.);
#7044 = EDGE_CURVE('',#7015,#7045,#7047,.T.);
#7045 = VERTEX_POINT('',#7046);
#7046 = CARTESIAN_POINT('',(354.0125,176.2125,0.));
#7047 = SURFACE_CURVE('',#7048,(#7052,#7059),.PCURVE_S1.);
#7048 = LINE('',#7049,#7050);
#7049 = CARTESIAN_POINT('',(354.0125,0.,0.));
#7050 = VECTOR('',#7051,25.4);
#7051 = DIRECTION('',(-0.,1.,0.));
#7052 = PCURVE('',#7025,#7053);
#7053 = DEFINITIONAL_REPRESENTATION('',(#7054),#7058);
#7054 = LINE('',#7055,#7056);
#7055 = CARTESIAN_POINT('',(0.,0.));
#7056 = VECTOR('',#7057,1.);
#7057 = DIRECTION('',(0.,-1.));
#7058 = ( GEOMETRIC_REPRESENTATION_CONTEXT(2) 
PARAMETRIC_REPRESENTATION_CONTEXT() REPRESENTATION_CONTEXT('2D SPACE',''
  ) );
#7059 = PCURVE('',#6945,#7060);
#7060 = DEFINITIONAL_REPRESENTATION('',(#7061),#7065);
#7061 = LINE('',#7062,#7063);
#7062 = CARTESIAN_POINT('',(354.0125,0.));
#7063 = VECTOR('',#7064,1.);
#7064 = DIRECTION('',(0.,1.));
#7065 = ( GEOMETRIC_REPRESENTATION_CONTEXT(2) 
PARAMETRIC_REPRESENTATION_CONTEXT() REPRESENTATION_CONTEXT('2D SPACE',''
  ) );
#7066 = ORIENTED_EDGE('',*,*,#7067,.T.);
#7067 = EDGE_CURVE('',#7045,#7068,#7070,.T.);
#7068 = VERTEX_POINT('',#7069);
#7069 = CARTESIAN_POINT('',(354.0125,176.2125,6.35));
#7070 = SURFACE_CURVE('',#7071,(#7075,#7082),.PCURVE_S1.);
#7071 = LINE('',#7072,#7073);
#7072 = CARTESIAN_POINT('',(354.0125,176.2125,0.));
#7073 = VECTOR('',#7074,25.4);
#7074 = DIRECTION('',(0.,0.,1.));
#7075 = PCURVE('',#7025,#7076);
#7076 = DEFINITIONAL_REPRESENTATION('',(#7077),#7081);
#7077 = LINE('',#7078,#7079);
#7078 = CARTESIAN_POINT('',(0.,-176.2125));
#7079 = VECTOR('',#7080,1.);
#7080 = DIRECTION('',(1.,0.));
#7081 = ( GEOMETRIC_REPRESENTATION_CONTEXT(2) 
PARAMETRIC_REPRESENTATION_CONTEXT() REPRESENTATION_CONTEXT('2D SPACE',''
  ) );
#7082 = PCURVE('',#6973,#7083);
#7083 = DEFINITIONAL_REPRESENTATION('',(#7084),#7088);
#7084 = LINE('',#7085,#7086);
#7085 = CARTESIAN_POINT('',(0.,354.0125));
#7086 = VECTOR('',#7087,1.);
#7087 = DIRECTION('',(1.,0.));
#7088 = ( GEOMETRIC_REPRESENTATION_CONTEXT(2) 
PARAMETRIC_REPRESENTATION_CONTEXT() REPRESENTATION_CONTEXT('2D SPACE',''
  ) );
#7089 = ORIENTED_EDGE('',*,*,#7090,.F.);
#7090 = EDGE_CURVE('',#7017,#7068,#7091,.T.);
#7091 = SURFACE_CURVE('',#7092,(#7096,#7103),.PCURVE_S1.);
#7092 = LINE('',#7093,#7094);
#7093 = CARTESIAN_POINT('',(354.0125,0.,6.35));
#7094 = VECTOR('',#7095,25.4);
#7095 = DIRECTION('',(-0.,1.,0.));
#7096 = PCURVE('',#7025,#7097);
#7097 = DEFINITIONAL_REPRESENTATION('',(#7098),#7102);
#7098 = LINE('',#7099,#7100);
#7099 = CARTESIAN_POINT('',(6.35,0.));
#7100 = VECTOR('',#7101,1.);
#7101 = DIRECTION('',(0.,-1.));
#7102 = ( GEOMETRIC_REPRESENTATION_CONTEXT(2) 
PARAMETRIC_REPRESENTATION_CONTEXT() REPRESENTATION_CONTEXT('2D SPACE',''
  ) );
#7103 = PCURVE('',#6999,#7104);
#7104 = DEFINITIONAL_REPRESENTATION('',(#7105),#7109);
#7105 = LINE('',#7106,#7107);
#7106 = CARTESIAN_POINT('',(354.0125,0.));
#7107 = VECTOR('',#7108,1.);
#7108 = DIRECTION('',(0.,1.));
#7109 = ( GEOMETRIC_REPRESENTATION_CONTEXT(2) 
PARAMETRIC_REPRESENTATION_CONTEXT() REPRESENTATION_CONTEXT('2D SPACE',''
  ) );
#7110 = ADVANCED_FACE('',(#7111),#6917,.F.);
#7111 = FACE_BOUND('',#7112,.F.);
#7112 = EDGE_LOOP('',(#7113,#7134,#7135,#7156));
#7113 = ORIENTED_EDGE('',*,*,#7114,.F.);
#7114 = EDGE_CURVE('',#6895,#7015,#7115,.T.);
#7115 = SURFACE_CURVE('',#7116,(#7120,#7127),.PCURVE_S1.);
#7116 = LINE('',#7117,#7118);
#7117 = CARTESIAN_POINT('',(0.,0.,0.));
#7118 = VECTOR('',#7119,25.4);
#7119 = DIRECTION('',(1.,0.,-0.));
#7120 = PCURVE('',#6917,#7121);
#7121 = DEFINITIONAL_REPRESENTATION('',(#7122),#7126);
#7122 = LINE('',#7123,#7124);
#7123 = CARTESIAN_POINT('',(0.,0.));
#7124 = VECTOR('',#7125,1.);
#7125 = DIRECTION('',(0.,1.));
#7126 = ( GEOMETRIC_REPRESENTATION_CONTEXT(2) 
PARAMETRIC_REPRESENTATION_CONTEXT() REPRESENTATION_CONTEXT('2D SPACE',''
  ) );
#7127 = PCURVE('',#6945,#7128);
#7128 = DEFINITIONAL_REPRESENTATION('',(#7129),#7133);
#7129 = LINE('',#7130,#7131);
#7130 = CARTESIAN_POINT('',(0.,0.));
#7131 = VECTOR('',#7132,1.);
#7132 = DIRECTION('',(1.,0.));
#7133 = ( GEOMETRIC_REPRESENTATION_CONTEXT(2) 
PARAMETRIC_REPRESENTATION_CONTEXT() REPRESENTATION_CONTEXT('2D SPACE',''
  ) );
#7134 = ORIENTED_EDGE('',*,*,#6894,.T.);
#7135 = ORIENTED_EDGE('',*,*,#7136,.T.);
#7136 = EDGE_CURVE('',#6897,#7017,#7137,.T.);
#7137 = SURFACE_CURVE('',#7138,(#7142,#7149),.PCURVE_S1.);
#7138 = LINE('',#7139,#7140);
#7139 = CARTESIAN_POINT('',(0.,0.,6.35));
#7140 = VECTOR('',#7141,25.4);
#7141 = DIRECTION('',(1.,0.,-0.));
#7142 = PCURVE('',#6917,#7143);
#7143 = DEFINITIONAL_REPRESENTATION('',(#7144),#7148);
#7144 = LINE('',#7145,#7146);
#7145 = CARTESIAN_POINT('',(6.35,0.));
#7146 = VECTOR('',#7147,1.);
#7147 = DIRECTION('',(0.,1.));
#7148 = ( GEOMETRIC_REPRESENTATION_CONTEXT(2) 
PARAMETRIC_REPRESENTATION_CONTEXT() REPRESENTATION_CONTEXT('2D SPACE',''
  ) );
#7149 = PCURVE('',#6999,#7150);
#7150 = DEFINITIONAL_REPRESENTATION('',(#7151),#7155);
#7151 = LINE('',#7152,#7153);
#7152 = CARTESIAN_POINT('',(0.,0.));
#7153 = VECTOR('',#7154,1.);
#7154 = DIRECTION('',(1.,0.));
#7155 = ( GEOMETRIC_REPRESENTATION_CONTEXT(2) 
PARAMETRIC_REPRESENTATION_CONTEXT() REPRESENTATION_CONTEXT('2D SPACE',''
  ) );
#7156 = ORIENTED_EDGE('',*,*,#7014,.F.);
#7157 = ADVANCED_FACE('',(#7158),#6973,.T.);
#7158 = FACE_BOUND('',#7159,.T.);
#7159 = EDGE_LOOP('',(#7160,#7181,#7182,#7203));
#7160 = ORIENTED_EDGE('',*,*,#7161,.F.);
#7161 = EDGE_CURVE('',#6930,#7045,#7162,.T.);
#7162 = SURFACE_CURVE('',#7163,(#7167,#7174),.PCURVE_S1.);
#7163 = LINE('',#7164,#7165);
#7164 = CARTESIAN_POINT('',(0.,176.2125,0.));
#7165 = VECTOR('',#7166,25.4);
#7166 = DIRECTION('',(1.,0.,-0.));
#7167 = PCURVE('',#6973,#7168);
#7168 = DEFINITIONAL_REPRESENTATION('',(#7169),#7173);
#7169 = LINE('',#7170,#7171);
#7170 = CARTESIAN_POINT('',(0.,0.));
#7171 = VECTOR('',#7172,1.);
#7172 = DIRECTION('',(0.,1.));
#7173 = ( GEOMETRIC_REPRESENTATION_CONTEXT(2) 
PARAMETRIC_REPRESENTATION_CONTEXT() REPRESENTATION_CONTEXT('2D SPACE',''
  ) );
#7174 = PCURVE('',#6945,#7175);
#7175 = DEFINITIONAL_REPRESENTATION('',(#7176),#7180);
#7176 = LINE('',#7177,#7178);
#7177 = CARTESIAN_POINT('',(0.,176.2125));
#7178 = VECTOR('',#7179,1.);
#7179 = DIRECTION('',(1.,0.));
#7180 = ( GEOMETRIC_REPRESENTATION_CONTEXT(2) 
PARAMETRIC_REPRESENTATION_CONTEXT() REPRESENTATION_CONTEXT('2D SPACE',''
  ) );
#7181 = ORIENTED_EDGE('',*,*,#6957,.T.);
#7182 = ORIENTED_EDGE('',*,*,#7183,.T.);
#7183 = EDGE_CURVE('',#6958,#7068,#7184,.T.);
#7184 = SURFACE_CURVE('',#7185,(#7189,#7196),.PCURVE_S1.);
#7185 = LINE('',#7186,#7187);
#7186 = CARTESIAN_POINT('',(0.,176.2125,6.35));
#7187 = VECTOR('',#7188,25.4);
#7188 = DIRECTION('',(1.,0.,-0.));
#7189 = PCURVE('',#6973,#7190);
#7190 = DEFINITIONAL_REPRESENTATION('',(#7191),#7195);
#7191 = LINE('',#7192,#7193);
#7192 = CARTESIAN_POINT('',(6.35,0.));
#7193 = VECTOR('',#7194,1.);
#7194 = DIRECTION('',(0.,1.));
#7195 = ( GEOMETRIC_REPRESENTATION_CONTEXT(2) 
PARAMETRIC_REPRESENTATION_CONTEXT() REPRESENTATION_CONTEXT('2D SPACE',''
  ) );
#7196 = PCURVE('',#6999,#7197);
#7197 = DEFINITIONAL_REPRESENTATION('',(#7198),#7202);
#7198 = LINE('',#7199,#7200);
#7199 = CARTESIAN_POINT('',(0.,176.2125));
#7200 = VECTOR('',#7201,1.);
#7201 = DIRECTION('',(1.,0.));
#7202 = ( GEOMETRIC_REPRESENTATION_CONTEXT(2) 
PARAMETRIC_REPRESENTATION_CONTEXT() REPRESENTATION_CONTEXT('2D SPACE',''
  ) );
#7203 = ORIENTED_EDGE('',*,*,#7067,.F.);
#7204 = ADVANCED_FACE('',(#7205),#6945,.F.);
#7205 = FACE_BOUND('',#7206,.F.);
#7206 = EDGE_LOOP('',(#7207,#7208,#7209,#7210));
#7207 = ORIENTED_EDGE('',*,*,#6929,.F.);
#7208 = ORIENTED_EDGE('',*,*,#7114,.T.);
#7209 = ORIENTED_EDGE('',*,*,#7044,.T.);
#7210 = ORIENTED_EDGE('',*,*,#7161,.F.);
#7211 = ADVANCED_FACE('',(#7212),#6999,.T.);
#7212 = FACE_BOUND('',#7213,.T.);
#7213 = EDGE_LOOP('',(#7214,#7215,#7216,#7217));
#7214 = ORIENTED_EDGE('',*,*,#6985,.F.);
#7215 = ORIENTED_EDGE('',*,*,#7136,.T.);
#7216 = ORIENTED_EDGE('',*,*,#7090,.T.);
#7217 = ORIENTED_EDGE('',*,*,#7183,.F.);
#7218 = ( GEOMETRIC_REPRESENTATION_CONTEXT(3) 
GLOBAL_UNCERTAINTY_ASSIGNED_CONTEXT((#7222)) 
GLOBAL_UNIT_ASSIGNED_CONTEXT((#7219,#7220,#7221)) REPRESENTATION_CONTEXT
('Context #1','3D Context with UNIT and UNCERTAINTY') );
#7219 = ( LENGTH_UNIT() NAMED_UNIT(*) SI_UNIT(.MILLI.,.METRE.) );
#7220 = ( NAMED_UNIT(*) PLANE_ANGLE_UNIT() SI_UNIT($,.RADIAN.) );
#7221 = ( NAMED_UNIT(*) SI_UNIT($,.STERADIAN.) SOLID_ANGLE_UNIT() );
#7222 = UNCERTAINTY_MEASURE_WITH_UNIT(LENGTH_MEASURE(2.54E-06),#7219,
  'distance_accuracy_value','confusion accuracy');
#7223 = CONTEXT_DEPENDENT_SHAPE_REPRESENTATION(#7224,#7226);
#7224 = ( REPRESENTATION_RELATIONSHIP('','',#6887,#10) 
REPRESENTATION_RELATIONSHIP_WITH_TRANSFORMATION(#7225) 
SHAPE_REPRESENTATION_RELATIONSHIP() );
#7225 = ITEM_DEFINED_TRANSFORMATION('','',#11,#63);
#7226 = PRODUCT_DEFINITION_SHAPE('Placement','Placement of an item',
  #7227);
#7227 = NEXT_ASSEMBLY_USAGE_OCCURRENCE('13','Shelf','',#5,#6882,$);
#7228 = PRODUCT_RELATED_PRODUCT_CATEGORY('part',$,(#6884));
#7229 = SHAPE_DEFINITION_REPRESENTATION(#7230,#7236);
#7230 = PRODUCT_DEFINITION_SHAPE('','',#7231);
#7231 = PRODUCT_DEFINITION('design','',#7232,#7235);
#7232 = PRODUCT_DEFINITION_FORMATION('','',#7233);
#7233 = PRODUCT('Shelf Bracket','Shelf Bracket','',(#7234));
#7234 = PRODUCT_CONTEXT('',#2,'mechanical');
#7235 = PRODUCT_DEFINITION_CONTEXT('part definition',#2,'design');
#7236 = ADVANCED_BREP_SHAPE_REPRESENTATION('',(#11,#7237),#7567);
#7237 = MANIFOLD_SOLID_BREP('',#7238);
#7238 = CLOSED_SHELL('',(#7239,#7359,#7459,#7506,#7553,#7560));
#7239 = ADVANCED_FACE('',(#7240),#7254,.F.);
#7240 = FACE_BOUND('',#7241,.F.);
#7241 = EDGE_LOOP('',(#7242,#7277,#7305,#7333));
#7242 = ORIENTED_EDGE('',*,*,#7243,.F.);
#7243 = EDGE_CURVE('',#7244,#7246,#7248,.T.);
#7244 = VERTEX_POINT('',#7245);
#7245 = CARTESIAN_POINT('',(0.,0.,0.));
#7246 = VERTEX_POINT('',#7247);
#7247 = CARTESIAN_POINT('',(0.,0.,6.35));
#7248 = SURFACE_CURVE('',#7249,(#7253,#7265),.PCURVE_S1.);
#7249 = LINE('',#7250,#7251);
#7250 = CARTESIAN_POINT('',(0.,0.,0.));
#7251 = VECTOR('',#7252,25.4);
#7252 = DIRECTION('',(0.,0.,1.));
#7253 = PCURVE('',#7254,#7259);
#7254 = PLANE('',#7255);
#7255 = AXIS2_PLACEMENT_3D('',#7256,#7257,#7258);
#7256 = CARTESIAN_POINT('',(0.,0.,0.));
#7257 = DIRECTION('',(1.,0.,-0.));
#7258 = DIRECTION('',(0.,0.,1.));
#7259 = DEFINITIONAL_REPRESENTATION('',(#7260),#7264);
#7260 = LINE('',#7261,#7262);
#7261 = CARTESIAN_POINT('',(0.,0.));
#7262 = VECTOR('',#7263,1.);
#7263 = DIRECTION('',(1.,0.));
#7264 = ( GEOMETRIC_REPRESENTATION_CONTEXT(2) 
PARAMETRIC_REPRESENTATION_CONTEXT() REPRESENTATION_CONTEXT('2D SPACE',''
  ) );
#7265 = PCURVE('',#7266,#7271);
#7266 = PLANE('',#7267);
#7267 = AXIS2_PLACEMENT_3D('',#7268,#7269,#7270);
#7268 = CARTESIAN_POINT('',(0.,0.,0.));
#7269 = DIRECTION('',(-0.,1.,0.));
#7270 = DIRECTION('',(0.,0.,1.));
#7271 = DEFINITIONAL_REPRESENTATION('',(#7272),#7276);
#7272 = LINE('',#7273,#7274);
#7273 = CARTESIAN_POINT('',(0.,0.));
#7274 = VECTOR('',#7275,1.);
#7275 = DIRECTION('',(1.,0.));
#7276 = ( GEOMETRIC_REPRESENTATION_CONTEXT(2) 
PARAMETRIC_REPRESENTATION_CONTEXT() REPRESENTATION_CONTEXT('2D SPACE',''
  ) );
#7277 = ORIENTED_EDGE('',*,*,#7278,.T.);
#7278 = EDGE_CURVE('',#7244,#7279,#7281,.T.);
#7279 = VERTEX_POINT('',#7280);
#7280 = CARTESIAN_POINT('',(0.,50.8,0.));
#7281 = SURFACE_CURVE('',#7282,(#7286,#7293),.PCURVE_S1.);
#7282 = LINE('',#7283,#7284);
#7283 = CARTESIAN_POINT('',(0.,0.,0.));
#7284 = VECTOR('',#7285,25.4);
#7285 = DIRECTION('',(-0.,1.,0.));
#7286 = PCURVE('',#7254,#7287);
#7287 = DEFINITIONAL_REPRESENTATION('',(#7288),#7292);
#7288 = LINE('',#7289,#7290);
#7289 = CARTESIAN_POINT('',(0.,0.));
#7290 = VECTOR('',#7291,1.);
#7291 = DIRECTION('',(0.,-1.));
#7292 = ( GEOMETRIC_REPRESENTATION_CONTEXT(2) 
PARAMETRIC_REPRESENTATION_CONTEXT() REPRESENTATION_CONTEXT('2D SPACE',''
  ) );
#7293 = PCURVE('',#7294,#7299);
#7294 = PLANE('',#7295);
#7295 = AXIS2_PLACEMENT_3D('',#7296,#7297,#7298);
#7296 = CARTESIAN_POINT('',(0.,0.,0.));
#7297 = DIRECTION('',(0.,0.,1.));
#7298 = DIRECTION('',(1.,0.,-0.));
#7299 = DEFINITIONAL_REPRESENTATION('',(#7300),#7304);
#7300 = LINE('',#7301,#7302);
#7301 = CARTESIAN_POINT('',(0.,0.));
#7302 = VECTOR('',#7303,1.);
#7303 = DIRECTION('',(0.,1.));
#7304 = ( GEOMETRIC_REPRESENTATION_CONTEXT(2) 
PARAMETRIC_REPRESENTATION_CONTEXT() REPRESENTATION_CONTEXT('2D SPACE',''
  ) );
#7305 = ORIENTED_EDGE('',*,*,#7306,.T.);
#7306 = EDGE_CURVE('',#7279,#7307,#7309,.T.);
#7307 = VERTEX_POINT('',#7308);
#7308 = CARTESIAN_POINT('',(0.,50.8,6.35));
#7309 = SURFACE_CURVE('',#7310,(#7314,#7321),.PCURVE_S1.);
#7310 = LINE('',#7311,#7312);
#7311 = CARTESIAN_POINT('',(0.,50.8,0.));
#7312 = VECTOR('',#7313,25.4);
#7313 = DIRECTION('',(0.,0.,1.));
#7314 = PCURVE('',#7254,#7315);
#7315 = DEFINITIONAL_REPRESENTATION('',(#7316),#7320);
#7316 = LINE('',#7317,#7318);
#7317 = CARTESIAN_POINT('',(0.,-50.8));
#7318 = VECTOR('',#7319,1.);
#7319 = DIRECTION('',(1.,0.));
#7320 = ( GEOMETRIC_REPRESENTATION_CONTEXT(2) 
PARAMETRIC_REPRESENTATION_CONTEXT() REPRESENTATION_CONTEXT('2D SPACE',''
  ) );
#7321 = PCURVE('',#7322,#7327);
#7322 = PLANE('',#7323);
#7323 = AXIS2_PLACEMENT_3D('',#7324,#7325,#7326);
#7324 = CARTESIAN_POINT('',(0.,50.8,0.));
#7325 = DIRECTION('',(-0.,1.,0.));
#7326 = DIRECTION('',(0.,0.,1.));
#7327 = DEFINITIONAL_REPRESENTATION('',(#7328),#7332);
#7328 = LINE('',#7329,#7330);
#7329 = CARTESIAN_POINT('',(0.,0.));
#7330 = VECTOR('',#7331,1.);
#7331 = DIRECTION('',(1.,0.));
#7332 = ( GEOMETRIC_REPRESENTATION_CONTEXT(2) 
PARAMETRIC_REPRESENTATION_CONTEXT() REPRESENTATION_CONTEXT('2D SPACE',''
  ) );
#7333 = ORIENTED_EDGE('',*,*,#7334,.F.);
#7334 = EDGE_CURVE('',#7246,#7307,#7335,.T.);
#7335 = SURFACE_CURVE('',#7336,(#7340,#7347),.PCURVE_S1.);
#7336 = LINE('',#7337,#7338);
#7337 = CARTESIAN_POINT('',(0.,0.,6.35));
#7338 = VECTOR('',#7339,25.4);
#7339 = DIRECTION('',(-0.,1.,0.));
#7340 = PCURVE('',#7254,#7341);
#7341 = DEFINITIONAL_REPRESENTATION('',(#7342),#7346);
#7342 = LINE('',#7343,#7344);
#7343 = CARTESIAN_POINT('',(6.35,0.));
#7344 = VECTOR('',#7345,1.);
#7345 = DIRECTION('',(0.,-1.));
#7346 = ( GEOMETRIC_REPRESENTATION_CONTEXT(2) 
PARAMETRIC_REPRESENTATION_CONTEXT() REPRESENTATION_CONTEXT('2D SPACE',''
  ) );
#7347 = PCURVE('',#7348,#7353);
#7348 = PLANE('',#7349);
#7349 = AXIS2_PLACEMENT_3D('',#7350,#7351,#7352);
#7350 = CARTESIAN_POINT('',(0.,0.,6.35));
#7351 = DIRECTION('',(0.,0.,1.));
#7352 = DIRECTION('',(1.,0.,-0.));
#7353 = DEFINITIONAL_REPRESENTATION('',(#7354),#7358);
#7354 = LINE('',#7355,#7356);
#7355 = CARTESIAN_POINT('',(0.,0.));
#7356 = VECTOR('',#7357,1.);
#7357 = DIRECTION('',(0.,1.));
#7358 = ( GEOMETRIC_REPRESENTATION_CONTEXT(2) 
PARAMETRIC_REPRESENTATION_CONTEXT() REPRESENTATION_CONTEXT('2D SPACE',''
  ) );
#7359 = ADVANCED_FACE('',(#7360),#7374,.T.);
#7360 = FACE_BOUND('',#7361,.T.);
#7361 = EDGE_LOOP('',(#7362,#7392,#7415,#7438));
#7362 = ORIENTED_EDGE('',*,*,#7363,.F.);
#7363 = EDGE_CURVE('',#7364,#7366,#7368,.T.);
#7364 = VERTEX_POINT('',#7365);
#7365 = CARTESIAN_POINT('',(330.2,0.,0.));
#7366 = VERTEX_POINT('',#7367);
#7367 = CARTESIAN_POINT('',(330.2,0.,6.35));
#7368 = SURFACE_CURVE('',#7369,(#7373,#7385),.PCURVE_S1.);
#7369 = LINE('',#7370,#7371);
#7370 = CARTESIAN_POINT('',(330.2,0.,0.));
#7371 = VECTOR('',#7372,25.4);
#7372 = DIRECTION('',(0.,0.,1.));
#7373 = PCURVE('',#7374,#7379);
#7374 = PLANE('',#7375);
#7375 = AXIS2_PLACEMENT_3D('',#7376,#7377,#7378);
#7376 = CARTESIAN_POINT('',(330.2,0.,0.));
#7377 = DIRECTION('',(1.,0.,-0.));
#7378 = DIRECTION('',(0.,0.,1.));
#7379 = DEFINITIONAL_REPRESENTATION('',(#7380),#7384);
#7380 = LINE('',#7381,#7382);
#7381 = CARTESIAN_POINT('',(0.,0.));
#7382 = VECTOR('',#7383,1.);
#7383 = DIRECTION('',(1.,0.));
#7384 = ( GEOMETRIC_REPRESENTATION_CONTEXT(2) 
PARAMETRIC_REPRESENTATION_CONTEXT() REPRESENTATION_CONTEXT('2D SPACE',''
  ) );
#7385 = PCURVE('',#7266,#7386);
#7386 = DEFINITIONAL_REPRESENTATION('',(#7387),#7391);
#7387 = LINE('',#7388,#7389);
#7388 = CARTESIAN_POINT('',(0.,330.2));
#7389 = VECTOR('',#7390,1.);
#7390 = DIRECTION('',(1.,0.));
#7391 = ( GEOMETRIC_REPRESENTATION_CONTEXT(2) 
PARAMETRIC_REPRESENTATION_CONTEXT() REPRESENTATION_CONTEXT('2D SPACE',''
  ) );
#7392 = ORIENTED_EDGE('',*,*,#7393,.T.);
#7393 = EDGE_CURVE('',#7364,#7394,#7396,.T.);
#7394 = VERTEX_POINT('',#7395);
#7395 = CARTESIAN_POINT('',(330.2,50.8,0.));
#7396 = SURFACE_CURVE('',#7397,(#7401,#7408),.PCURVE_S1.);
#7397 = LINE('',#7398,#7399);
#7398 = CARTESIAN_POINT('',(330.2,0.,0.));
#7399 = VECTOR('',#7400,25.4);
#7400 = DIRECTION('',(-0.,1.,0.));
#7401 = PCURVE('',#7374,#7402);
#7402 = DEFINITIONAL_REPRESENTATION('',(#7403),#7407);
#7403 = LINE('',#7404,#7405);
#7404 = CARTESIAN_POINT('',(0.,0.));
#7405 = VECTOR('',#7406,1.);
#7406 = DIRECTION('',(0.,-1.));
#7407 = ( GEOMETRIC_REPRESENTATION_CONTEXT(2) 
PARAMETRIC_REPRESENTATION_CONTEXT() REPRESENTATION_CONTEXT('2D SPACE',''
  ) );
#7408 = PCURVE('',#7294,#7409);
#7409 = DEFINITIONAL_REPRESENTATION('',(#7410),#7414);
#7410 = LINE('',#7411,#7412);
#7411 = CARTESIAN_POINT('',(330.2,0.));
#7412 = VECTOR('',#7413,1.);
#7413 = DIRECTION('',(0.,1.));
#7414 = ( GEOMETRIC_REPRESENTATION_CONTEXT(2) 
PARAMETRIC_REPRESENTATION_CONTEXT() REPRESENTATION_CONTEXT('2D SPACE',''
  ) );
#7415 = ORIENTED_EDGE('',*,*,#7416,.T.);
#7416 = EDGE_CURVE('',#7394,#7417,#7419,.T.);
#7417 = VERTEX_POINT('',#7418);
#7418 = CARTESIAN_POINT('',(330.2,50.8,6.35));
#7419 = SURFACE_CURVE('',#7420,(#7424,#7431),.PCURVE_S1.);
#7420 = LINE('',#7421,#7422);
#7421 = CARTESIAN_POINT('',(330.2,50.8,0.));
#7422 = VECTOR('',#7423,25.4);
#7423 = DIRECTION('',(0.,0.,1.));
#7424 = PCURVE('',#7374,#7425);
#7425 = DEFINITIONAL_REPRESENTATION('',(#7426),#7430);
#7426 = LINE('',#7427,#7428);
#7427 = CARTESIAN_POINT('',(0.,-50.8));
#7428 = VECTOR('',#7429,1.);
#7429 = DIRECTION('',(1.,0.));
#7430 = ( GEOMETRIC_REPRESENTATION_CONTEXT(2) 
PARAMETRIC_REPRESENTATION_CONTEXT() REPRESENTATION_CONTEXT('2D SPACE',''
  ) );
#7431 = PCURVE('',#7322,#7432);
#7432 = DEFINITIONAL_REPRESENTATION('',(#7433),#7437);
#7433 = LINE('',#7434,#7435);
#7434 = CARTESIAN_POINT('',(0.,330.2));
#7435 = VECTOR('',#7436,1.);
#7436 = DIRECTION('',(1.,0.));
#7437 = ( GEOMETRIC_REPRESENTATION_CONTEXT(2) 
PARAMETRIC_REPRESENTATION_CONTEXT() REPRESENTATION_CONTEXT('2D SPACE',''
  ) );
#7438 = ORIENTED_EDGE('',*,*,#7439,.F.);
#7439 = EDGE_CURVE('',#7366,#7417,#7440,.T.);
#7440 = SURFACE_CURVE('',#7441,(#7445,#7452),.PCURVE_S1.);
#7441 = LINE('',#7442,#7443);
#7442 = CARTESIAN_POINT('',(330.2,0.,6.35));
#7443 = VECTOR('',#7444,25.4);
#7444 = DIRECTION('',(-0.,1.,0.));
#7445 = PCURVE('',#7374,#7446);
#7446 = DEFINITIONAL_REPRESENTATION('',(#7447),#7451);
#7447 = LINE('',#7448,#7449);
#7448 = CARTESIAN_POINT('',(6.35,0.));
#7449 = VECTOR('',#7450,1.);
#7450 = DIRECTION('',(0.,-1.));
#7451 = ( GEOMETRIC_REPRESENTATION_CONTEXT(2) 
PARAMETRIC_REPRESENTATION_CONTEXT() REPRESENTATION_CONTEXT('2D SPACE',''
  ) );
#7452 = PCURVE('',#7348,#7453);
#7453 = DEFINITIONAL_REPRESENTATION('',(#7454),#7458);
#7454 = LINE('',#7455,#7456);
#7455 = CARTESIAN_POINT('',(330.2,0.));
#7456 = VECTOR('',#7457,1.);
#7457 = DIRECTION('',(0.,1.));
#7458 = ( GEOMETRIC_REPRESENTATION_CONTEXT(2) 
PARAMETRIC_REPRESENTATION_CONTEXT() REPRESENTATION_CONTEXT('2D SPACE',''
  ) );
#7459 = ADVANCED_FACE('',(#7460),#7266,.F.);
#7460 = FACE_BOUND('',#7461,.F.);
#7461 = EDGE_LOOP('',(#7462,#7483,#7484,#7505));
#7462 = ORIENTED_EDGE('',*,*,#7463,.F.);
#7463 = EDGE_CURVE('',#7244,#7364,#7464,.T.);
#7464 = SURFACE_CURVE('',#7465,(#7469,#7476),.PCURVE_S1.);
#7465 = LINE('',#7466,#7467);
#7466 = CARTESIAN_POINT('',(0.,0.,0.));
#7467 = VECTOR('',#7468,25.4);
#7468 = DIRECTION('',(1.,0.,-0.));
#7469 = PCURVE('',#7266,#7470);
#7470 = DEFINITIONAL_REPRESENTATION('',(#7471),#7475);
#7471 = LINE('',#7472,#7473);
#7472 = CARTESIAN_POINT('',(0.,0.));
#7473 = VECTOR('',#7474,1.);
#7474 = DIRECTION('',(0.,1.));
#7475 = ( GEOMETRIC_REPRESENTATION_CONTEXT(2) 
PARAMETRIC_REPRESENTATION_CONTEXT() REPRESENTATION_CONTEXT('2D SPACE',''
  ) );
#7476 = PCURVE('',#7294,#7477);
#7477 = DEFINITIONAL_REPRESENTATION('',(#7478),#7482);
#7478 = LINE('',#7479,#7480);
#7479 = CARTESIAN_POINT('',(0.,0.));
#7480 = VECTOR('',#7481,1.);
#7481 = DIRECTION('',(1.,0.));
#7482 = ( GEOMETRIC_REPRESENTATION_CONTEXT(2) 
PARAMETRIC_REPRESENTATION_CONTEXT() REPRESENTATION_CONTEXT('2D SPACE',''
  ) );
#7483 = ORIENTED_EDGE('',*,*,#7243,.T.);
#7484 = ORIENTED_EDGE('',*,*,#7485,.T.);
#7485 = EDGE_CURVE('',#7246,#7366,#7486,.T.);
#7486 = SURFACE_CURVE('',#7487,(#7491,#7498),.PCURVE_S1.);
#7487 = LINE('',#7488,#7489);
#7488 = CARTESIAN_POINT('',(0.,0.,6.35));
#7489 = VECTOR('',#7490,25.4);
#7490 = DIRECTION('',(1.,0.,-0.));
#7491 = PCURVE('',#7266,#7492);
#7492 = DEFINITIONAL_REPRESENTATION('',(#7493),#7497);
#7493 = LINE('',#7494,#7495);
#7494 = CARTESIAN_POINT('',(6.35,0.));
#7495 = VECTOR('',#7496,1.);
#7496 = DIRECTION('',(0.,1.));
#7497 = ( GEOMETRIC_REPRESENTATION_CONTEXT(2) 
PARAMETRIC_REPRESENTATION_CONTEXT() REPRESENTATION_CONTEXT('2D SPACE',''
  ) );
#7498 = PCURVE('',#7348,#7499);
#7499 = DEFINITIONAL_REPRESENTATION('',(#7500),#7504);
#7500 = LINE('',#7501,#7502);
#7501 = CARTESIAN_POINT('',(0.,0.));
#7502 = VECTOR('',#7503,1.);
#7503 = DIRECTION('',(1.,0.));
#7504 = ( GEOMETRIC_REPRESENTATION_CONTEXT(2) 
PARAMETRIC_REPRESENTATION_CONTEXT() REPRESENTATION_CONTEXT('2D SPACE',''
  ) );
#7505 = ORIENTED_EDGE('',*,*,#7363,.F.);
#7506 = ADVANCED_FACE('',(#7507),#7322,.T.);
#7507 = FACE_BOUND('',#7508,.T.);
#7508 = EDGE_LOOP('',(#7509,#7530,#7531,#7552));
#7509 = ORIENTED_EDGE('',*,*,#7510,.F.);
#7510 = EDGE_CURVE('',#7279,#7394,#7511,.T.);
#7511 = SURFACE_CURVE('',#7512,(#7516,#7523),.PCURVE_S1.);
#7512 = LINE('',#7513,#7514);
#7513 = CARTESIAN_POINT('',(0.,50.8,0.));
#7514 = VECTOR('',#7515,25.4);
#7515 = DIRECTION('',(1.,0.,-0.));
#7516 = PCURVE('',#7322,#7517);
#7517 = DEFINITIONAL_REPRESENTATION('',(#7518),#7522);
#7518 = LINE('',#7519,#7520);
#7519 = CARTESIAN_POINT('',(0.,0.));
#7520 = VECTOR('',#7521,1.);
#7521 = DIRECTION('',(0.,1.));
#7522 = ( GEOMETRIC_REPRESENTATION_CONTEXT(2) 
PARAMETRIC_REPRESENTATION_CONTEXT() REPRESENTATION_CONTEXT('2D SPACE',''
  ) );
#7523 = PCURVE('',#7294,#7524);
#7524 = DEFINITIONAL_REPRESENTATION('',(#7525),#7529);
#7525 = LINE('',#7526,#7527);
#7526 = CARTESIAN_POINT('',(0.,50.8));
#7527 = VECTOR('',#7528,1.);
#7528 = DIRECTION('',(1.,0.));
#7529 = ( GEOMETRIC_REPRESENTATION_CONTEXT(2) 
PARAMETRIC_REPRESENTATION_CONTEXT() REPRESENTATION_CONTEXT('2D SPACE',''
  ) );
#7530 = ORIENTED_EDGE('',*,*,#7306,.T.);
#7531 = ORIENTED_EDGE('',*,*,#7532,.T.);
#7532 = EDGE_CURVE('',#7307,#7417,#7533,.T.);
#7533 = SURFACE_CURVE('',#7534,(#7538,#7545),.PCURVE_S1.);
#7534 = LINE('',#7535,#7536);
#7535 = CARTESIAN_POINT('',(0.,50.8,6.35));
#7536 = VECTOR('',#7537,25.4);
#7537 = DIRECTION('',(1.,0.,-0.));
#7538 = PCURVE('',#7322,#7539);
#7539 = DEFINITIONAL_REPRESENTATION('',(#7540),#7544);
#7540 = LINE('',#7541,#7542);
#7541 = CARTESIAN_POINT('',(6.35,0.));
#7542 = VECTOR('',#7543,1.);
#7543 = DIRECTION('',(0.,1.));
#7544 = ( GEOMETRIC_REPRESENTATION_CONTEXT(2) 
PARAMETRIC_REPRESENTATION_CONTEXT() REPRESENTATION_CONTEXT('2D SPACE',''
  ) );
#7545 = PCURVE('',#7348,#7546);
#7546 = DEFINITIONAL_REPRESENTATION('',(#7547),#7551);
#7547 = LINE('',#7548,#7549);
#7548 = CARTESIAN_POINT('',(0.,50.8));
#7549 = VECTOR('',#7550,1.);
#7550 = DIRECTION('',(1.,0.));
#7551 = ( GEOMETRIC_REPRESENTATION_CONTEXT(2) 
PARAMETRIC_REPRESENTATION_CONTEXT() REPRESENTATION_CONTEXT('2D SPACE',''
  ) );
#7552 = ORIENTED_EDGE('',*,*,#7416,.F.);
#7553 = ADVANCED_FACE('',(#7554),#7294,.F.);
#7554 = FACE_BOUND('',#7555,.F.);
#7555 = EDGE_LOOP('',(#7556,#7557,#7558,#7559));
#7556 = ORIENTED_EDGE('',*,*,#7278,.F.);
#7557 = ORIENTED_EDGE('',*,*,#7463,.T.);
#7558 = ORIENTED_EDGE('',*,*,#7393,.T.);
#7559 = ORIENTED_EDGE('',*,*,#7510,.F.);
#7560 = ADVANCED_FACE('',(#7561),#7348,.T.);
#7561 = FACE_BOUND('',#7562,.T.);
#7562 = EDGE_LOOP('',(#7563,#7564,#7565,#7566));
#7563 = ORIENTED_EDGE('',*,*,#7334,.F.);
#7564 = ORIENTED_EDGE('',*,*,#7485,.T.);
#7565 = ORIENTED_EDGE('',*,*,#7439,.T.);
#7566 = ORIENTED_EDGE('',*,*,#7532,.F.);
#7567 = ( GEOMETRIC_REPRESENTATION_CONTEXT(3) 
GLOBAL_UNCERTAINTY_ASSIGNED_CONTEXT((#7571)) 
GLOBAL_UNIT_ASSIGNED_CONTEXT((#7568,#7569,#7570)) REPRESENTATION_CONTEXT
('Context #1','3D Context with UNIT and UNCERTAINTY') );
#7568 = ( LENGTH_UNIT() NAMED_UNIT(*) SI_UNIT(.MILLI.,.METRE.) );
#7569 = ( NAMED_UNIT(*) PLANE_ANGLE_UNIT() SI_UNIT($,.RADIAN.) );
#7570 = ( NAMED_UNIT(*) SI_UNIT($,.STERADIAN.) SOLID_ANGLE_UNIT() );
#7571 = UNCERTAINTY_MEASURE_WITH_UNIT(LENGTH_MEASURE(2.54E-06),#7568,
  'distance_accuracy_value','confusion accuracy');
#7572 = CONTEXT_DEPENDENT_SHAPE_REPRESENTATION(#7573,#7575);
#7573 = ( REPRESENTATION_RELATIONSHIP('','',#7236,#10) 
REPRESENTATION_RELATIONSHIP_WITH_TRANSFORMATION(#7574) 
SHAPE_REPRESENTATION_RELATIONSHIP() );
#7574 = ITEM_DEFINED_TRANSFORMATION('','',#11,#67);
#7575 = PRODUCT_DEFINITION_SHAPE('Placement','Placement of an item',
  #7576);
#7576 = NEXT_ASSEMBLY_USAGE_OCCURRENCE('14','Shelf Bracket','',#5,#7231,
  $);
#7577 = PRODUCT_RELATED_PRODUCT_CATEGORY('part',$,(#7233));
#7578 = SHAPE_DEFINITION_REPRESENTATION(#7579,#7585);
#7579 = PRODUCT_DEFINITION_SHAPE('','',#7580);
#7580 = PRODUCT_DEFINITION('design','',#7581,#7584);
#7581 = PRODUCT_DEFINITION_FORMATION('','',#7582);
#7582 = PRODUCT('Shelf Bracket (mirror)','Shelf Bracket (mirror)','',(
    #7583));
#7583 = PRODUCT_CONTEXT('',#2,'mechanical');
#7584 = PRODUCT_DEFINITION_CONTEXT('part definition',#2,'design');
#7585 = ADVANCED_BREP_SHAPE_REPRESENTATION('',(#11,#7586),#7916);
#7586 = MANIFOLD_SOLID_BREP('',#7587);
#7587 = CLOSED_SHELL('',(#7588,#7708,#7808,#7855,#7902,#7909));
#7588 = ADVANCED_FACE('',(#7589),#7603,.F.);
#7589 = FACE_BOUND('',#7590,.T.);
#7590 = EDGE_LOOP('',(#7591,#7626,#7654,#7682));
#7591 = ORIENTED_EDGE('',*,*,#7592,.F.);
#7592 = EDGE_CURVE('',#7593,#7595,#7597,.T.);
#7593 = VERTEX_POINT('',#7594);
#7594 = CARTESIAN_POINT('',(0.,0.,139.7));
#7595 = VERTEX_POINT('',#7596);
#7596 = CARTESIAN_POINT('',(0.,0.,133.35));
#7597 = SURFACE_CURVE('',#7598,(#7602,#7614),.PCURVE_S1.);
#7598 = LINE('',#7599,#7600);
#7599 = CARTESIAN_POINT('',(0.,0.,139.7));
#7600 = VECTOR('',#7601,25.4);
#7601 = DIRECTION('',(-0.,4.440892098501E-16,-1.));
#7602 = PCURVE('',#7603,#7608);
#7603 = PLANE('',#7604);
#7604 = AXIS2_PLACEMENT_3D('',#7605,#7606,#7607);
#7605 = CARTESIAN_POINT('',(0.,0.,139.7));
#7606 = DIRECTION('',(1.,-0.,-0.));
#7607 = DIRECTION('',(0.,-4.440892098501E-16,1.));
#7608 = DEFINITIONAL_REPRESENTATION('',(#7609),#7613);
#7609 = LINE('',#7610,#7611);
#7610 = CARTESIAN_POINT('',(-0.,-0.));
#7611 = VECTOR('',#7612,1.);
#7612 = DIRECTION('',(-1.,0.));
#7613 = ( GEOMETRIC_REPRESENTATION_CONTEXT(2) 
PARAMETRIC_REPRESENTATION_CONTEXT() REPRESENTATION_CONTEXT('2D SPACE',''
  ) );
#7614 = PCURVE('',#7615,#7620);
#7615 = PLANE('',#7616);
#7616 = AXIS2_PLACEMENT_3D('',#7617,#7618,#7619);
#7617 = CARTESIAN_POINT('',(0.,0.,139.7));
#7618 = DIRECTION('',(-0.,1.,4.440892098501E-16));
#7619 = DIRECTION('',(0.,-4.440892098501E-16,1.));
#7620 = DEFINITIONAL_REPRESENTATION('',(#7621),#7625);
#7621 = LINE('',#7622,#7623);
#7622 = CARTESIAN_POINT('',(-0.,0.));
#7623 = VECTOR('',#7624,1.);
#7624 = DIRECTION('',(-1.,0.));
#7625 = ( GEOMETRIC_REPRESENTATION_CONTEXT(2) 
PARAMETRIC_REPRESENTATION_CONTEXT() REPRESENTATION_CONTEXT('2D SPACE',''
  ) );
#7626 = ORIENTED_EDGE('',*,*,#7627,.T.);
#7627 = EDGE_CURVE('',#7593,#7628,#7630,.T.);
#7628 = VERTEX_POINT('',#7629);
#7629 = CARTESIAN_POINT('',(0.,50.8,139.7));
#7630 = SURFACE_CURVE('',#7631,(#7635,#7642),.PCURVE_S1.);
#7631 = LINE('',#7632,#7633);
#7632 = CARTESIAN_POINT('',(0.,0.,139.7));
#7633 = VECTOR('',#7634,25.4);
#7634 = DIRECTION('',(-0.,1.,4.440892098501E-16));
#7635 = PCURVE('',#7603,#7636);
#7636 = DEFINITIONAL_REPRESENTATION('',(#7637),#7641);
#7637 = LINE('',#7638,#7639);
#7638 = CARTESIAN_POINT('',(-0.,-0.));
#7639 = VECTOR('',#7640,1.);
#7640 = DIRECTION('',(-0.,-1.));
#7641 = ( GEOMETRIC_REPRESENTATION_CONTEXT(2) 
PARAMETRIC_REPRESENTATION_CONTEXT() REPRESENTATION_CONTEXT('2D SPACE',''
  ) );
#7642 = PCURVE('',#7643,#7648);
#7643 = PLANE('',#7644);
#7644 = AXIS2_PLACEMENT_3D('',#7645,#7646,#7647);
#7645 = CARTESIAN_POINT('',(0.,0.,139.7));
#7646 = DIRECTION('',(-0.,4.440892098501E-16,-1.));
#7647 = DIRECTION('',(-1.,0.,0.));
#7648 = DEFINITIONAL_REPRESENTATION('',(#7649),#7653);
#7649 = LINE('',#7650,#7651);
#7650 = CARTESIAN_POINT('',(-0.,0.));
#7651 = VECTOR('',#7652,1.);
#7652 = DIRECTION('',(-0.,1.));
#7653 = ( GEOMETRIC_REPRESENTATION_CONTEXT(2) 
PARAMETRIC_REPRESENTATION_CONTEXT() REPRESENTATION_CONTEXT('2D SPACE',''
  ) );
#7654 = ORIENTED_EDGE('',*,*,#7655,.T.);
#7655 = EDGE_CURVE('',#7628,#7656,#7658,.T.);
#7656 = VERTEX_POINT('',#7657);
#7657 = CARTESIAN_POINT('',(0.,50.8,133.35));
#7658 = SURFACE_CURVE('',#7659,(#7663,#7670),.PCURVE_S1.);
#7659 = LINE('',#7660,#7661);
#7660 = CARTESIAN_POINT('',(0.,50.8,139.7));
#7661 = VECTOR('',#7662,25.4);
#7662 = DIRECTION('',(-0.,4.440892098501E-16,-1.));
#7663 = PCURVE('',#7603,#7664);
#7664 = DEFINITIONAL_REPRESENTATION('',(#7665),#7669);
#7665 = LINE('',#7666,#7667);
#7666 = CARTESIAN_POINT('',(-0.,-50.8));
#7667 = VECTOR('',#7668,1.);
#7668 = DIRECTION('',(-1.,0.));
#7669 = ( GEOMETRIC_REPRESENTATION_CONTEXT(2) 
PARAMETRIC_REPRESENTATION_CONTEXT() REPRESENTATION_CONTEXT('2D SPACE',''
  ) );
#7670 = PCURVE('',#7671,#7676);
#7671 = PLANE('',#7672);
#7672 = AXIS2_PLACEMENT_3D('',#7673,#7674,#7675);
#7673 = CARTESIAN_POINT('',(0.,50.8,139.7));
#7674 = DIRECTION('',(-0.,1.,4.440892098501E-16));
#7675 = DIRECTION('',(0.,-4.440892098501E-16,1.));
#7676 = DEFINITIONAL_REPRESENTATION('',(#7677),#7681);
#7677 = LINE('',#7678,#7679);
#7678 = CARTESIAN_POINT('',(-0.,0.));
#7679 = VECTOR('',#7680,1.);
#7680 = DIRECTION('',(-1.,0.));
#7681 = ( GEOMETRIC_REPRESENTATION_CONTEXT(2) 
PARAMETRIC_REPRESENTATION_CONTEXT() REPRESENTATION_CONTEXT('2D SPACE',''
  ) );
#7682 = ORIENTED_EDGE('',*,*,#7683,.F.);
#7683 = EDGE_CURVE('',#7595,#7656,#7684,.T.);
#7684 = SURFACE_CURVE('',#7685,(#7689,#7696),.PCURVE_S1.);
#7685 = LINE('',#7686,#7687);
#7686 = CARTESIAN_POINT('',(0.,2.819966482548E-15,133.35));
#7687 = VECTOR('',#7688,25.4);
#7688 = DIRECTION('',(-0.,1.,4.440892098501E-16));
#7689 = PCURVE('',#7603,#7690);
#7690 = DEFINITIONAL_REPRESENTATION('',(#7691),#7695);
#7691 = LINE('',#7692,#7693);
#7692 = CARTESIAN_POINT('',(-6.35,0.));
#7693 = VECTOR('',#7694,1.);
#7694 = DIRECTION('',(-0.,-1.));
#7695 = ( GEOMETRIC_REPRESENTATION_CONTEXT(2) 
PARAMETRIC_REPRESENTATION_CONTEXT() REPRESENTATION_CONTEXT('2D SPACE',''
  ) );
#7696 = PCURVE('',#7697,#7702);
#7697 = PLANE('',#7698);
#7698 = AXIS2_PLACEMENT_3D('',#7699,#7700,#7701);
#7699 = CARTESIAN_POINT('',(0.,2.819966482548E-15,133.35));
#7700 = DIRECTION('',(-0.,4.440892098501E-16,-1.));
#7701 = DIRECTION('',(-1.,0.,0.));
#7702 = DEFINITIONAL_REPRESENTATION('',(#7703),#7707);
#7703 = LINE('',#7704,#7705);
#7704 = CARTESIAN_POINT('',(-0.,0.));
#7705 = VECTOR('',#7706,1.);
#7706 = DIRECTION('',(-0.,1.));
#7707 = ( GEOMETRIC_REPRESENTATION_CONTEXT(2) 
PARAMETRIC_REPRESENTATION_CONTEXT() REPRESENTATION_CONTEXT('2D SPACE',''
  ) );
#7708 = ADVANCED_FACE('',(#7709),#7723,.T.);
#7709 = FACE_BOUND('',#7710,.F.);
#7710 = EDGE_LOOP('',(#7711,#7741,#7764,#7787));
#7711 = ORIENTED_EDGE('',*,*,#7712,.F.);
#7712 = EDGE_CURVE('',#7713,#7715,#7717,.T.);
#7713 = VERTEX_POINT('',#7714);
#7714 = CARTESIAN_POINT('',(330.2,0.,139.7));
#7715 = VERTEX_POINT('',#7716);
#7716 = CARTESIAN_POINT('',(330.2,0.,133.35));
#7717 = SURFACE_CURVE('',#7718,(#7722,#7734),.PCURVE_S1.);
#7718 = LINE('',#7719,#7720);
#7719 = CARTESIAN_POINT('',(330.2,0.,139.7));
#7720 = VECTOR('',#7721,25.4);
#7721 = DIRECTION('',(-0.,4.440892098501E-16,-1.));
#7722 = PCURVE('',#7723,#7728);
#7723 = PLANE('',#7724);
#7724 = AXIS2_PLACEMENT_3D('',#7725,#7726,#7727);
#7725 = CARTESIAN_POINT('',(330.2,0.,139.7));
#7726 = DIRECTION('',(1.,-0.,-0.));
#7727 = DIRECTION('',(0.,-4.440892098501E-16,1.));
#7728 = DEFINITIONAL_REPRESENTATION('',(#7729),#7733);
#7729 = LINE('',#7730,#7731);
#7730 = CARTESIAN_POINT('',(-0.,-0.));
#7731 = VECTOR('',#7732,1.);
#7732 = DIRECTION('',(-1.,0.));
#7733 = ( GEOMETRIC_REPRESENTATION_CONTEXT(2) 
PARAMETRIC_REPRESENTATION_CONTEXT() REPRESENTATION_CONTEXT('2D SPACE',''
  ) );
#7734 = PCURVE('',#7615,#7735);
#7735 = DEFINITIONAL_REPRESENTATION('',(#7736),#7740);
#7736 = LINE('',#7737,#7738);
#7737 = CARTESIAN_POINT('',(-0.,330.2));
#7738 = VECTOR('',#7739,1.);
#7739 = DIRECTION('',(-1.,0.));
#7740 = ( GEOMETRIC_REPRESENTATION_CONTEXT(2) 
PARAMETRIC_REPRESENTATION_CONTEXT() REPRESENTATION_CONTEXT('2D SPACE',''
  ) );
#7741 = ORIENTED_EDGE('',*,*,#7742,.T.);
#7742 = EDGE_CURVE('',#7713,#7743,#7745,.T.);
#7743 = VERTEX_POINT('',#7744);
#7744 = CARTESIAN_POINT('',(330.2,50.8,139.7));
#7745 = SURFACE_CURVE('',#7746,(#7750,#7757),.PCURVE_S1.);
#7746 = LINE('',#7747,#7748);
#7747 = CARTESIAN_POINT('',(330.2,0.,139.7));
#7748 = VECTOR('',#7749,25.4);
#7749 = DIRECTION('',(-0.,1.,4.440892098501E-16));
#7750 = PCURVE('',#7723,#7751);
#7751 = DEFINITIONAL_REPRESENTATION('',(#7752),#7756);
#7752 = LINE('',#7753,#7754);
#7753 = CARTESIAN_POINT('',(-0.,-0.));
#7754 = VECTOR('',#7755,1.);
#7755 = DIRECTION('',(-0.,-1.));
#7756 = ( GEOMETRIC_REPRESENTATION_CONTEXT(2) 
PARAMETRIC_REPRESENTATION_CONTEXT() REPRESENTATION_CONTEXT('2D SPACE',''
  ) );
#7757 = PCURVE('',#7643,#7758);
#7758 = DEFINITIONAL_REPRESENTATION('',(#7759),#7763);
#7759 = LINE('',#7760,#7761);
#7760 = CARTESIAN_POINT('',(-330.2,0.));
#7761 = VECTOR('',#7762,1.);
#7762 = DIRECTION('',(-0.,1.));
#7763 = ( GEOMETRIC_REPRESENTATION_CONTEXT(2) 
PARAMETRIC_REPRESENTATION_CONTEXT() REPRESENTATION_CONTEXT('2D SPACE',''
  ) );
#7764 = ORIENTED_EDGE('',*,*,#7765,.T.);
#7765 = EDGE_CURVE('',#7743,#7766,#7768,.T.);
#7766 = VERTEX_POINT('',#7767);
#7767 = CARTESIAN_POINT('',(330.2,50.8,133.35));
#7768 = SURFACE_CURVE('',#7769,(#7773,#7780),.PCURVE_S1.);
#7769 = LINE('',#7770,#7771);
#7770 = CARTESIAN_POINT('',(330.2,50.8,139.7));
#7771 = VECTOR('',#7772,25.4);
#7772 = DIRECTION('',(-0.,4.440892098501E-16,-1.));
#7773 = PCURVE('',#7723,#7774);
#7774 = DEFINITIONAL_REPRESENTATION('',(#7775),#7779);
#7775 = LINE('',#7776,#7777);
#7776 = CARTESIAN_POINT('',(-0.,-50.8));
#7777 = VECTOR('',#7778,1.);
#7778 = DIRECTION('',(-1.,0.));
#7779 = ( GEOMETRIC_REPRESENTATION_CONTEXT(2) 
PARAMETRIC_REPRESENTATION_CONTEXT() REPRESENTATION_CONTEXT('2D SPACE',''
  ) );
#7780 = PCURVE('',#7671,#7781);
#7781 = DEFINITIONAL_REPRESENTATION('',(#7782),#7786);
#7782 = LINE('',#7783,#7784);
#7783 = CARTESIAN_POINT('',(-0.,330.2));
#7784 = VECTOR('',#7785,1.);
#7785 = DIRECTION('',(-1.,0.));
#7786 = ( GEOMETRIC_REPRESENTATION_CONTEXT(2) 
PARAMETRIC_REPRESENTATION_CONTEXT() REPRESENTATION_CONTEXT('2D SPACE',''
  ) );
#7787 = ORIENTED_EDGE('',*,*,#7788,.F.);
#7788 = EDGE_CURVE('',#7715,#7766,#7789,.T.);
#7789 = SURFACE_CURVE('',#7790,(#7794,#7801),.PCURVE_S1.);
#7790 = LINE('',#7791,#7792);
#7791 = CARTESIAN_POINT('',(330.2,2.819966482548E-15,133.35));
#7792 = VECTOR('',#7793,25.4);
#7793 = DIRECTION('',(-0.,1.,4.440892098501E-16));
#7794 = PCURVE('',#7723,#7795);
#7795 = DEFINITIONAL_REPRESENTATION('',(#7796),#7800);
#7796 = LINE('',#7797,#7798);
#7797 = CARTESIAN_POINT('',(-6.35,0.));
#7798 = VECTOR('',#7799,1.);
#7799 = DIRECTION('',(-0.,-1.));
#7800 = ( GEOMETRIC_REPRESENTATION_CONTEXT(2) 
PARAMETRIC_REPRESENTATION_CONTEXT() REPRESENTATION_CONTEXT('2D SPACE',''
  ) );
#7801 = PCURVE('',#7697,#7802);
#7802 = DEFINITIONAL_REPRESENTATION('',(#7803),#7807);
#7803 = LINE('',#7804,#7805);
#7804 = CARTESIAN_POINT('',(-330.2,0.));
#7805 = VECTOR('',#7806,1.);
#7806 = DIRECTION('',(-0.,1.));
#7807 = ( GEOMETRIC_REPRESENTATION_CONTEXT(2) 
PARAMETRIC_REPRESENTATION_CONTEXT() REPRESENTATION_CONTEXT('2D SPACE',''
  ) );
#7808 = ADVANCED_FACE('',(#7809),#7615,.F.);
#7809 = FACE_BOUND('',#7810,.T.);
#7810 = EDGE_LOOP('',(#7811,#7832,#7833,#7854));
#7811 = ORIENTED_EDGE('',*,*,#7812,.F.);
#7812 = EDGE_CURVE('',#7593,#7713,#7813,.T.);
#7813 = SURFACE_CURVE('',#7814,(#7818,#7825),.PCURVE_S1.);
#7814 = LINE('',#7815,#7816);
#7815 = CARTESIAN_POINT('',(0.,0.,139.7));
#7816 = VECTOR('',#7817,25.4);
#7817 = DIRECTION('',(1.,-0.,-0.));
#7818 = PCURVE('',#7615,#7819);
#7819 = DEFINITIONAL_REPRESENTATION('',(#7820),#7824);
#7820 = LINE('',#7821,#7822);
#7821 = CARTESIAN_POINT('',(-0.,0.));
#7822 = VECTOR('',#7823,1.);
#7823 = DIRECTION('',(-0.,1.));
#7824 = ( GEOMETRIC_REPRESENTATION_CONTEXT(2) 
PARAMETRIC_REPRESENTATION_CONTEXT() REPRESENTATION_CONTEXT('2D SPACE',''
  ) );
#7825 = PCURVE('',#7643,#7826);
#7826 = DEFINITIONAL_REPRESENTATION('',(#7827),#7831);
#7827 = LINE('',#7828,#7829);
#7828 = CARTESIAN_POINT('',(-0.,0.));
#7829 = VECTOR('',#7830,1.);
#7830 = DIRECTION('',(-1.,0.));
#7831 = ( GEOMETRIC_REPRESENTATION_CONTEXT(2) 
PARAMETRIC_REPRESENTATION_CONTEXT() REPRESENTATION_CONTEXT('2D SPACE',''
  ) );
#7832 = ORIENTED_EDGE('',*,*,#7592,.T.);
#7833 = ORIENTED_EDGE('',*,*,#7834,.T.);
#7834 = EDGE_CURVE('',#7595,#7715,#7835,.T.);
#7835 = SURFACE_CURVE('',#7836,(#7840,#7847),.PCURVE_S1.);
#7836 = LINE('',#7837,#7838);
#7837 = CARTESIAN_POINT('',(0.,2.819966482548E-15,133.35));
#7838 = VECTOR('',#7839,25.4);
#7839 = DIRECTION('',(1.,-0.,-0.));
#7840 = PCURVE('',#7615,#7841);
#7841 = DEFINITIONAL_REPRESENTATION('',(#7842),#7846);
#7842 = LINE('',#7843,#7844);
#7843 = CARTESIAN_POINT('',(-6.35,0.));
#7844 = VECTOR('',#7845,1.);
#7845 = DIRECTION('',(-0.,1.));
#7846 = ( GEOMETRIC_REPRESENTATION_CONTEXT(2) 
PARAMETRIC_REPRESENTATION_CONTEXT() REPRESENTATION_CONTEXT('2D SPACE',''
  ) );
#7847 = PCURVE('',#7697,#7848);
#7848 = DEFINITIONAL_REPRESENTATION('',(#7849),#7853);
#7849 = LINE('',#7850,#7851);
#7850 = CARTESIAN_POINT('',(-0.,0.));
#7851 = VECTOR('',#7852,1.);
#7852 = DIRECTION('',(-1.,0.));
#7853 = ( GEOMETRIC_REPRESENTATION_CONTEXT(2) 
PARAMETRIC_REPRESENTATION_CONTEXT() REPRESENTATION_CONTEXT('2D SPACE',''
  ) );
#7854 = ORIENTED_EDGE('',*,*,#7712,.F.);
#7855 = ADVANCED_FACE('',(#7856),#7671,.T.);
#7856 = FACE_BOUND('',#7857,.F.);
#7857 = EDGE_LOOP('',(#7858,#7879,#7880,#7901));
#7858 = ORIENTED_EDGE('',*,*,#7859,.F.);
#7859 = EDGE_CURVE('',#7628,#7743,#7860,.T.);
#7860 = SURFACE_CURVE('',#7861,(#7865,#7872),.PCURVE_S1.);
#7861 = LINE('',#7862,#7863);
#7862 = CARTESIAN_POINT('',(0.,50.8,139.7));
#7863 = VECTOR('',#7864,25.4);
#7864 = DIRECTION('',(1.,-0.,-0.));
#7865 = PCURVE('',#7671,#7866);
#7866 = DEFINITIONAL_REPRESENTATION('',(#7867),#7871);
#7867 = LINE('',#7868,#7869);
#7868 = CARTESIAN_POINT('',(-0.,0.));
#7869 = VECTOR('',#7870,1.);
#7870 = DIRECTION('',(-0.,1.));
#7871 = ( GEOMETRIC_REPRESENTATION_CONTEXT(2) 
PARAMETRIC_REPRESENTATION_CONTEXT() REPRESENTATION_CONTEXT('2D SPACE',''
  ) );
#7872 = PCURVE('',#7643,#7873);
#7873 = DEFINITIONAL_REPRESENTATION('',(#7874),#7878);
#7874 = LINE('',#7875,#7876);
#7875 = CARTESIAN_POINT('',(-0.,50.8));
#7876 = VECTOR('',#7877,1.);
#7877 = DIRECTION('',(-1.,0.));
#7878 = ( GEOMETRIC_REPRESENTATION_CONTEXT(2) 
PARAMETRIC_REPRESENTATION_CONTEXT() REPRESENTATION_CONTEXT('2D SPACE',''
  ) );
#7879 = ORIENTED_EDGE('',*,*,#7655,.T.);
#7880 = ORIENTED_EDGE('',*,*,#7881,.T.);
#7881 = EDGE_CURVE('',#7656,#7766,#7882,.T.);
#7882 = SURFACE_CURVE('',#7883,(#7887,#7894),.PCURVE_S1.);
#7883 = LINE('',#7884,#7885);
#7884 = CARTESIAN_POINT('',(0.,50.8,133.35));
#7885 = VECTOR('',#7886,25.4);
#7886 = DIRECTION('',(1.,-0.,-0.));
#7887 = PCURVE('',#7671,#7888);
#7888 = DEFINITIONAL_REPRESENTATION('',(#7889),#7893);
#7889 = LINE('',#7890,#7891);
#7890 = CARTESIAN_POINT('',(-6.35,0.));
#7891 = VECTOR('',#7892,1.);
#7892 = DIRECTION('',(-0.,1.));
#7893 = ( GEOMETRIC_REPRESENTATION_CONTEXT(2) 
PARAMETRIC_REPRESENTATION_CONTEXT() REPRESENTATION_CONTEXT('2D SPACE',''
  ) );
#7894 = PCURVE('',#7697,#7895);
#7895 = DEFINITIONAL_REPRESENTATION('',(#7896),#7900);
#7896 = LINE('',#7897,#7898);
#7897 = CARTESIAN_POINT('',(-0.,50.8));
#7898 = VECTOR('',#7899,1.);
#7899 = DIRECTION('',(-1.,0.));
#7900 = ( GEOMETRIC_REPRESENTATION_CONTEXT(2) 
PARAMETRIC_REPRESENTATION_CONTEXT() REPRESENTATION_CONTEXT('2D SPACE',''
  ) );
#7901 = ORIENTED_EDGE('',*,*,#7765,.F.);
#7902 = ADVANCED_FACE('',(#7903),#7643,.F.);
#7903 = FACE_BOUND('',#7904,.T.);
#7904 = EDGE_LOOP('',(#7905,#7906,#7907,#7908));
#7905 = ORIENTED_EDGE('',*,*,#7627,.F.);
#7906 = ORIENTED_EDGE('',*,*,#7812,.T.);
#7907 = ORIENTED_EDGE('',*,*,#7742,.T.);
#7908 = ORIENTED_EDGE('',*,*,#7859,.F.);
#7909 = ADVANCED_FACE('',(#7910),#7697,.T.);
#7910 = FACE_BOUND('',#7911,.F.);
#7911 = EDGE_LOOP('',(#7912,#7913,#7914,#7915));
#7912 = ORIENTED_EDGE('',*,*,#7683,.F.);
#7913 = ORIENTED_EDGE('',*,*,#7834,.T.);
#7914 = ORIENTED_EDGE('',*,*,#7788,.T.);
#7915 = ORIENTED_EDGE('',*,*,#7881,.F.);
#7916 = ( GEOMETRIC_REPRESENTATION_CONTEXT(3) 
GLOBAL_UNCERTAINTY_ASSIGNED_CONTEXT((#7920)) 
GLOBAL_UNIT_ASSIGNED_CONTEXT((#7917,#7918,#7919)) REPRESENTATION_CONTEXT
('Context #1','3D Context with UNIT and UNCERTAINTY') );
#7917 = ( LENGTH_UNIT() NAMED_UNIT(*) SI_UNIT(.MILLI.,.METRE.) );
#7918 = ( NAMED_UNIT(*) PLANE_ANGLE_UNIT() SI_UNIT($,.RADIAN.) );
#7919 = ( NAMED_UNIT(*) SI_UNIT($,.STERADIAN.) SOLID_ANGLE_UNIT() );
#7920 = UNCERTAINTY_MEASURE_WITH_UNIT(LENGTH_MEASURE(2.54E-06),#7917,
  'distance_accuracy_value','confusion accuracy');
#7921 = CONTEXT_DEPENDENT_SHAPE_REPRESENTATION(#7922,#7924);
#7922 = ( REPRESENTATION_RELATIONSHIP('','',#7585,#10) 
REPRESENTATION_RELATIONSHIP_WITH_TRANSFORMATION(#7923) 
SHAPE_REPRESENTATION_RELATIONSHIP() );
#7923 = ITEM_DEFINED_TRANSFORMATION('','',#11,#71);
#7924 = PRODUCT_DEFINITION_SHAPE('Placement','Placement of an item',
  #7925);
#7925 = NEXT_ASSEMBLY_USAGE_OCCURRENCE('15','Shelf Bracket (mirror)','',
  #5,#7580,$);
#7926 = PRODUCT_RELATED_PRODUCT_CATEGORY('part',$,(#7582));
#7927 = SHAPE_DEFINITION_REPRESENTATION(#7928,#7934);
#7928 = PRODUCT_DEFINITION_SHAPE('','',#7929);
#7929 = PRODUCT_DEFINITION('design','',#7930,#7933);
#7930 = PRODUCT_DEFINITION_FORMATION('','',#7931);
#7931 = PRODUCT('Piston Plate','Piston Plate','',(#7932));
#7932 = PRODUCT_CONTEXT('',#2,'mechanical');
#7933 = PRODUCT_DEFINITION_CONTEXT('part definition',#2,'design');
#7934 = ADVANCED_BREP_SHAPE_REPRESENTATION('',(#11,#7935),#8349);
#7935 = MANIFOLD_SOLID_BREP('',#7936);
#7936 = CLOSED_SHELL('',(#7937,#8057,#8133,#8213,#8262,#8315,#8322));
#7937 = ADVANCED_FACE('',(#7938),#7952,.F.);
#7938 = FACE_BOUND('',#7939,.F.);
#7939 = EDGE_LOOP('',(#7940,#7975,#8003,#8031));
#7940 = ORIENTED_EDGE('',*,*,#7941,.F.);
#7941 = EDGE_CURVE('',#7942,#7944,#7946,.T.);
#7942 = VERTEX_POINT('',#7943);
#7943 = CARTESIAN_POINT('',(0.,0.,0.));
#7944 = VERTEX_POINT('',#7945);
#7945 = CARTESIAN_POINT('',(0.,0.,6.35));
#7946 = SURFACE_CURVE('',#7947,(#7951,#7963),.PCURVE_S1.);
#7947 = LINE('',#7948,#7949);
#7948 = CARTESIAN_POINT('',(0.,0.,0.));
#7949 = VECTOR('',#7950,25.4);
#7950 = DIRECTION('',(0.,0.,1.));
#7951 = PCURVE('',#7952,#7957);
#7952 = PLANE('',#7953);
#7953 = AXIS2_PLACEMENT_3D('',#7954,#7955,#7956);
#7954 = CARTESIAN_POINT('',(0.,0.,0.));
#7955 = DIRECTION('',(1.,0.,-0.));
#7956 = DIRECTION('',(0.,0.,1.));
#7957 = DEFINITIONAL_REPRESENTATION('',(#7958),#7962);
#7958 = LINE('',#7959,#7960);
#7959 = CARTESIAN_POINT('',(0.,0.));
#7960 = VECTOR('',#7961,1.);
#7961 = DIRECTION('',(1.,0.));
#7962 = ( GEOMETRIC_REPRESENTATION_CONTEXT(2) 
PARAMETRIC_REPRESENTATION_CONTEXT() REPRESENTATION_CONTEXT('2D SPACE',''
  ) );
#7963 = PCURVE('',#7964,#7969);
#7964 = PLANE('',#7965);
#7965 = AXIS2_PLACEMENT_3D('',#7966,#7967,#7968);
#7966 = CARTESIAN_POINT('',(0.,0.,0.));
#7967 = DIRECTION('',(-0.,1.,0.));
#7968 = DIRECTION('',(0.,0.,1.));
#7969 = DEFINITIONAL_REPRESENTATION('',(#7970),#7974);
#7970 = LINE('',#7971,#7972);
#7971 = CARTESIAN_POINT('',(0.,0.));
#7972 = VECTOR('',#7973,1.);
#7973 = DIRECTION('',(1.,0.));
#7974 = ( GEOMETRIC_REPRESENTATION_CONTEXT(2) 
PARAMETRIC_REPRESENTATION_CONTEXT() REPRESENTATION_CONTEXT('2D SPACE',''
  ) );
#7975 = ORIENTED_EDGE('',*,*,#7976,.T.);
#7976 = EDGE_CURVE('',#7942,#7977,#7979,.T.);
#7977 = VERTEX_POINT('',#7978);
#7978 = CARTESIAN_POINT('',(0.,184.15,0.));
#7979 = SURFACE_CURVE('',#7980,(#7984,#7991),.PCURVE_S1.);
#7980 = LINE('',#7981,#7982);
#7981 = CARTESIAN_POINT('',(0.,0.,0.));
#7982 = VECTOR('',#7983,25.4);
#7983 = DIRECTION('',(-0.,1.,0.));
#7984 = PCURVE('',#7952,#7985);
#7985 = DEFINITIONAL_REPRESENTATION('',(#7986),#7990);
#7986 = LINE('',#7987,#7988);
#7987 = CARTESIAN_POINT('',(0.,0.));
#7988 = VECTOR('',#7989,1.);
#7989 = DIRECTION('',(0.,-1.));
#7990 = ( GEOMETRIC_REPRESENTATION_CONTEXT(2) 
PARAMETRIC_REPRESENTATION_CONTEXT() REPRESENTATION_CONTEXT('2D SPACE',''
  ) );
#7991 = PCURVE('',#7992,#7997);
#7992 = PLANE('',#7993);
#7993 = AXIS2_PLACEMENT_3D('',#7994,#7995,#7996);
#7994 = CARTESIAN_POINT('',(0.,0.,0.));
#7995 = DIRECTION('',(0.,0.,1.));
#7996 = DIRECTION('',(1.,0.,-0.));
#7997 = DEFINITIONAL_REPRESENTATION('',(#7998),#8002);
#7998 = LINE('',#7999,#8000);
#7999 = CARTESIAN_POINT('',(0.,0.));
#8000 = VECTOR('',#8001,1.);
#8001 = DIRECTION('',(0.,1.));
#8002 = ( GEOMETRIC_REPRESENTATION_CONTEXT(2) 
PARAMETRIC_REPRESENTATION_CONTEXT() REPRESENTATION_CONTEXT('2D SPACE',''
  ) );
#8003 = ORIENTED_EDGE('',*,*,#8004,.T.);
#8004 = EDGE_CURVE('',#7977,#8005,#8007,.T.);
#8005 = VERTEX_POINT('',#8006);
#8006 = CARTESIAN_POINT('',(0.,184.15,6.35));
#8007 = SURFACE_CURVE('',#8008,(#8012,#8019),.PCURVE_S1.);
#8008 = LINE('',#8009,#8010);
#8009 = CARTESIAN_POINT('',(0.,184.15,0.));
#8010 = VECTOR('',#8011,25.4);
#8011 = DIRECTION('',(0.,0.,1.));
#8012 = PCURVE('',#7952,#8013);
#8013 = DEFINITIONAL_REPRESENTATION('',(#8014),#8018);
#8014 = LINE('',#8015,#8016);
#8015 = CARTESIAN_POINT('',(0.,-184.15));
#8016 = VECTOR('',#8017,1.);
#8017 = DIRECTION('',(1.,0.));
#8018 = ( GEOMETRIC_REPRESENTATION_CONTEXT(2) 
PARAMETRIC_REPRESENTATION_CONTEXT() REPRESENTATION_CONTEXT('2D SPACE',''
  ) );
#8019 = PCURVE('',#8020,#8025);
#8020 = PLANE('',#8021);
#8021 = AXIS2_PLACEMENT_3D('',#8022,#8023,#8024);
#8022 = CARTESIAN_POINT('',(0.,184.15,0.));
#8023 = DIRECTION('',(-0.,1.,0.));
#8024 = DIRECTION('',(0.,0.,1.));
#8025 = DEFINITIONAL_REPRESENTATION('',(#8026),#8030);
#8026 = LINE('',#8027,#8028);
#8027 = CARTESIAN_POINT('',(0.,0.));
#8028 = VECTOR('',#8029,1.);
#8029 = DIRECTION('',(1.,0.));
#8030 = ( GEOMETRIC_REPRESENTATION_CONTEXT(2) 
PARAMETRIC_REPRESENTATION_CONTEXT() REPRESENTATION_CONTEXT('2D SPACE',''
  ) );
#8031 = ORIENTED_EDGE('',*,*,#8032,.F.);
#8032 = EDGE_CURVE('',#7944,#8005,#8033,.T.);
#8033 = SURFACE_CURVE('',#8034,(#8038,#8045),.PCURVE_S1.);
#8034 = LINE('',#8035,#8036);
#8035 = CARTESIAN_POINT('',(0.,0.,6.35));
#8036 = VECTOR('',#8037,25.4);
#8037 = DIRECTION('',(-0.,1.,0.));
#8038 = PCURVE('',#7952,#8039);
#8039 = DEFINITIONAL_REPRESENTATION('',(#8040),#8044);
#8040 = LINE('',#8041,#8042);
#8041 = CARTESIAN_POINT('',(6.35,0.));
#8042 = VECTOR('',#8043,1.);
#8043 = DIRECTION('',(0.,-1.));
#8044 = ( GEOMETRIC_REPRESENTATION_CONTEXT(2) 
PARAMETRIC_REPRESENTATION_CONTEXT() REPRESENTATION_CONTEXT('2D SPACE',''
  ) );
#8045 = PCURVE('',#8046,#8051);
#8046 = PLANE('',#8047);
#8047 = AXIS2_PLACEMENT_3D('',#8048,#8049,#8050);
#8048 = CARTESIAN_POINT('',(0.,0.,6.35));
#8049 = DIRECTION('',(0.,0.,1.));
#8050 = DIRECTION('',(1.,0.,-0.));
#8051 = DEFINITIONAL_REPRESENTATION('',(#8052),#8056);
#8052 = LINE('',#8053,#8054);
#8053 = CARTESIAN_POINT('',(0.,0.));
#8054 = VECTOR('',#8055,1.);
#8055 = DIRECTION('',(0.,1.));
#8056 = ( GEOMETRIC_REPRESENTATION_CONTEXT(2) 
PARAMETRIC_REPRESENTATION_CONTEXT() REPRESENTATION_CONTEXT('2D SPACE',''
  ) );
#8057 = ADVANCED_FACE('',(#8058),#7964,.F.);
#8058 = FACE_BOUND('',#8059,.F.);
#8059 = EDGE_LOOP('',(#8060,#8083,#8084,#8107));
#8060 = ORIENTED_EDGE('',*,*,#8061,.F.);
#8061 = EDGE_CURVE('',#7942,#8062,#8064,.T.);
#8062 = VERTEX_POINT('',#8063);
#8063 = CARTESIAN_POINT('',(152.4,0.,0.));
#8064 = SURFACE_CURVE('',#8065,(#8069,#8076),.PCURVE_S1.);
#8065 = LINE('',#8066,#8067);
#8066 = CARTESIAN_POINT('',(0.,0.,0.));
#8067 = VECTOR('',#8068,25.4);
#8068 = DIRECTION('',(1.,0.,-0.));
#8069 = PCURVE('',#7964,#8070);
#8070 = DEFINITIONAL_REPRESENTATION('',(#8071),#8075);
#8071 = LINE('',#8072,#8073);
#8072 = CARTESIAN_POINT('',(0.,0.));
#8073 = VECTOR('',#8074,1.);
#8074 = DIRECTION('',(0.,1.));
#8075 = ( GEOMETRIC_REPRESENTATION_CONTEXT(2) 
PARAMETRIC_REPRESENTATION_CONTEXT() REPRESENTATION_CONTEXT('2D SPACE',''
  ) );
#8076 = PCURVE('',#7992,#8077);
#8077 = DEFINITIONAL_REPRESENTATION('',(#8078),#8082);
#8078 = LINE('',#8079,#8080);
#8079 = CARTESIAN_POINT('',(0.,0.));
#8080 = VECTOR('',#8081,1.);
#8081 = DIRECTION('',(1.,0.));
#8082 = ( GEOMETRIC_REPRESENTATION_CONTEXT(2) 
PARAMETRIC_REPRESENTATION_CONTEXT() REPRESENTATION_CONTEXT('2D SPACE',''
  ) );
#8083 = ORIENTED_EDGE('',*,*,#7941,.T.);
#8084 = ORIENTED_EDGE('',*,*,#8085,.T.);
#8085 = EDGE_CURVE('',#7944,#8086,#8088,.T.);
#8086 = VERTEX_POINT('',#8087);
#8087 = CARTESIAN_POINT('',(152.4,0.,6.35));
#8088 = SURFACE_CURVE('',#8089,(#8093,#8100),.PCURVE_S1.);
#8089 = LINE('',#8090,#8091);
#8090 = CARTESIAN_POINT('',(0.,0.,6.35));
#8091 = VECTOR('',#8092,25.4);
#8092 = DIRECTION('',(1.,0.,-0.));
#8093 = PCURVE('',#7964,#8094);
#8094 = DEFINITIONAL_REPRESENTATION('',(#8095),#8099);
#8095 = LINE('',#8096,#8097);
#8096 = CARTESIAN_POINT('',(6.35,0.));
#8097 = VECTOR('',#8098,1.);
#8098 = DIRECTION('',(0.,1.));
#8099 = ( GEOMETRIC_REPRESENTATION_CONTEXT(2) 
PARAMETRIC_REPRESENTATION_CONTEXT() REPRESENTATION_CONTEXT('2D SPACE',''
  ) );
#8100 = PCURVE('',#8046,#8101);
#8101 = DEFINITIONAL_REPRESENTATION('',(#8102),#8106);
#8102 = LINE('',#8103,#8104);
#8103 = CARTESIAN_POINT('',(0.,0.));
#8104 = VECTOR('',#8105,1.);
#8105 = DIRECTION('',(1.,0.));
#8106 = ( GEOMETRIC_REPRESENTATION_CONTEXT(2) 
PARAMETRIC_REPRESENTATION_CONTEXT() REPRESENTATION_CONTEXT('2D SPACE',''
  ) );
#8107 = ORIENTED_EDGE('',*,*,#8108,.F.);
#8108 = EDGE_CURVE('',#8062,#8086,#8109,.T.);
#8109 = SURFACE_CURVE('',#8110,(#8114,#8121),.PCURVE_S1.);
#8110 = LINE('',#8111,#8112);
#8111 = CARTESIAN_POINT('',(152.4,0.,0.));
#8112 = VECTOR('',#8113,25.4);
#8113 = DIRECTION('',(0.,0.,1.));
#8114 = PCURVE('',#7964,#8115);
#8115 = DEFINITIONAL_REPRESENTATION('',(#8116),#8120);
#8116 = LINE('',#8117,#8118);
#8117 = CARTESIAN_POINT('',(0.,152.4));
#8118 = VECTOR('',#8119,1.);
#8119 = DIRECTION('',(1.,0.));
#8120 = ( GEOMETRIC_REPRESENTATION_CONTEXT(2) 
PARAMETRIC_REPRESENTATION_CONTEXT() REPRESENTATION_CONTEXT('2D SPACE',''
  ) );
#8121 = PCURVE('',#8122,#8127);
#8122 = PLANE('',#8123);
#8123 = AXIS2_PLACEMENT_3D('',#8124,#8125,#8126);
#8124 = CARTESIAN_POINT('',(152.4,0.,0.));
#8125 = DIRECTION('',(1.,0.,-0.));
#8126 = DIRECTION('',(0.,0.,1.));
#8127 = DEFINITIONAL_REPRESENTATION('',(#8128),#8132);
#8128 = LINE('',#8129,#8130);
#8129 = CARTESIAN_POINT('',(0.,0.));
#8130 = VECTOR('',#8131,1.);
#8131 = DIRECTION('',(1.,0.));
#8132 = ( GEOMETRIC_REPRESENTATION_CONTEXT(2) 
PARAMETRIC_REPRESENTATION_CONTEXT() REPRESENTATION_CONTEXT('2D SPACE',''
  ) );
#8133 = ADVANCED_FACE('',(#8134,#8182),#8046,.T.);
#8134 = FACE_BOUND('',#8135,.T.);
#8135 = EDGE_LOOP('',(#8136,#8137,#8138,#8161));
#8136 = ORIENTED_EDGE('',*,*,#8032,.F.);
#8137 = ORIENTED_EDGE('',*,*,#8085,.T.);
#8138 = ORIENTED_EDGE('',*,*,#8139,.T.);
#8139 = EDGE_CURVE('',#8086,#8140,#8142,.T.);
#8140 = VERTEX_POINT('',#8141);
#8141 = CARTESIAN_POINT('',(152.4,184.15,6.35));
#8142 = SURFACE_CURVE('',#8143,(#8147,#8154),.PCURVE_S1.);
#8143 = LINE('',#8144,#8145);
#8144 = CARTESIAN_POINT('',(152.4,0.,6.35));
#8145 = VECTOR('',#8146,25.4);
#8146 = DIRECTION('',(-0.,1.,0.));
#8147 = PCURVE('',#8046,#8148);
#8148 = DEFINITIONAL_REPRESENTATION('',(#8149),#8153);
#8149 = LINE('',#8150,#8151);
#8150 = CARTESIAN_POINT('',(152.4,0.));
#8151 = VECTOR('',#8152,1.);
#8152 = DIRECTION('',(0.,1.));
#8153 = ( GEOMETRIC_REPRESENTATION_CONTEXT(2) 
PARAMETRIC_REPRESENTATION_CONTEXT() REPRESENTATION_CONTEXT('2D SPACE',''
  ) );
#8154 = PCURVE('',#8122,#8155);
#8155 = DEFINITIONAL_REPRESENTATION('',(#8156),#8160);
#8156 = LINE('',#8157,#8158);
#8157 = CARTESIAN_POINT('',(6.35,0.));
#8158 = VECTOR('',#8159,1.);
#8159 = DIRECTION('',(0.,-1.));
#8160 = ( GEOMETRIC_REPRESENTATION_CONTEXT(2) 
PARAMETRIC_REPRESENTATION_CONTEXT() REPRESENTATION_CONTEXT('2D SPACE',''
  ) );
#8161 = ORIENTED_EDGE('',*,*,#8162,.F.);
#8162 = EDGE_CURVE('',#8005,#8140,#8163,.T.);
#8163 = SURFACE_CURVE('',#8164,(#8168,#8175),.PCURVE_S1.);
#8164 = LINE('',#8165,#8166);
#8165 = CARTESIAN_POINT('',(0.,184.15,6.35));
#8166 = VECTOR('',#8167,25.4);
#8167 = DIRECTION('',(1.,0.,-0.));
#8168 = PCURVE('',#8046,#8169);
#8169 = DEFINITIONAL_REPRESENTATION('',(#8170),#8174);
#8170 = LINE('',#8171,#8172);
#8171 = CARTESIAN_POINT('',(0.,184.15));
#8172 = VECTOR('',#8173,1.);
#8173 = DIRECTION('',(1.,0.));
#8174 = ( GEOMETRIC_REPRESENTATION_CONTEXT(2) 
PARAMETRIC_REPRESENTATION_CONTEXT() REPRESENTATION_CONTEXT('2D SPACE',''
  ) );
#8175 = PCURVE('',#8020,#8176);
#8176 = DEFINITIONAL_REPRESENTATION('',(#8177),#8181);
#8177 = LINE('',#8178,#8179);
#8178 = CARTESIAN_POINT('',(6.35,0.));
#8179 = VECTOR('',#8180,1.);
#8180 = DIRECTION('',(0.,1.));
#8181 = ( GEOMETRIC_REPRESENTATION_CONTEXT(2) 
PARAMETRIC_REPRESENTATION_CONTEXT() REPRESENTATION_CONTEXT('2D SPACE',''
  ) );
#8182 = FACE_BOUND('',#8183,.T.);
#8183 = EDGE_LOOP('',(#8184));
#8184 = ORIENTED_EDGE('',*,*,#8185,.F.);
#8185 = EDGE_CURVE('',#8186,#8186,#8188,.T.);
#8186 = VERTEX_POINT('',#8187);
#8187 = CARTESIAN_POINT('',(88.9,25.4,6.35));
#8188 = SURFACE_CURVE('',#8189,(#8194,#8201),.PCURVE_S1.);
#8189 = CIRCLE('',#8190,12.7);
#8190 = AXIS2_PLACEMENT_3D('',#8191,#8192,#8193);
#8191 = CARTESIAN_POINT('',(76.2,25.4,6.35));
#8192 = DIRECTION('',(0.,0.,1.));
#8193 = DIRECTION('',(1.,0.,-0.));
#8194 = PCURVE('',#8046,#8195);
#8195 = DEFINITIONAL_REPRESENTATION('',(#8196),#8200);
#8196 = CIRCLE('',#8197,12.7);
#8197 = AXIS2_PLACEMENT_2D('',#8198,#8199);
#8198 = CARTESIAN_POINT('',(76.2,25.4));
#8199 = DIRECTION('',(1.,0.));
#8200 = ( GEOMETRIC_REPRESENTATION_CONTEXT(2) 
PARAMETRIC_REPRESENTATION_CONTEXT() REPRESENTATION_CONTEXT('2D SPACE',''
  ) );
#8201 = PCURVE('',#8202,#8207);
#8202 = CYLINDRICAL_SURFACE('',#8203,12.7);
#8203 = AXIS2_PLACEMENT_3D('',#8204,#8205,#8206);
#8204 = CARTESIAN_POINT('',(76.2,25.4,-0.254));
#8205 = DIRECTION('',(0.,0.,1.));
#8206 = DIRECTION('',(1.,0.,-0.));
#8207 = DEFINITIONAL_REPRESENTATION('',(#8208),#8212);
#8208 = LINE('',#8209,#8210);
#8209 = CARTESIAN_POINT('',(0.,6.604));
#8210 = VECTOR('',#8211,1.);
#8211 = DIRECTION('',(1.,0.));
#8212 = ( GEOMETRIC_REPRESENTATION_CONTEXT(2) 
PARAMETRIC_REPRESENTATION_CONTEXT() REPRESENTATION_CONTEXT('2D SPACE',''
  ) );
#8213 = ADVANCED_FACE('',(#8214),#8020,.T.);
#8214 = FACE_BOUND('',#8215,.T.);
#8215 = EDGE_LOOP('',(#8216,#8239,#8240,#8241));
#8216 = ORIENTED_EDGE('',*,*,#8217,.F.);
#8217 = EDGE_CURVE('',#7977,#8218,#8220,.T.);
#8218 = VERTEX_POINT('',#8219);
#8219 = CARTESIAN_POINT('',(152.4,184.15,0.));
#8220 = SURFACE_CURVE('',#8221,(#8225,#8232),.PCURVE_S1.);
#8221 = LINE('',#8222,#8223);
#8222 = CARTESIAN_POINT('',(0.,184.15,0.));
#8223 = VECTOR('',#8224,25.4);
#8224 = DIRECTION('',(1.,0.,-0.));
#8225 = PCURVE('',#8020,#8226);
#8226 = DEFINITIONAL_REPRESENTATION('',(#8227),#8231);
#8227 = LINE('',#8228,#8229);
#8228 = CARTESIAN_POINT('',(0.,0.));
#8229 = VECTOR('',#8230,1.);
#8230 = DIRECTION('',(0.,1.));
#8231 = ( GEOMETRIC_REPRESENTATION_CONTEXT(2) 
PARAMETRIC_REPRESENTATION_CONTEXT() REPRESENTATION_CONTEXT('2D SPACE',''
  ) );
#8232 = PCURVE('',#7992,#8233);
#8233 = DEFINITIONAL_REPRESENTATION('',(#8234),#8238);
#8234 = LINE('',#8235,#8236);
#8235 = CARTESIAN_POINT('',(0.,184.15));
#8236 = VECTOR('',#8237,1.);
#8237 = DIRECTION('',(1.,0.));
#8238 = ( GEOMETRIC_REPRESENTATION_CONTEXT(2) 
PARAMETRIC_REPRESENTATION_CONTEXT() REPRESENTATION_CONTEXT('2D SPACE',''
  ) );
#8239 = ORIENTED_EDGE('',*,*,#8004,.T.);
#8240 = ORIENTED_EDGE('',*,*,#8162,.T.);
#8241 = ORIENTED_EDGE('',*,*,#8242,.F.);
#8242 = EDGE_CURVE('',#8218,#8140,#8243,.T.);
#8243 = SURFACE_CURVE('',#8244,(#8248,#8255),.PCURVE_S1.);
#8244 = LINE('',#8245,#8246);
#8245 = CARTESIAN_POINT('',(152.4,184.15,0.));
#8246 = VECTOR('',#8247,25.4);
#8247 = DIRECTION('',(0.,0.,1.));
#8248 = PCURVE('',#8020,#8249);
#8249 = DEFINITIONAL_REPRESENTATION('',(#8250),#8254);
#8250 = LINE('',#8251,#8252);
#8251 = CARTESIAN_POINT('',(0.,152.4));
#8252 = VECTOR('',#8253,1.);
#8253 = DIRECTION('',(1.,0.));
#8254 = ( GEOMETRIC_REPRESENTATION_CONTEXT(2) 
PARAMETRIC_REPRESENTATION_CONTEXT() REPRESENTATION_CONTEXT('2D SPACE',''
  ) );
#8255 = PCURVE('',#8122,#8256);
#8256 = DEFINITIONAL_REPRESENTATION('',(#8257),#8261);
#8257 = LINE('',#8258,#8259);
#8258 = CARTESIAN_POINT('',(0.,-184.15));
#8259 = VECTOR('',#8260,1.);
#8260 = DIRECTION('',(1.,0.));
#8261 = ( GEOMETRIC_REPRESENTATION_CONTEXT(2) 
PARAMETRIC_REPRESENTATION_CONTEXT() REPRESENTATION_CONTEXT('2D SPACE',''
  ) );
#8262 = ADVANCED_FACE('',(#8263,#8289),#7992,.F.);
#8263 = FACE_BOUND('',#8264,.F.);
#8264 = EDGE_LOOP('',(#8265,#8266,#8267,#8288));
#8265 = ORIENTED_EDGE('',*,*,#7976,.F.);
#8266 = ORIENTED_EDGE('',*,*,#8061,.T.);
#8267 = ORIENTED_EDGE('',*,*,#8268,.T.);
#8268 = EDGE_CURVE('',#8062,#8218,#8269,.T.);
#8269 = SURFACE_CURVE('',#8270,(#8274,#8281),.PCURVE_S1.);
#8270 = LINE('',#8271,#8272);
#8271 = CARTESIAN_POINT('',(152.4,0.,0.));
#8272 = VECTOR('',#8273,25.4);
#8273 = DIRECTION('',(-0.,1.,0.));
#8274 = PCURVE('',#7992,#8275);
#8275 = DEFINITIONAL_REPRESENTATION('',(#8276),#8280);
#8276 = LINE('',#8277,#8278);
#8277 = CARTESIAN_POINT('',(152.4,0.));
#8278 = VECTOR('',#8279,1.);
#8279 = DIRECTION('',(0.,1.));
#8280 = ( GEOMETRIC_REPRESENTATION_CONTEXT(2) 
PARAMETRIC_REPRESENTATION_CONTEXT() REPRESENTATION_CONTEXT('2D SPACE',''
  ) );
#8281 = PCURVE('',#8122,#8282);
#8282 = DEFINITIONAL_REPRESENTATION('',(#8283),#8287);
#8283 = LINE('',#8284,#8285);
#8284 = CARTESIAN_POINT('',(0.,0.));
#8285 = VECTOR('',#8286,1.);
#8286 = DIRECTION('',(0.,-1.));
#8287 = ( GEOMETRIC_REPRESENTATION_CONTEXT(2) 
PARAMETRIC_REPRESENTATION_CONTEXT() REPRESENTATION_CONTEXT('2D SPACE',''
  ) );
#8288 = ORIENTED_EDGE('',*,*,#8217,.F.);
#8289 = FACE_BOUND('',#8290,.F.);
#8290 = EDGE_LOOP('',(#8291));
#8291 = ORIENTED_EDGE('',*,*,#8292,.F.);
#8292 = EDGE_CURVE('',#8293,#8293,#8295,.T.);
#8293 = VERTEX_POINT('',#8294);
#8294 = CARTESIAN_POINT('',(88.9,25.4,0.));
#8295 = SURFACE_CURVE('',#8296,(#8301,#8308),.PCURVE_S1.);
#8296 = CIRCLE('',#8297,12.7);
#8297 = AXIS2_PLACEMENT_3D('',#8298,#8299,#8300);
#8298 = CARTESIAN_POINT('',(76.2,25.4,0.));
#8299 = DIRECTION('',(0.,0.,1.));
#8300 = DIRECTION('',(1.,0.,-0.));
#8301 = PCURVE('',#7992,#8302);
#8302 = DEFINITIONAL_REPRESENTATION('',(#8303),#8307);
#8303 = CIRCLE('',#8304,12.7);
#8304 = AXIS2_PLACEMENT_2D('',#8305,#8306);
#8305 = CARTESIAN_POINT('',(76.2,25.4));
#8306 = DIRECTION('',(1.,0.));
#8307 = ( GEOMETRIC_REPRESENTATION_CONTEXT(2) 
PARAMETRIC_REPRESENTATION_CONTEXT() REPRESENTATION_CONTEXT('2D SPACE',''
  ) );
#8308 = PCURVE('',#8202,#8309);
#8309 = DEFINITIONAL_REPRESENTATION('',(#8310),#8314);
#8310 = LINE('',#8311,#8312);
#8311 = CARTESIAN_POINT('',(0.,0.254));
#8312 = VECTOR('',#8313,1.);
#8313 = DIRECTION('',(1.,0.));
#8314 = ( GEOMETRIC_REPRESENTATION_CONTEXT(2) 
PARAMETRIC_REPRESENTATION_CONTEXT() REPRESENTATION_CONTEXT('2D SPACE',''
  ) );
#8315 = ADVANCED_FACE('',(#8316),#8122,.T.);
#8316 = FACE_BOUND('',#8317,.T.);
#8317 = EDGE_LOOP('',(#8318,#8319,#8320,#8321));
#8318 = ORIENTED_EDGE('',*,*,#8108,.F.);
#8319 = ORIENTED_EDGE('',*,*,#8268,.T.);
#8320 = ORIENTED_EDGE('',*,*,#8242,.T.);
#8321 = ORIENTED_EDGE('',*,*,#8139,.F.);
#8322 = ADVANCED_FACE('',(#8323),#8202,.F.);
#8323 = FACE_BOUND('',#8324,.F.);
#8324 = EDGE_LOOP('',(#8325,#8326,#8347,#8348));
#8325 = ORIENTED_EDGE('',*,*,#8185,.F.);
#8326 = ORIENTED_EDGE('',*,*,#8327,.F.);
#8327 = EDGE_CURVE('',#8293,#8186,#8328,.T.);
#8328 = SEAM_CURVE('',#8329,(#8333,#8340),.PCURVE_S1.);
#8329 = LINE('',#8330,#8331);
#8330 = CARTESIAN_POINT('',(88.9,25.4,-0.254));
#8331 = VECTOR('',#8332,25.4);
#8332 = DIRECTION('',(0.,0.,1.));
#8333 = PCURVE('',#8202,#8334);
#8334 = DEFINITIONAL_REPRESENTATION('',(#8335),#8339);
#8335 = LINE('',#8336,#8337);
#8336 = CARTESIAN_POINT('',(6.28318530718,-0.));
#8337 = VECTOR('',#8338,1.);
#8338 = DIRECTION('',(0.,1.));
#8339 = ( GEOMETRIC_REPRESENTATION_CONTEXT(2) 
PARAMETRIC_REPRESENTATION_CONTEXT() REPRESENTATION_CONTEXT('2D SPACE',''
  ) );
#8340 = PCURVE('',#8202,#8341);
#8341 = DEFINITIONAL_REPRESENTATION('',(#8342),#8346);
#8342 = LINE('',#8343,#8344);
#8343 = CARTESIAN_POINT('',(0.,-0.));
#8344 = VECTOR('',#8345,1.);
#8345 = DIRECTION('',(0.,1.));
#8346 = ( GEOMETRIC_REPRESENTATION_CONTEXT(2) 
PARAMETRIC_REPRESENTATION_CONTEXT() REPRESENTATION_CONTEXT('2D SPACE',''
  ) );
#8347 = ORIENTED_EDGE('',*,*,#8292,.T.);
#8348 = ORIENTED_EDGE('',*,*,#8327,.T.);
#8349 = ( GEOMETRIC_REPRESENTATION_CONTEXT(3) 
GLOBAL_UNCERTAINTY_ASSIGNED_CONTEXT((#8353)) 
GLOBAL_UNIT_ASSIGNED_CONTEXT((#8350,#8351,#8352)) REPRESENTATION_CONTEXT
('Context #1','3D Context with UNIT and UNCERTAINTY') );
#8350 = ( LENGTH_UNIT() NAMED_UNIT(*) SI_UNIT(.MILLI.,.METRE.) );
#8351 = ( NAMED_UNIT(*) PLANE_ANGLE_UNIT() SI_UNIT($,.RADIAN.) );
#8352 = ( NAMED_UNIT(*) SI_UNIT($,.STERADIAN.) SOLID_ANGLE_UNIT() );
#8353 = UNCERTAINTY_MEASURE_WITH_UNIT(LENGTH_MEASURE(2.54E-06),#8350,
  'distance_accuracy_value','confusion accuracy');
#8354 = CONTEXT_DEPENDENT_SHAPE_REPRESENTATION(#8355,#8357);
#8355 = ( REPRESENTATION_RELATIONSHIP('','',#7934,#10) 
REPRESENTATION_RELATIONSHIP_WITH_TRANSFORMATION(#8356) 
SHAPE_REPRESENTATION_RELATIONSHIP() );
#8356 = ITEM_DEFINED_TRANSFORMATION('','',#11,#75);
#8357 = PRODUCT_DEFINITION_SHAPE('Placement','Placement of an item',
  #8358);
#8358 = NEXT_ASSEMBLY_USAGE_OCCURRENCE('16','Piston Plate','',#5,#7929,$
  );
#8359 = PRODUCT_RELATED_PRODUCT_CATEGORY('part',$,(#7931));
#8360 = SHAPE_DEFINITION_REPRESENTATION(#8361,#8367);
#8361 = PRODUCT_DEFINITION_SHAPE('','',#8362);
#8362 = PRODUCT_DEFINITION('design','',#8363,#8366);
#8363 = PRODUCT_DEFINITION_FORMATION('','',#8364);
#8364 = PRODUCT('Piston Plate (mirror)','Piston Plate (mirror)','',(
    #8365));
#8365 = PRODUCT_CONTEXT('',#2,'mechanical');
#8366 = PRODUCT_DEFINITION_CONTEXT('part definition',#2,'design');
#8367 = ADVANCED_BREP_SHAPE_REPRESENTATION('',(#11,#8368),#8790);
#8368 = MANIFOLD_SOLID_BREP('',#8369);
#8369 = CLOSED_SHELL('',(#8370,#8490,#8566,#8650,#8699,#8756,#8763));
#8370 = ADVANCED_FACE('',(#8371),#8385,.F.);
#8371 = FACE_BOUND('',#8372,.T.);
#8372 = EDGE_LOOP('',(#8373,#8408,#8436,#8464));
#8373 = ORIENTED_EDGE('',*,*,#8374,.F.);
#8374 = EDGE_CURVE('',#8375,#8377,#8379,.T.);
#8375 = VERTEX_POINT('',#8376);
#8376 = CARTESIAN_POINT('',(0.,-2.255973186038E-14,101.6));
#8377 = VERTEX_POINT('',#8378);
#8378 = CARTESIAN_POINT('',(0.,-2.255973186038E-14,95.25));
#8379 = SURFACE_CURVE('',#8380,(#8384,#8396),.PCURVE_S1.);
#8380 = LINE('',#8381,#8382);
#8381 = CARTESIAN_POINT('',(0.,-2.255973186038E-14,101.6));
#8382 = VECTOR('',#8383,25.4);
#8383 = DIRECTION('',(-0.,4.440892098501E-16,-1.));
#8384 = PCURVE('',#8385,#8390);
#8385 = PLANE('',#8386);
#8386 = AXIS2_PLACEMENT_3D('',#8387,#8388,#8389);
#8387 = CARTESIAN_POINT('',(0.,-2.255973186038E-14,101.6));
#8388 = DIRECTION('',(1.,-0.,-0.));
#8389 = DIRECTION('',(0.,-4.440892098501E-16,1.));
#8390 = DEFINITIONAL_REPRESENTATION('',(#8391),#8395);
#8391 = LINE('',#8392,#8393);
#8392 = CARTESIAN_POINT('',(-0.,-0.));
#8393 = VECTOR('',#8394,1.);
#8394 = DIRECTION('',(-1.,0.));
#8395 = ( GEOMETRIC_REPRESENTATION_CONTEXT(2) 
PARAMETRIC_REPRESENTATION_CONTEXT() REPRESENTATION_CONTEXT('2D SPACE',''
  ) );
#8396 = PCURVE('',#8397,#8402);
#8397 = PLANE('',#8398);
#8398 = AXIS2_PLACEMENT_3D('',#8399,#8400,#8401);
#8399 = CARTESIAN_POINT('',(0.,-2.255973186038E-14,101.6));
#8400 = DIRECTION('',(-0.,1.,4.440892098501E-16));
#8401 = DIRECTION('',(0.,-4.440892098501E-16,1.));
#8402 = DEFINITIONAL_REPRESENTATION('',(#8403),#8407);
#8403 = LINE('',#8404,#8405);
#8404 = CARTESIAN_POINT('',(-0.,0.));
#8405 = VECTOR('',#8406,1.);
#8406 = DIRECTION('',(-1.,0.));
#8407 = ( GEOMETRIC_REPRESENTATION_CONTEXT(2) 
PARAMETRIC_REPRESENTATION_CONTEXT() REPRESENTATION_CONTEXT('2D SPACE',''
  ) );
#8408 = ORIENTED_EDGE('',*,*,#8409,.T.);
#8409 = EDGE_CURVE('',#8375,#8410,#8412,.T.);
#8410 = VERTEX_POINT('',#8411);
#8411 = CARTESIAN_POINT('',(0.,184.15,101.6));
#8412 = SURFACE_CURVE('',#8413,(#8417,#8424),.PCURVE_S1.);
#8413 = LINE('',#8414,#8415);
#8414 = CARTESIAN_POINT('',(0.,-2.255973186038E-14,101.6));
#8415 = VECTOR('',#8416,25.4);
#8416 = DIRECTION('',(-0.,1.,4.440892098501E-16));
#8417 = PCURVE('',#8385,#8418);
#8418 = DEFINITIONAL_REPRESENTATION('',(#8419),#8423);
#8419 = LINE('',#8420,#8421);
#8420 = CARTESIAN_POINT('',(-0.,-0.));
#8421 = VECTOR('',#8422,1.);
#8422 = DIRECTION('',(-0.,-1.));
#8423 = ( GEOMETRIC_REPRESENTATION_CONTEXT(2) 
PARAMETRIC_REPRESENTATION_CONTEXT() REPRESENTATION_CONTEXT('2D SPACE',''
  ) );
#8424 = PCURVE('',#8425,#8430);
#8425 = PLANE('',#8426);
#8426 = AXIS2_PLACEMENT_3D('',#8427,#8428,#8429);
#8427 = CARTESIAN_POINT('',(0.,-2.255973186038E-14,101.6));
#8428 = DIRECTION('',(-0.,4.440892098501E-16,-1.));
#8429 = DIRECTION('',(-1.,0.,0.));
#8430 = DEFINITIONAL_REPRESENTATION('',(#8431),#8435);
#8431 = LINE('',#8432,#8433);
#8432 = CARTESIAN_POINT('',(-0.,0.));
#8433 = VECTOR('',#8434,1.);
#8434 = DIRECTION('',(-0.,1.));
#8435 = ( GEOMETRIC_REPRESENTATION_CONTEXT(2) 
PARAMETRIC_REPRESENTATION_CONTEXT() REPRESENTATION_CONTEXT('2D SPACE',''
  ) );
#8436 = ORIENTED_EDGE('',*,*,#8437,.T.);
#8437 = EDGE_CURVE('',#8410,#8438,#8440,.T.);
#8438 = VERTEX_POINT('',#8439);
#8439 = CARTESIAN_POINT('',(0.,184.15,95.25));
#8440 = SURFACE_CURVE('',#8441,(#8445,#8452),.PCURVE_S1.);
#8441 = LINE('',#8442,#8443);
#8442 = CARTESIAN_POINT('',(0.,184.15,101.6));
#8443 = VECTOR('',#8444,25.4);
#8444 = DIRECTION('',(-0.,4.440892098501E-16,-1.));
#8445 = PCURVE('',#8385,#8446);
#8446 = DEFINITIONAL_REPRESENTATION('',(#8447),#8451);
#8447 = LINE('',#8448,#8449);
#8448 = CARTESIAN_POINT('',(8.459899447644E-15,-184.15));
#8449 = VECTOR('',#8450,1.);
#8450 = DIRECTION('',(-1.,0.));
#8451 = ( GEOMETRIC_REPRESENTATION_CONTEXT(2) 
PARAMETRIC_REPRESENTATION_CONTEXT() REPRESENTATION_CONTEXT('2D SPACE',''
  ) );
#8452 = PCURVE('',#8453,#8458);
#8453 = PLANE('',#8454);
#8454 = AXIS2_PLACEMENT_3D('',#8455,#8456,#8457);
#8455 = CARTESIAN_POINT('',(0.,184.15,101.6));
#8456 = DIRECTION('',(-0.,1.,4.440892098501E-16));
#8457 = DIRECTION('',(0.,-4.440892098501E-16,1.));
#8458 = DEFINITIONAL_REPRESENTATION('',(#8459),#8463);
#8459 = LINE('',#8460,#8461);
#8460 = CARTESIAN_POINT('',(-0.,0.));
#8461 = VECTOR('',#8462,1.);
#8462 = DIRECTION('',(-1.,0.));
#8463 = ( GEOMETRIC_REPRESENTATION_CONTEXT(2) 
PARAMETRIC_REPRESENTATION_CONTEXT() REPRESENTATION_CONTEXT('2D SPACE',''
  ) );
#8464 = ORIENTED_EDGE('',*,*,#8465,.F.);
#8465 = EDGE_CURVE('',#8377,#8438,#8466,.T.);
#8466 = SURFACE_CURVE('',#8467,(#8471,#8478),.PCURVE_S1.);
#8467 = LINE('',#8468,#8469);
#8468 = CARTESIAN_POINT('',(0.,-1.973976537784E-14,95.25));
#8469 = VECTOR('',#8470,25.4);
#8470 = DIRECTION('',(-0.,1.,4.440892098501E-16));
#8471 = PCURVE('',#8385,#8472);
#8472 = DEFINITIONAL_REPRESENTATION('',(#8473),#8477);
#8473 = LINE('',#8474,#8475);
#8474 = CARTESIAN_POINT('',(-6.35,0.));
#8475 = VECTOR('',#8476,1.);
#8476 = DIRECTION('',(-0.,-1.));
#8477 = ( GEOMETRIC_REPRESENTATION_CONTEXT(2) 
PARAMETRIC_REPRESENTATION_CONTEXT() REPRESENTATION_CONTEXT('2D SPACE',''
  ) );
#8478 = PCURVE('',#8479,#8484);
#8479 = PLANE('',#8480);
#8480 = AXIS2_PLACEMENT_3D('',#8481,#8482,#8483);
#8481 = CARTESIAN_POINT('',(0.,-1.973976537784E-14,95.25));
#8482 = DIRECTION('',(-0.,4.440892098501E-16,-1.));
#8483 = DIRECTION('',(-1.,0.,0.));
#8484 = DEFINITIONAL_REPRESENTATION('',(#8485),#8489);
#8485 = LINE('',#8486,#8487);
#8486 = CARTESIAN_POINT('',(-0.,0.));
#8487 = VECTOR('',#8488,1.);
#8488 = DIRECTION('',(-0.,1.));
#8489 = ( GEOMETRIC_REPRESENTATION_CONTEXT(2) 
PARAMETRIC_REPRESENTATION_CONTEXT() REPRESENTATION_CONTEXT('2D SPACE',''
  ) );
#8490 = ADVANCED_FACE('',(#8491),#8397,.F.);
#8491 = FACE_BOUND('',#8492,.T.);
#8492 = EDGE_LOOP('',(#8493,#8516,#8517,#8540));
#8493 = ORIENTED_EDGE('',*,*,#8494,.F.);
#8494 = EDGE_CURVE('',#8375,#8495,#8497,.T.);
#8495 = VERTEX_POINT('',#8496);
#8496 = CARTESIAN_POINT('',(152.4,-2.255973186038E-14,101.6));
#8497 = SURFACE_CURVE('',#8498,(#8502,#8509),.PCURVE_S1.);
#8498 = LINE('',#8499,#8500);
#8499 = CARTESIAN_POINT('',(0.,-2.255973186038E-14,101.6));
#8500 = VECTOR('',#8501,25.4);
#8501 = DIRECTION('',(1.,-0.,-0.));
#8502 = PCURVE('',#8397,#8503);
#8503 = DEFINITIONAL_REPRESENTATION('',(#8504),#8508);
#8504 = LINE('',#8505,#8506);
#8505 = CARTESIAN_POINT('',(-0.,0.));
#8506 = VECTOR('',#8507,1.);
#8507 = DIRECTION('',(-0.,1.));
#8508 = ( GEOMETRIC_REPRESENTATION_CONTEXT(2) 
PARAMETRIC_REPRESENTATION_CONTEXT() REPRESENTATION_CONTEXT('2D SPACE',''
  ) );
#8509 = PCURVE('',#8425,#8510);
#8510 = DEFINITIONAL_REPRESENTATION('',(#8511),#8515);
#8511 = LINE('',#8512,#8513);
#8512 = CARTESIAN_POINT('',(-0.,0.));
#8513 = VECTOR('',#8514,1.);
#8514 = DIRECTION('',(-1.,0.));
#8515 = ( GEOMETRIC_REPRESENTATION_CONTEXT(2) 
PARAMETRIC_REPRESENTATION_CONTEXT() REPRESENTATION_CONTEXT('2D SPACE',''
  ) );
#8516 = ORIENTED_EDGE('',*,*,#8374,.T.);
#8517 = ORIENTED_EDGE('',*,*,#8518,.T.);
#8518 = EDGE_CURVE('',#8377,#8519,#8521,.T.);
#8519 = VERTEX_POINT('',#8520);
#8520 = CARTESIAN_POINT('',(152.4,-2.255973186038E-14,95.25));
#8521 = SURFACE_CURVE('',#8522,(#8526,#8533),.PCURVE_S1.);
#8522 = LINE('',#8523,#8524);
#8523 = CARTESIAN_POINT('',(0.,-1.973976537784E-14,95.25));
#8524 = VECTOR('',#8525,25.4);
#8525 = DIRECTION('',(1.,-0.,-0.));
#8526 = PCURVE('',#8397,#8527);
#8527 = DEFINITIONAL_REPRESENTATION('',(#8528),#8532);
#8528 = LINE('',#8529,#8530);
#8529 = CARTESIAN_POINT('',(-6.35,0.));
#8530 = VECTOR('',#8531,1.);
#8531 = DIRECTION('',(-0.,1.));
#8532 = ( GEOMETRIC_REPRESENTATION_CONTEXT(2) 
PARAMETRIC_REPRESENTATION_CONTEXT() REPRESENTATION_CONTEXT('2D SPACE',''
  ) );
#8533 = PCURVE('',#8479,#8534);
#8534 = DEFINITIONAL_REPRESENTATION('',(#8535),#8539);
#8535 = LINE('',#8536,#8537);
#8536 = CARTESIAN_POINT('',(-0.,0.));
#8537 = VECTOR('',#8538,1.);
#8538 = DIRECTION('',(-1.,0.));
#8539 = ( GEOMETRIC_REPRESENTATION_CONTEXT(2) 
PARAMETRIC_REPRESENTATION_CONTEXT() REPRESENTATION_CONTEXT('2D SPACE',''
  ) );
#8540 = ORIENTED_EDGE('',*,*,#8541,.F.);
#8541 = EDGE_CURVE('',#8495,#8519,#8542,.T.);
#8542 = SURFACE_CURVE('',#8543,(#8547,#8554),.PCURVE_S1.);
#8543 = LINE('',#8544,#8545);
#8544 = CARTESIAN_POINT('',(152.4,-2.255973186038E-14,101.6));
#8545 = VECTOR('',#8546,25.4);
#8546 = DIRECTION('',(-0.,4.440892098501E-16,-1.));
#8547 = PCURVE('',#8397,#8548);
#8548 = DEFINITIONAL_REPRESENTATION('',(#8549),#8553);
#8549 = LINE('',#8550,#8551);
#8550 = CARTESIAN_POINT('',(-0.,152.4));
#8551 = VECTOR('',#8552,1.);
#8552 = DIRECTION('',(-1.,0.));
#8553 = ( GEOMETRIC_REPRESENTATION_CONTEXT(2) 
PARAMETRIC_REPRESENTATION_CONTEXT() REPRESENTATION_CONTEXT('2D SPACE',''
  ) );
#8554 = PCURVE('',#8555,#8560);
#8555 = PLANE('',#8556);
#8556 = AXIS2_PLACEMENT_3D('',#8557,#8558,#8559);
#8557 = CARTESIAN_POINT('',(152.4,-2.255973186038E-14,101.6));
#8558 = DIRECTION('',(1.,-0.,-0.));
#8559 = DIRECTION('',(0.,-4.440892098501E-16,1.));
#8560 = DEFINITIONAL_REPRESENTATION('',(#8561),#8565);
#8561 = LINE('',#8562,#8563);
#8562 = CARTESIAN_POINT('',(-0.,-0.));
#8563 = VECTOR('',#8564,1.);
#8564 = DIRECTION('',(-1.,0.));
#8565 = ( GEOMETRIC_REPRESENTATION_CONTEXT(2) 
PARAMETRIC_REPRESENTATION_CONTEXT() REPRESENTATION_CONTEXT('2D SPACE',''
  ) );
#8566 = ADVANCED_FACE('',(#8567,#8615),#8479,.T.);
#8567 = FACE_BOUND('',#8568,.F.);
#8568 = EDGE_LOOP('',(#8569,#8570,#8571,#8594));
#8569 = ORIENTED_EDGE('',*,*,#8465,.F.);
#8570 = ORIENTED_EDGE('',*,*,#8518,.T.);
#8571 = ORIENTED_EDGE('',*,*,#8572,.T.);
#8572 = EDGE_CURVE('',#8519,#8573,#8575,.T.);
#8573 = VERTEX_POINT('',#8574);
#8574 = CARTESIAN_POINT('',(152.4,184.15,95.25));
#8575 = SURFACE_CURVE('',#8576,(#8580,#8587),.PCURVE_S1.);
#8576 = LINE('',#8577,#8578);
#8577 = CARTESIAN_POINT('',(152.4,-1.973976537784E-14,95.25));
#8578 = VECTOR('',#8579,25.4);
#8579 = DIRECTION('',(-0.,1.,4.440892098501E-16));
#8580 = PCURVE('',#8479,#8581);
#8581 = DEFINITIONAL_REPRESENTATION('',(#8582),#8586);
#8582 = LINE('',#8583,#8584);
#8583 = CARTESIAN_POINT('',(-152.4,0.));
#8584 = VECTOR('',#8585,1.);
#8585 = DIRECTION('',(-0.,1.));
#8586 = ( GEOMETRIC_REPRESENTATION_CONTEXT(2) 
PARAMETRIC_REPRESENTATION_CONTEXT() REPRESENTATION_CONTEXT('2D SPACE',''
  ) );
#8587 = PCURVE('',#8555,#8588);
#8588 = DEFINITIONAL_REPRESENTATION('',(#8589),#8593);
#8589 = LINE('',#8590,#8591);
#8590 = CARTESIAN_POINT('',(-6.35,0.));
#8591 = VECTOR('',#8592,1.);
#8592 = DIRECTION('',(-0.,-1.));
#8593 = ( GEOMETRIC_REPRESENTATION_CONTEXT(2) 
PARAMETRIC_REPRESENTATION_CONTEXT() REPRESENTATION_CONTEXT('2D SPACE',''
  ) );
#8594 = ORIENTED_EDGE('',*,*,#8595,.F.);
#8595 = EDGE_CURVE('',#8438,#8573,#8596,.T.);
#8596 = SURFACE_CURVE('',#8597,(#8601,#8608),.PCURVE_S1.);
#8597 = LINE('',#8598,#8599);
#8598 = CARTESIAN_POINT('',(0.,184.15,95.25));
#8599 = VECTOR('',#8600,25.4);
#8600 = DIRECTION('',(1.,-0.,-0.));
#8601 = PCURVE('',#8479,#8602);
#8602 = DEFINITIONAL_REPRESENTATION('',(#8603),#8607);
#8603 = LINE('',#8604,#8605);
#8604 = CARTESIAN_POINT('',(-0.,184.15));
#8605 = VECTOR('',#8606,1.);
#8606 = DIRECTION('',(-1.,0.));
#8607 = ( GEOMETRIC_REPRESENTATION_CONTEXT(2) 
PARAMETRIC_REPRESENTATION_CONTEXT() REPRESENTATION_CONTEXT('2D SPACE',''
  ) );
#8608 = PCURVE('',#8453,#8609);
#8609 = DEFINITIONAL_REPRESENTATION('',(#8610),#8614);
#8610 = LINE('',#8611,#8612);
#8611 = CARTESIAN_POINT('',(-6.35,0.));
#8612 = VECTOR('',#8613,1.);
#8613 = DIRECTION('',(-0.,1.));
#8614 = ( GEOMETRIC_REPRESENTATION_CONTEXT(2) 
PARAMETRIC_REPRESENTATION_CONTEXT() REPRESENTATION_CONTEXT('2D SPACE',''
  ) );
#8615 = FACE_BOUND('',#8616,.F.);
#8616 = EDGE_LOOP('',(#8617));
#8617 = ORIENTED_EDGE('',*,*,#8618,.F.);
#8618 = EDGE_CURVE('',#8619,#8619,#8621,.T.);
#8619 = VERTEX_POINT('',#8620);
#8620 = CARTESIAN_POINT('',(88.9,25.4,95.25));
#8621 = SURFACE_CURVE('',#8622,(#8627,#8638),.PCURVE_S1.);
#8622 = CIRCLE('',#8623,12.7);
#8623 = AXIS2_PLACEMENT_3D('',#8624,#8625,#8626);
#8624 = CARTESIAN_POINT('',(76.2,25.4,95.25));
#8625 = DIRECTION('',(0.,-4.440892098501E-16,1.));
#8626 = DIRECTION('',(1.,-0.,-0.));
#8627 = PCURVE('',#8479,#8628);
#8628 = DEFINITIONAL_REPRESENTATION('',(#8629),#8637);
#8629 = ( BOUNDED_CURVE() B_SPLINE_CURVE(2,(#8630,#8631,#8632,#8633,
#8634,#8635,#8636),.UNSPECIFIED.,.T.,.F.) B_SPLINE_CURVE_WITH_KNOTS((1,2
    ,2,2,2,1),(-2.094395102393,0.,2.094395102393,4.188790204786,
6.28318530718,8.377580409573),.UNSPECIFIED.) CURVE() 
GEOMETRIC_REPRESENTATION_ITEM() RATIONAL_B_SPLINE_CURVE((1.,0.5,1.,0.5,
1.,0.5,1.)) REPRESENTATION_ITEM('') );
#8630 = CARTESIAN_POINT('',(-88.9,25.4));
#8631 = CARTESIAN_POINT('',(-88.9,47.397045256125));
#8632 = CARTESIAN_POINT('',(-69.85,36.398522628062));
#8633 = CARTESIAN_POINT('',(-50.8,25.4));
#8634 = CARTESIAN_POINT('',(-69.85,14.401477371938));
#8635 = CARTESIAN_POINT('',(-88.9,3.402954743875));
#8636 = CARTESIAN_POINT('',(-88.9,25.4));
#8637 = ( GEOMETRIC_REPRESENTATION_CONTEXT(2) 
PARAMETRIC_REPRESENTATION_CONTEXT() REPRESENTATION_CONTEXT('2D SPACE',''
  ) );
#8638 = PCURVE('',#8639,#8644);
#8639 = CYLINDRICAL_SURFACE('',#8640,12.7);
#8640 = AXIS2_PLACEMENT_3D('',#8641,#8642,#8643);
#8641 = CARTESIAN_POINT('',(76.2,25.4,101.854));
#8642 = DIRECTION('',(-0.,4.440892098501E-16,-1.));
#8643 = DIRECTION('',(1.,-0.,-0.));
#8644 = DEFINITIONAL_REPRESENTATION('',(#8645),#8649);
#8645 = LINE('',#8646,#8647);
#8646 = CARTESIAN_POINT('',(-0.,6.604));
#8647 = VECTOR('',#8648,1.);
#8648 = DIRECTION('',(-1.,0.));
#8649 = ( GEOMETRIC_REPRESENTATION_CONTEXT(2) 
PARAMETRIC_REPRESENTATION_CONTEXT() REPRESENTATION_CONTEXT('2D SPACE',''
  ) );
#8650 = ADVANCED_FACE('',(#8651),#8453,.T.);
#8651 = FACE_BOUND('',#8652,.F.);
#8652 = EDGE_LOOP('',(#8653,#8676,#8677,#8678));
#8653 = ORIENTED_EDGE('',*,*,#8654,.F.);
#8654 = EDGE_CURVE('',#8410,#8655,#8657,.T.);
#8655 = VERTEX_POINT('',#8656);
#8656 = CARTESIAN_POINT('',(152.4,184.15,101.6));
#8657 = SURFACE_CURVE('',#8658,(#8662,#8669),.PCURVE_S1.);
#8658 = LINE('',#8659,#8660);
#8659 = CARTESIAN_POINT('',(0.,184.15,101.6));
#8660 = VECTOR('',#8661,25.4);
#8661 = DIRECTION('',(1.,-0.,-0.));
#8662 = PCURVE('',#8453,#8663);
#8663 = DEFINITIONAL_REPRESENTATION('',(#8664),#8668);
#8664 = LINE('',#8665,#8666);
#8665 = CARTESIAN_POINT('',(-0.,0.));
#8666 = VECTOR('',#8667,1.);
#8667 = DIRECTION('',(-0.,1.));
#8668 = ( GEOMETRIC_REPRESENTATION_CONTEXT(2) 
PARAMETRIC_REPRESENTATION_CONTEXT() REPRESENTATION_CONTEXT('2D SPACE',''
  ) );
#8669 = PCURVE('',#8425,#8670);
#8670 = DEFINITIONAL_REPRESENTATION('',(#8671),#8675);
#8671 = LINE('',#8672,#8673);
#8672 = CARTESIAN_POINT('',(-0.,184.15));
#8673 = VECTOR('',#8674,1.);
#8674 = DIRECTION('',(-1.,0.));
#8675 = ( GEOMETRIC_REPRESENTATION_CONTEXT(2) 
PARAMETRIC_REPRESENTATION_CONTEXT() REPRESENTATION_CONTEXT('2D SPACE',''
  ) );
#8676 = ORIENTED_EDGE('',*,*,#8437,.T.);
#8677 = ORIENTED_EDGE('',*,*,#8595,.T.);
#8678 = ORIENTED_EDGE('',*,*,#8679,.F.);
#8679 = EDGE_CURVE('',#8655,#8573,#8680,.T.);
#8680 = SURFACE_CURVE('',#8681,(#8685,#8692),.PCURVE_S1.);
#8681 = LINE('',#8682,#8683);
#8682 = CARTESIAN_POINT('',(152.4,184.15,101.6));
#8683 = VECTOR('',#8684,25.4);
#8684 = DIRECTION('',(-0.,4.440892098501E-16,-1.));
#8685 = PCURVE('',#8453,#8686);
#8686 = DEFINITIONAL_REPRESENTATION('',(#8687),#8691);
#8687 = LINE('',#8688,#8689);
#8688 = CARTESIAN_POINT('',(-0.,152.4));
#8689 = VECTOR('',#8690,1.);
#8690 = DIRECTION('',(-1.,0.));
#8691 = ( GEOMETRIC_REPRESENTATION_CONTEXT(2) 
PARAMETRIC_REPRESENTATION_CONTEXT() REPRESENTATION_CONTEXT('2D SPACE',''
  ) );
#8692 = PCURVE('',#8555,#8693);
#8693 = DEFINITIONAL_REPRESENTATION('',(#8694),#8698);
#8694 = LINE('',#8695,#8696);
#8695 = CARTESIAN_POINT('',(8.459899447644E-15,-184.15));
#8696 = VECTOR('',#8697,1.);
#8697 = DIRECTION('',(-1.,0.));
#8698 = ( GEOMETRIC_REPRESENTATION_CONTEXT(2) 
PARAMETRIC_REPRESENTATION_CONTEXT() REPRESENTATION_CONTEXT('2D SPACE',''
  ) );
#8699 = ADVANCED_FACE('',(#8700,#8726),#8425,.F.);
#8700 = FACE_BOUND('',#8701,.T.);
#8701 = EDGE_LOOP('',(#8702,#8703,#8704,#8725));
#8702 = ORIENTED_EDGE('',*,*,#8409,.F.);
#8703 = ORIENTED_EDGE('',*,*,#8494,.T.);
#8704 = ORIENTED_EDGE('',*,*,#8705,.T.);
#8705 = EDGE_CURVE('',#8495,#8655,#8706,.T.);
#8706 = SURFACE_CURVE('',#8707,(#8711,#8718),.PCURVE_S1.);
#8707 = LINE('',#8708,#8709);
#8708 = CARTESIAN_POINT('',(152.4,-2.255973186038E-14,101.6));
#8709 = VECTOR('',#8710,25.4);
#8710 = DIRECTION('',(-0.,1.,4.440892098501E-16));
#8711 = PCURVE('',#8425,#8712);
#8712 = DEFINITIONAL_REPRESENTATION('',(#8713),#8717);
#8713 = LINE('',#8714,#8715);
#8714 = CARTESIAN_POINT('',(-152.4,0.));
#8715 = VECTOR('',#8716,1.);
#8716 = DIRECTION('',(-0.,1.));
#8717 = ( GEOMETRIC_REPRESENTATION_CONTEXT(2) 
PARAMETRIC_REPRESENTATION_CONTEXT() REPRESENTATION_CONTEXT('2D SPACE',''
  ) );
#8718 = PCURVE('',#8555,#8719);
#8719 = DEFINITIONAL_REPRESENTATION('',(#8720),#8724);
#8720 = LINE('',#8721,#8722);
#8721 = CARTESIAN_POINT('',(-0.,-0.));
#8722 = VECTOR('',#8723,1.);
#8723 = DIRECTION('',(-0.,-1.));
#8724 = ( GEOMETRIC_REPRESENTATION_CONTEXT(2) 
PARAMETRIC_REPRESENTATION_CONTEXT() REPRESENTATION_CONTEXT('2D SPACE',''
  ) );
#8725 = ORIENTED_EDGE('',*,*,#8654,.F.);
#8726 = FACE_BOUND('',#8727,.T.);
#8727 = EDGE_LOOP('',(#8728));
#8728 = ORIENTED_EDGE('',*,*,#8729,.F.);
#8729 = EDGE_CURVE('',#8730,#8730,#8732,.T.);
#8730 = VERTEX_POINT('',#8731);
#8731 = CARTESIAN_POINT('',(88.9,25.4,101.6));
#8732 = SURFACE_CURVE('',#8733,(#8738,#8749),.PCURVE_S1.);
#8733 = CIRCLE('',#8734,12.7);
#8734 = AXIS2_PLACEMENT_3D('',#8735,#8736,#8737);
#8735 = CARTESIAN_POINT('',(76.2,25.4,101.6));
#8736 = DIRECTION('',(0.,-4.440892098501E-16,1.));
#8737 = DIRECTION('',(1.,-0.,-0.));
#8738 = PCURVE('',#8425,#8739);
#8739 = DEFINITIONAL_REPRESENTATION('',(#8740),#8748);
#8740 = ( BOUNDED_CURVE() B_SPLINE_CURVE(2,(#8741,#8742,#8743,#8744,
#8745,#8746,#8747),.UNSPECIFIED.,.T.,.F.) B_SPLINE_CURVE_WITH_KNOTS((1,2
    ,2,2,2,1),(-2.094395102393,0.,2.094395102393,4.188790204786,
6.28318530718,8.377580409573),.UNSPECIFIED.) CURVE() 
GEOMETRIC_REPRESENTATION_ITEM() RATIONAL_B_SPLINE_CURVE((1.,0.5,1.,0.5,
1.,0.5,1.)) REPRESENTATION_ITEM('') );
#8741 = CARTESIAN_POINT('',(-88.9,25.4));
#8742 = CARTESIAN_POINT('',(-88.9,47.397045256125));
#8743 = CARTESIAN_POINT('',(-69.85,36.398522628062));
#8744 = CARTESIAN_POINT('',(-50.8,25.4));
#8745 = CARTESIAN_POINT('',(-69.85,14.401477371938));
#8746 = CARTESIAN_POINT('',(-88.9,3.402954743875));
#8747 = CARTESIAN_POINT('',(-88.9,25.4));
#8748 = ( GEOMETRIC_REPRESENTATION_CONTEXT(2) 
PARAMETRIC_REPRESENTATION_CONTEXT() REPRESENTATION_CONTEXT('2D SPACE',''
  ) );
#8749 = PCURVE('',#8639,#8750);
#8750 = DEFINITIONAL_REPRESENTATION('',(#8751),#8755);
#8751 = LINE('',#8752,#8753);
#8752 = CARTESIAN_POINT('',(-0.,0.254));
#8753 = VECTOR('',#8754,1.);
#8754 = DIRECTION('',(-1.,0.));
#8755 = ( GEOMETRIC_REPRESENTATION_CONTEXT(2) 
PARAMETRIC_REPRESENTATION_CONTEXT() REPRESENTATION_CONTEXT('2D SPACE',''
  ) );
#8756 = ADVANCED_FACE('',(#8757),#8555,.T.);
#8757 = FACE_BOUND('',#8758,.F.);
#8758 = EDGE_LOOP('',(#8759,#8760,#8761,#8762));
#8759 = ORIENTED_EDGE('',*,*,#8541,.F.);
#8760 = ORIENTED_EDGE('',*,*,#8705,.T.);
#8761 = ORIENTED_EDGE('',*,*,#8679,.T.);
#8762 = ORIENTED_EDGE('',*,*,#8572,.F.);
#8763 = ADVANCED_FACE('',(#8764),#8639,.F.);
#8764 = FACE_BOUND('',#8765,.T.);
#8765 = EDGE_LOOP('',(#8766,#8767,#8788,#8789));
#8766 = ORIENTED_EDGE('',*,*,#8618,.F.);
#8767 = ORIENTED_EDGE('',*,*,#8768,.F.);
#8768 = EDGE_CURVE('',#8730,#8619,#8769,.T.);
#8769 = SEAM_CURVE('',#8770,(#8774,#8781),.PCURVE_S1.);
#8770 = LINE('',#8771,#8772);
#8771 = CARTESIAN_POINT('',(88.9,25.4,101.854));
#8772 = VECTOR('',#8773,25.4);
#8773 = DIRECTION('',(-0.,4.440892098501E-16,-1.));
#8774 = PCURVE('',#8639,#8775);
#8775 = DEFINITIONAL_REPRESENTATION('',(#8776),#8780);
#8776 = LINE('',#8777,#8778);
#8777 = CARTESIAN_POINT('',(-6.28318530718,-0.));
#8778 = VECTOR('',#8779,1.);
#8779 = DIRECTION('',(-0.,1.));
#8780 = ( GEOMETRIC_REPRESENTATION_CONTEXT(2) 
PARAMETRIC_REPRESENTATION_CONTEXT() REPRESENTATION_CONTEXT('2D SPACE',''
  ) );
#8781 = PCURVE('',#8639,#8782);
#8782 = DEFINITIONAL_REPRESENTATION('',(#8783),#8787);
#8783 = LINE('',#8784,#8785);
#8784 = CARTESIAN_POINT('',(-0.,-0.));
#8785 = VECTOR('',#8786,1.);
#8786 = DIRECTION('',(-0.,1.));
#8787 = ( GEOMETRIC_REPRESENTATION_CONTEXT(2) 
PARAMETRIC_REPRESENTATION_CONTEXT() REPRESENTATION_CONTEXT('2D SPACE',''
  ) );
#8788 = ORIENTED_EDGE('',*,*,#8729,.T.);
#8789 = ORIENTED_EDGE('',*,*,#8768,.T.);
#8790 = ( GEOMETRIC_REPRESENTATION_CONTEXT(3) 
GLOBAL_UNCERTAINTY_ASSIGNED_CONTEXT((#8794)) 
GLOBAL_UNIT_ASSIGNED_CONTEXT((#8791,#8792,#8793)) REPRESENTATION_CONTEXT
('Context #1','3D Context with UNIT and UNCERTAINTY') );
#8791 = ( LENGTH_UNIT() NAMED_UNIT(*) SI_UNIT(.MILLI.,.METRE.) );
#8792 = ( NAMED_UNIT(*) PLANE_ANGLE_UNIT() SI_UNIT($,.RADIAN.) );
#8793 = ( NAMED_UNIT(*) SI_UNIT($,.STERADIAN.) SOLID_ANGLE_UNIT() );
#8794 = UNCERTAINTY_MEASURE_WITH_UNIT(LENGTH_MEASURE(2.54E-06),#8791,
  'distance_accuracy_value','confusion accuracy');
#8795 = CONTEXT_DEPENDENT_SHAPE_REPRESENTATION(#8796,#8798);
#8796 = ( REPRESENTATION_RELATIONSHIP('','',#8367,#10) 
REPRESENTATION_RELATIONSHIP_WITH_TRANSFORMATION(#8797) 
SHAPE_REPRESENTATION_RELATIONSHIP() );
#8797 = ITEM_DEFINED_TRANSFORMATION('','',#11,#79);
#8798 = PRODUCT_DEFINITION_SHAPE('Placement','Placement of an item',
  #8799);
#8799 = NEXT_ASSEMBLY_USAGE_OCCURRENCE('17','Piston Plate (mirror)','',
  #5,#8362,$);
#8800 = PRODUCT_RELATED_PRODUCT_CATEGORY('part',$,(#8364));
#8801 = SHAPE_DEFINITION_REPRESENTATION(#8802,#8808);
#8802 = PRODUCT_DEFINITION_SHAPE('','',#8803);
#8803 = PRODUCT_DEFINITION('design','',#8804,#8807);
#8804 = PRODUCT_DEFINITION_FORMATION('','',#8805);
#8805 = PRODUCT('Piston Plate','Piston Plate','',(#8806));
#8806 = PRODUCT_CONTEXT('',#2,'mechanical');
#8807 = PRODUCT_DEFINITION_CONTEXT('part definition',#2,'design');
#8808 = ADVANCED_BREP_SHAPE_REPRESENTATION('',(#11,#8809),#9223);
#8809 = MANIFOLD_SOLID_BREP('',#8810);
#8810 = CLOSED_SHELL('',(#8811,#8931,#9007,#9087,#9136,#9189,#9196));
#8811 = ADVANCED_FACE('',(#8812),#8826,.F.);
#8812 = FACE_BOUND('',#8813,.F.);
#8813 = EDGE_LOOP('',(#8814,#8849,#8877,#8905));
#8814 = ORIENTED_EDGE('',*,*,#8815,.F.);
#8815 = EDGE_CURVE('',#8816,#8818,#8820,.T.);
#8816 = VERTEX_POINT('',#8817);
#8817 = CARTESIAN_POINT('',(0.,0.,0.));
#8818 = VERTEX_POINT('',#8819);
#8819 = CARTESIAN_POINT('',(0.,0.,6.35));
#8820 = SURFACE_CURVE('',#8821,(#8825,#8837),.PCURVE_S1.);
#8821 = LINE('',#8822,#8823);
#8822 = CARTESIAN_POINT('',(0.,0.,0.));
#8823 = VECTOR('',#8824,25.4);
#8824 = DIRECTION('',(0.,0.,1.));
#8825 = PCURVE('',#8826,#8831);
#8826 = PLANE('',#8827);
#8827 = AXIS2_PLACEMENT_3D('',#8828,#8829,#8830);
#8828 = CARTESIAN_POINT('',(0.,0.,0.));
#8829 = DIRECTION('',(1.,0.,-0.));
#8830 = DIRECTION('',(0.,0.,1.));
#8831 = DEFINITIONAL_REPRESENTATION('',(#8832),#8836);
#8832 = LINE('',#8833,#8834);
#8833 = CARTESIAN_POINT('',(0.,0.));
#8834 = VECTOR('',#8835,1.);
#8835 = DIRECTION('',(1.,0.));
#8836 = ( GEOMETRIC_REPRESENTATION_CONTEXT(2) 
PARAMETRIC_REPRESENTATION_CONTEXT() REPRESENTATION_CONTEXT('2D SPACE',''
  ) );
#8837 = PCURVE('',#8838,#8843);
#8838 = PLANE('',#8839);
#8839 = AXIS2_PLACEMENT_3D('',#8840,#8841,#8842);
#8840 = CARTESIAN_POINT('',(0.,0.,0.));
#8841 = DIRECTION('',(-0.,1.,0.));
#8842 = DIRECTION('',(0.,0.,1.));
#8843 = DEFINITIONAL_REPRESENTATION('',(#8844),#8848);
#8844 = LINE('',#8845,#8846);
#8845 = CARTESIAN_POINT('',(0.,0.));
#8846 = VECTOR('',#8847,1.);
#8847 = DIRECTION('',(1.,0.));
#8848 = ( GEOMETRIC_REPRESENTATION_CONTEXT(2) 
PARAMETRIC_REPRESENTATION_CONTEXT() REPRESENTATION_CONTEXT('2D SPACE',''
  ) );
#8849 = ORIENTED_EDGE('',*,*,#8850,.T.);
#8850 = EDGE_CURVE('',#8816,#8851,#8853,.T.);
#8851 = VERTEX_POINT('',#8852);
#8852 = CARTESIAN_POINT('',(0.,184.15,0.));
#8853 = SURFACE_CURVE('',#8854,(#8858,#8865),.PCURVE_S1.);
#8854 = LINE('',#8855,#8856);
#8855 = CARTESIAN_POINT('',(0.,0.,0.));
#8856 = VECTOR('',#8857,25.4);
#8857 = DIRECTION('',(-0.,1.,0.));
#8858 = PCURVE('',#8826,#8859);
#8859 = DEFINITIONAL_REPRESENTATION('',(#8860),#8864);
#8860 = LINE('',#8861,#8862);
#8861 = CARTESIAN_POINT('',(0.,0.));
#8862 = VECTOR('',#8863,1.);
#8863 = DIRECTION('',(0.,-1.));
#8864 = ( GEOMETRIC_REPRESENTATION_CONTEXT(2) 
PARAMETRIC_REPRESENTATION_CONTEXT() REPRESENTATION_CONTEXT('2D SPACE',''
  ) );
#8865 = PCURVE('',#8866,#8871);
#8866 = PLANE('',#8867);
#8867 = AXIS2_PLACEMENT_3D('',#8868,#8869,#8870);
#8868 = CARTESIAN_POINT('',(0.,0.,0.));
#8869 = DIRECTION('',(0.,0.,1.));
#8870 = DIRECTION('',(1.,0.,-0.));
#8871 = DEFINITIONAL_REPRESENTATION('',(#8872),#8876);
#8872 = LINE('',#8873,#8874);
#8873 = CARTESIAN_POINT('',(0.,0.));
#8874 = VECTOR('',#8875,1.);
#8875 = DIRECTION('',(0.,1.));
#8876 = ( GEOMETRIC_REPRESENTATION_CONTEXT(2) 
PARAMETRIC_REPRESENTATION_CONTEXT() REPRESENTATION_CONTEXT('2D SPACE',''
  ) );
#8877 = ORIENTED_EDGE('',*,*,#8878,.T.);
#8878 = EDGE_CURVE('',#8851,#8879,#8881,.T.);
#8879 = VERTEX_POINT('',#8880);
#8880 = CARTESIAN_POINT('',(0.,184.15,6.35));
#8881 = SURFACE_CURVE('',#8882,(#8886,#8893),.PCURVE_S1.);
#8882 = LINE('',#8883,#8884);
#8883 = CARTESIAN_POINT('',(0.,184.15,0.));
#8884 = VECTOR('',#8885,25.4);
#8885 = DIRECTION('',(0.,0.,1.));
#8886 = PCURVE('',#8826,#8887);
#8887 = DEFINITIONAL_REPRESENTATION('',(#8888),#8892);
#8888 = LINE('',#8889,#8890);
#8889 = CARTESIAN_POINT('',(0.,-184.15));
#8890 = VECTOR('',#8891,1.);
#8891 = DIRECTION('',(1.,0.));
#8892 = ( GEOMETRIC_REPRESENTATION_CONTEXT(2) 
PARAMETRIC_REPRESENTATION_CONTEXT() REPRESENTATION_CONTEXT('2D SPACE',''
  ) );
#8893 = PCURVE('',#8894,#8899);
#8894 = PLANE('',#8895);
#8895 = AXIS2_PLACEMENT_3D('',#8896,#8897,#8898);
#8896 = CARTESIAN_POINT('',(0.,184.15,0.));
#8897 = DIRECTION('',(-0.,1.,0.));
#8898 = DIRECTION('',(0.,0.,1.));
#8899 = DEFINITIONAL_REPRESENTATION('',(#8900),#8904);
#8900 = LINE('',#8901,#8902);
#8901 = CARTESIAN_POINT('',(0.,0.));
#8902 = VECTOR('',#8903,1.);
#8903 = DIRECTION('',(1.,0.));
#8904 = ( GEOMETRIC_REPRESENTATION_CONTEXT(2) 
PARAMETRIC_REPRESENTATION_CONTEXT() REPRESENTATION_CONTEXT('2D SPACE',''
  ) );
#8905 = ORIENTED_EDGE('',*,*,#8906,.F.);
#8906 = EDGE_CURVE('',#8818,#8879,#8907,.T.);
#8907 = SURFACE_CURVE('',#8908,(#8912,#8919),.PCURVE_S1.);
#8908 = LINE('',#8909,#8910);
#8909 = CARTESIAN_POINT('',(0.,0.,6.35));
#8910 = VECTOR('',#8911,25.4);
#8911 = DIRECTION('',(-0.,1.,0.));
#8912 = PCURVE('',#8826,#8913);
#8913 = DEFINITIONAL_REPRESENTATION('',(#8914),#8918);
#8914 = LINE('',#8915,#8916);
#8915 = CARTESIAN_POINT('',(6.35,0.));
#8916 = VECTOR('',#8917,1.);
#8917 = DIRECTION('',(0.,-1.));
#8918 = ( GEOMETRIC_REPRESENTATION_CONTEXT(2) 
PARAMETRIC_REPRESENTATION_CONTEXT() REPRESENTATION_CONTEXT('2D SPACE',''
  ) );
#8919 = PCURVE('',#8920,#8925);
#8920 = PLANE('',#8921);
#8921 = AXIS2_PLACEMENT_3D('',#8922,#8923,#8924);
#8922 = CARTESIAN_POINT('',(0.,0.,6.35));
#8923 = DIRECTION('',(0.,0.,1.));
#8924 = DIRECTION('',(1.,0.,-0.));
#8925 = DEFINITIONAL_REPRESENTATION('',(#8926),#8930);
#8926 = LINE('',#8927,#8928);
#8927 = CARTESIAN_POINT('',(0.,0.));
#8928 = VECTOR('',#8929,1.);
#8929 = DIRECTION('',(0.,1.));
#8930 = ( GEOMETRIC_REPRESENTATION_CONTEXT(2) 
PARAMETRIC_REPRESENTATION_CONTEXT() REPRESENTATION_CONTEXT('2D SPACE',''
  ) );
#8931 = ADVANCED_FACE('',(#8932),#8838,.F.);
#8932 = FACE_BOUND('',#8933,.F.);
#8933 = EDGE_LOOP('',(#8934,#8957,#8958,#8981));
#8934 = ORIENTED_EDGE('',*,*,#8935,.F.);
#8935 = EDGE_CURVE('',#8816,#8936,#8938,.T.);
#8936 = VERTEX_POINT('',#8937);
#8937 = CARTESIAN_POINT('',(152.4,0.,0.));
#8938 = SURFACE_CURVE('',#8939,(#8943,#8950),.PCURVE_S1.);
#8939 = LINE('',#8940,#8941);
#8940 = CARTESIAN_POINT('',(0.,0.,0.));
#8941 = VECTOR('',#8942,25.4);
#8942 = DIRECTION('',(1.,0.,-0.));
#8943 = PCURVE('',#8838,#8944);
#8944 = DEFINITIONAL_REPRESENTATION('',(#8945),#8949);
#8945 = LINE('',#8946,#8947);
#8946 = CARTESIAN_POINT('',(0.,0.));
#8947 = VECTOR('',#8948,1.);
#8948 = DIRECTION('',(0.,1.));
#8949 = ( GEOMETRIC_REPRESENTATION_CONTEXT(2) 
PARAMETRIC_REPRESENTATION_CONTEXT() REPRESENTATION_CONTEXT('2D SPACE',''
  ) );
#8950 = PCURVE('',#8866,#8951);
#8951 = DEFINITIONAL_REPRESENTATION('',(#8952),#8956);
#8952 = LINE('',#8953,#8954);
#8953 = CARTESIAN_POINT('',(0.,0.));
#8954 = VECTOR('',#8955,1.);
#8955 = DIRECTION('',(1.,0.));
#8956 = ( GEOMETRIC_REPRESENTATION_CONTEXT(2) 
PARAMETRIC_REPRESENTATION_CONTEXT() REPRESENTATION_CONTEXT('2D SPACE',''
  ) );
#8957 = ORIENTED_EDGE('',*,*,#8815,.T.);
#8958 = ORIENTED_EDGE('',*,*,#8959,.T.);
#8959 = EDGE_CURVE('',#8818,#8960,#8962,.T.);
#8960 = VERTEX_POINT('',#8961);
#8961 = CARTESIAN_POINT('',(152.4,0.,6.35));
#8962 = SURFACE_CURVE('',#8963,(#8967,#8974),.PCURVE_S1.);
#8963 = LINE('',#8964,#8965);
#8964 = CARTESIAN_POINT('',(0.,0.,6.35));
#8965 = VECTOR('',#8966,25.4);
#8966 = DIRECTION('',(1.,0.,-0.));
#8967 = PCURVE('',#8838,#8968);
#8968 = DEFINITIONAL_REPRESENTATION('',(#8969),#8973);
#8969 = LINE('',#8970,#8971);
#8970 = CARTESIAN_POINT('',(6.35,0.));
#8971 = VECTOR('',#8972,1.);
#8972 = DIRECTION('',(0.,1.));
#8973 = ( GEOMETRIC_REPRESENTATION_CONTEXT(2) 
PARAMETRIC_REPRESENTATION_CONTEXT() REPRESENTATION_CONTEXT('2D SPACE',''
  ) );
#8974 = PCURVE('',#8920,#8975);
#8975 = DEFINITIONAL_REPRESENTATION('',(#8976),#8980);
#8976 = LINE('',#8977,#8978);
#8977 = CARTESIAN_POINT('',(0.,0.));
#8978 = VECTOR('',#8979,1.);
#8979 = DIRECTION('',(1.,0.));
#8980 = ( GEOMETRIC_REPRESENTATION_CONTEXT(2) 
PARAMETRIC_REPRESENTATION_CONTEXT() REPRESENTATION_CONTEXT('2D SPACE',''
  ) );
#8981 = ORIENTED_EDGE('',*,*,#8982,.F.);
#8982 = EDGE_CURVE('',#8936,#8960,#8983,.T.);
#8983 = SURFACE_CURVE('',#8984,(#8988,#8995),.PCURVE_S1.);
#8984 = LINE('',#8985,#8986);
#8985 = CARTESIAN_POINT('',(152.4,0.,0.));
#8986 = VECTOR('',#8987,25.4);
#8987 = DIRECTION('',(0.,0.,1.));
#8988 = PCURVE('',#8838,#8989);
#8989 = DEFINITIONAL_REPRESENTATION('',(#8990),#8994);
#8990 = LINE('',#8991,#8992);
#8991 = CARTESIAN_POINT('',(0.,152.4));
#8992 = VECTOR('',#8993,1.);
#8993 = DIRECTION('',(1.,0.));
#8994 = ( GEOMETRIC_REPRESENTATION_CONTEXT(2) 
PARAMETRIC_REPRESENTATION_CONTEXT() REPRESENTATION_CONTEXT('2D SPACE',''
  ) );
#8995 = PCURVE('',#8996,#9001);
#8996 = PLANE('',#8997);
#8997 = AXIS2_PLACEMENT_3D('',#8998,#8999,#9000);
#8998 = CARTESIAN_POINT('',(152.4,0.,0.));
#8999 = DIRECTION('',(1.,0.,-0.));
#9000 = DIRECTION('',(0.,0.,1.));
#9001 = DEFINITIONAL_REPRESENTATION('',(#9002),#9006);
#9002 = LINE('',#9003,#9004);
#9003 = CARTESIAN_POINT('',(0.,0.));
#9004 = VECTOR('',#9005,1.);
#9005 = DIRECTION('',(1.,0.));
#9006 = ( GEOMETRIC_REPRESENTATION_CONTEXT(2) 
PARAMETRIC_REPRESENTATION_CONTEXT() REPRESENTATION_CONTEXT('2D SPACE',''
  ) );
#9007 = ADVANCED_FACE('',(#9008,#9056),#8920,.T.);
#9008 = FACE_BOUND('',#9009,.T.);
#9009 = EDGE_LOOP('',(#9010,#9011,#9012,#9035));
#9010 = ORIENTED_EDGE('',*,*,#8906,.F.);
#9011 = ORIENTED_EDGE('',*,*,#8959,.T.);
#9012 = ORIENTED_EDGE('',*,*,#9013,.T.);
#9013 = EDGE_CURVE('',#8960,#9014,#9016,.T.);
#9014 = VERTEX_POINT('',#9015);
#9015 = CARTESIAN_POINT('',(152.4,184.15,6.35));
#9016 = SURFACE_CURVE('',#9017,(#9021,#9028),.PCURVE_S1.);
#9017 = LINE('',#9018,#9019);
#9018 = CARTESIAN_POINT('',(152.4,0.,6.35));
#9019 = VECTOR('',#9020,25.4);
#9020 = DIRECTION('',(-0.,1.,0.));
#9021 = PCURVE('',#8920,#9022);
#9022 = DEFINITIONAL_REPRESENTATION('',(#9023),#9027);
#9023 = LINE('',#9024,#9025);
#9024 = CARTESIAN_POINT('',(152.4,0.));
#9025 = VECTOR('',#9026,1.);
#9026 = DIRECTION('',(0.,1.));
#9027 = ( GEOMETRIC_REPRESENTATION_CONTEXT(2) 
PARAMETRIC_REPRESENTATION_CONTEXT() REPRESENTATION_CONTEXT('2D SPACE',''
  ) );
#9028 = PCURVE('',#8996,#9029);
#9029 = DEFINITIONAL_REPRESENTATION('',(#9030),#9034);
#9030 = LINE('',#9031,#9032);
#9031 = CARTESIAN_POINT('',(6.35,0.));
#9032 = VECTOR('',#9033,1.);
#9033 = DIRECTION('',(0.,-1.));
#9034 = ( GEOMETRIC_REPRESENTATION_CONTEXT(2) 
PARAMETRIC_REPRESENTATION_CONTEXT() REPRESENTATION_CONTEXT('2D SPACE',''
  ) );
#9035 = ORIENTED_EDGE('',*,*,#9036,.F.);
#9036 = EDGE_CURVE('',#8879,#9014,#9037,.T.);
#9037 = SURFACE_CURVE('',#9038,(#9042,#9049),.PCURVE_S1.);
#9038 = LINE('',#9039,#9040);
#9039 = CARTESIAN_POINT('',(0.,184.15,6.35));
#9040 = VECTOR('',#9041,25.4);
#9041 = DIRECTION('',(1.,0.,-0.));
#9042 = PCURVE('',#8920,#9043);
#9043 = DEFINITIONAL_REPRESENTATION('',(#9044),#9048);
#9044 = LINE('',#9045,#9046);
#9045 = CARTESIAN_POINT('',(0.,184.15));
#9046 = VECTOR('',#9047,1.);
#9047 = DIRECTION('',(1.,0.));
#9048 = ( GEOMETRIC_REPRESENTATION_CONTEXT(2) 
PARAMETRIC_REPRESENTATION_CONTEXT() REPRESENTATION_CONTEXT('2D SPACE',''
  ) );
#9049 = PCURVE('',#8894,#9050);
#9050 = DEFINITIONAL_REPRESENTATION('',(#9051),#9055);
#9051 = LINE('',#9052,#9053);
#9052 = CARTESIAN_POINT('',(6.35,0.));
#9053 = VECTOR('',#9054,1.);
#9054 = DIRECTION('',(0.,1.));
#9055 = ( GEOMETRIC_REPRESENTATION_CONTEXT(2) 
PARAMETRIC_REPRESENTATION_CONTEXT() REPRESENTATION_CONTEXT('2D SPACE',''
  ) );
#9056 = FACE_BOUND('',#9057,.T.);
#9057 = EDGE_LOOP('',(#9058));
#9058 = ORIENTED_EDGE('',*,*,#9059,.F.);
#9059 = EDGE_CURVE('',#9060,#9060,#9062,.T.);
#9060 = VERTEX_POINT('',#9061);
#9061 = CARTESIAN_POINT('',(88.9,25.4,6.35));
#9062 = SURFACE_CURVE('',#9063,(#9068,#9075),.PCURVE_S1.);
#9063 = CIRCLE('',#9064,12.7);
#9064 = AXIS2_PLACEMENT_3D('',#9065,#9066,#9067);
#9065 = CARTESIAN_POINT('',(76.2,25.4,6.35));
#9066 = DIRECTION('',(0.,0.,1.));
#9067 = DIRECTION('',(1.,0.,-0.));
#9068 = PCURVE('',#8920,#9069);
#9069 = DEFINITIONAL_REPRESENTATION('',(#9070),#9074);
#9070 = CIRCLE('',#9071,12.7);
#9071 = AXIS2_PLACEMENT_2D('',#9072,#9073);
#9072 = CARTESIAN_POINT('',(76.2,25.4));
#9073 = DIRECTION('',(1.,0.));
#9074 = ( GEOMETRIC_REPRESENTATION_CONTEXT(2) 
PARAMETRIC_REPRESENTATION_CONTEXT() REPRESENTATION_CONTEXT('2D SPACE',''
  ) );
#9075 = PCURVE('',#9076,#9081);
#9076 = CYLINDRICAL_SURFACE('',#9077,12.7);
#9077 = AXIS2_PLACEMENT_3D('',#9078,#9079,#9080);
#9078 = CARTESIAN_POINT('',(76.2,25.4,-0.254));
#9079 = DIRECTION('',(0.,0.,1.));
#9080 = DIRECTION('',(1.,0.,-0.));
#9081 = DEFINITIONAL_REPRESENTATION('',(#9082),#9086);
#9082 = LINE('',#9083,#9084);
#9083 = CARTESIAN_POINT('',(0.,6.604));
#9084 = VECTOR('',#9085,1.);
#9085 = DIRECTION('',(1.,0.));
#9086 = ( GEOMETRIC_REPRESENTATION_CONTEXT(2) 
PARAMETRIC_REPRESENTATION_CONTEXT() REPRESENTATION_CONTEXT('2D SPACE',''
  ) );
#9087 = ADVANCED_FACE('',(#9088),#8894,.T.);
#9088 = FACE_BOUND('',#9089,.T.);
#9089 = EDGE_LOOP('',(#9090,#9113,#9114,#9115));
#9090 = ORIENTED_EDGE('',*,*,#9091,.F.);
#9091 = EDGE_CURVE('',#8851,#9092,#9094,.T.);
#9092 = VERTEX_POINT('',#9093);
#9093 = CARTESIAN_POINT('',(152.4,184.15,0.));
#9094 = SURFACE_CURVE('',#9095,(#9099,#9106),.PCURVE_S1.);
#9095 = LINE('',#9096,#9097);
#9096 = CARTESIAN_POINT('',(0.,184.15,0.));
#9097 = VECTOR('',#9098,25.4);
#9098 = DIRECTION('',(1.,0.,-0.));
#9099 = PCURVE('',#8894,#9100);
#9100 = DEFINITIONAL_REPRESENTATION('',(#9101),#9105);
#9101 = LINE('',#9102,#9103);
#9102 = CARTESIAN_POINT('',(0.,0.));
#9103 = VECTOR('',#9104,1.);
#9104 = DIRECTION('',(0.,1.));
#9105 = ( GEOMETRIC_REPRESENTATION_CONTEXT(2) 
PARAMETRIC_REPRESENTATION_CONTEXT() REPRESENTATION_CONTEXT('2D SPACE',''
  ) );
#9106 = PCURVE('',#8866,#9107);
#9107 = DEFINITIONAL_REPRESENTATION('',(#9108),#9112);
#9108 = LINE('',#9109,#9110);
#9109 = CARTESIAN_POINT('',(0.,184.15));
#9110 = VECTOR('',#9111,1.);
#9111 = DIRECTION('',(1.,0.));
#9112 = ( GEOMETRIC_REPRESENTATION_CONTEXT(2) 
PARAMETRIC_REPRESENTATION_CONTEXT() REPRESENTATION_CONTEXT('2D SPACE',''
  ) );
#9113 = ORIENTED_EDGE('',*,*,#8878,.T.);
#9114 = ORIENTED_EDGE('',*,*,#9036,.T.);
#9115 = ORIENTED_EDGE('',*,*,#9116,.F.);
#9116 = EDGE_CURVE('',#9092,#9014,#9117,.T.);
#9117 = SURFACE_CURVE('',#9118,(#9122,#9129),.PCURVE_S1.);
#9118 = LINE('',#9119,#9120);
#9119 = CARTESIAN_POINT('',(152.4,184.15,0.));
#9120 = VECTOR('',#9121,25.4);
#9121 = DIRECTION('',(0.,0.,1.));
#9122 = PCURVE('',#8894,#9123);
#9123 = DEFINITIONAL_REPRESENTATION('',(#9124),#9128);
#9124 = LINE('',#9125,#9126);
#9125 = CARTESIAN_POINT('',(0.,152.4));
#9126 = VECTOR('',#9127,1.);
#9127 = DIRECTION('',(1.,0.));
#9128 = ( GEOMETRIC_REPRESENTATION_CONTEXT(2) 
PARAMETRIC_REPRESENTATION_CONTEXT() REPRESENTATION_CONTEXT('2D SPACE',''
  ) );
#9129 = PCURVE('',#8996,#9130);
#9130 = DEFINITIONAL_REPRESENTATION('',(#9131),#9135);
#9131 = LINE('',#9132,#9133);
#9132 = CARTESIAN_POINT('',(0.,-184.15));
#9133 = VECTOR('',#9134,1.);
#9134 = DIRECTION('',(1.,0.));
#9135 = ( GEOMETRIC_REPRESENTATION_CONTEXT(2) 
PARAMETRIC_REPRESENTATION_CONTEXT() REPRESENTATION_CONTEXT('2D SPACE',''
  ) );
#9136 = ADVANCED_FACE('',(#9137,#9163),#8866,.F.);
#9137 = FACE_BOUND('',#9138,.F.);
#9138 = EDGE_LOOP('',(#9139,#9140,#9141,#9162));
#9139 = ORIENTED_EDGE('',*,*,#8850,.F.);
#9140 = ORIENTED_EDGE('',*,*,#8935,.T.);
#9141 = ORIENTED_EDGE('',*,*,#9142,.T.);
#9142 = EDGE_CURVE('',#8936,#9092,#9143,.T.);
#9143 = SURFACE_CURVE('',#9144,(#9148,#9155),.PCURVE_S1.);
#9144 = LINE('',#9145,#9146);
#9145 = CARTESIAN_POINT('',(152.4,0.,0.));
#9146 = VECTOR('',#9147,25.4);
#9147 = DIRECTION('',(-0.,1.,0.));
#9148 = PCURVE('',#8866,#9149);
#9149 = DEFINITIONAL_REPRESENTATION('',(#9150),#9154);
#9150 = LINE('',#9151,#9152);
#9151 = CARTESIAN_POINT('',(152.4,0.));
#9152 = VECTOR('',#9153,1.);
#9153 = DIRECTION('',(0.,1.));
#9154 = ( GEOMETRIC_REPRESENTATION_CONTEXT(2) 
PARAMETRIC_REPRESENTATION_CONTEXT() REPRESENTATION_CONTEXT('2D SPACE',''
  ) );
#9155 = PCURVE('',#8996,#9156);
#9156 = DEFINITIONAL_REPRESENTATION('',(#9157),#9161);
#9157 = LINE('',#9158,#9159);
#9158 = CARTESIAN_POINT('',(0.,0.));
#9159 = VECTOR('',#9160,1.);
#9160 = DIRECTION('',(0.,-1.));
#9161 = ( GEOMETRIC_REPRESENTATION_CONTEXT(2) 
PARAMETRIC_REPRESENTATION_CONTEXT() REPRESENTATION_CONTEXT('2D SPACE',''
  ) );
#9162 = ORIENTED_EDGE('',*,*,#9091,.F.);
#9163 = FACE_BOUND('',#9164,.F.);
#9164 = EDGE_LOOP('',(#9165));
#9165 = ORIENTED_EDGE('',*,*,#9166,.F.);
#9166 = EDGE_CURVE('',#9167,#9167,#9169,.T.);
#9167 = VERTEX_POINT('',#9168);
#9168 = CARTESIAN_POINT('',(88.9,25.4,0.));
#9169 = SURFACE_CURVE('',#9170,(#9175,#9182),.PCURVE_S1.);
#9170 = CIRCLE('',#9171,12.7);
#9171 = AXIS2_PLACEMENT_3D('',#9172,#9173,#9174);
#9172 = CARTESIAN_POINT('',(76.2,25.4,0.));
#9173 = DIRECTION('',(0.,0.,1.));
#9174 = DIRECTION('',(1.,0.,-0.));
#9175 = PCURVE('',#8866,#9176);
#9176 = DEFINITIONAL_REPRESENTATION('',(#9177),#9181);
#9177 = CIRCLE('',#9178,12.7);
#9178 = AXIS2_PLACEMENT_2D('',#9179,#9180);
#9179 = CARTESIAN_POINT('',(76.2,25.4));
#9180 = DIRECTION('',(1.,0.));
#9181 = ( GEOMETRIC_REPRESENTATION_CONTEXT(2) 
PARAMETRIC_REPRESENTATION_CONTEXT() REPRESENTATION_CONTEXT('2D SPACE',''
  ) );
#9182 = PCURVE('',#9076,#9183);
#9183 = DEFINITIONAL_REPRESENTATION('',(#9184),#9188);
#9184 = LINE('',#9185,#9186);
#9185 = CARTESIAN_POINT('',(0.,0.254));
#9186 = VECTOR('',#9187,1.);
#9187 = DIRECTION('',(1.,0.));
#9188 = ( GEOMETRIC_REPRESENTATION_CONTEXT(2) 
PARAMETRIC_REPRESENTATION_CONTEXT() REPRESENTATION_CONTEXT('2D SPACE',''
  ) );
#9189 = ADVANCED_FACE('',(#9190),#8996,.T.);
#9190 = FACE_BOUND('',#9191,.T.);
#9191 = EDGE_LOOP('',(#9192,#9193,#9194,#9195));
#9192 = ORIENTED_EDGE('',*,*,#8982,.F.);
#9193 = ORIENTED_EDGE('',*,*,#9142,.T.);
#9194 = ORIENTED_EDGE('',*,*,#9116,.T.);
#9195 = ORIENTED_EDGE('',*,*,#9013,.F.);
#9196 = ADVANCED_FACE('',(#9197),#9076,.F.);
#9197 = FACE_BOUND('',#9198,.F.);
#9198 = EDGE_LOOP('',(#9199,#9200,#9221,#9222));
#9199 = ORIENTED_EDGE('',*,*,#9059,.F.);
#9200 = ORIENTED_EDGE('',*,*,#9201,.F.);
#9201 = EDGE_CURVE('',#9167,#9060,#9202,.T.);
#9202 = SEAM_CURVE('',#9203,(#9207,#9214),.PCURVE_S1.);
#9203 = LINE('',#9204,#9205);
#9204 = CARTESIAN_POINT('',(88.9,25.4,-0.254));
#9205 = VECTOR('',#9206,25.4);
#9206 = DIRECTION('',(0.,0.,1.));
#9207 = PCURVE('',#9076,#9208);
#9208 = DEFINITIONAL_REPRESENTATION('',(#9209),#9213);
#9209 = LINE('',#9210,#9211);
#9210 = CARTESIAN_POINT('',(6.28318530718,-0.));
#9211 = VECTOR('',#9212,1.);
#9212 = DIRECTION('',(0.,1.));
#9213 = ( GEOMETRIC_REPRESENTATION_CONTEXT(2) 
PARAMETRIC_REPRESENTATION_CONTEXT() REPRESENTATION_CONTEXT('2D SPACE',''
  ) );
#9214 = PCURVE('',#9076,#9215);
#9215 = DEFINITIONAL_REPRESENTATION('',(#9216),#9220);
#9216 = LINE('',#9217,#9218);
#9217 = CARTESIAN_POINT('',(0.,-0.));
#9218 = VECTOR('',#9219,1.);
#9219 = DIRECTION('',(0.,1.));
#9220 = ( GEOMETRIC_REPRESENTATION_CONTEXT(2) 
PARAMETRIC_REPRESENTATION_CONTEXT() REPRESENTATION_CONTEXT('2D SPACE',''
  ) );
#9221 = ORIENTED_EDGE('',*,*,#9166,.T.);
#9222 = ORIENTED_EDGE('',*,*,#9201,.T.);
#9223 = ( GEOMETRIC_REPRESENTATION_CONTEXT(3) 
GLOBAL_UNCERTAINTY_ASSIGNED_CONTEXT((#9227)) 
GLOBAL_UNIT_ASSIGNED_CONTEXT((#9224,#9225,#9226)) REPRESENTATION_CONTEXT
('Context #1','3D Context with UNIT and UNCERTAINTY') );
#9224 = ( LENGTH_UNIT() NAMED_UNIT(*) SI_UNIT(.MILLI.,.METRE.) );
#9225 = ( NAMED_UNIT(*) PLANE_ANGLE_UNIT() SI_UNIT($,.RADIAN.) );
#9226 = ( NAMED_UNIT(*) SI_UNIT($,.STERADIAN.) SOLID_ANGLE_UNIT() );
#9227 = UNCERTAINTY_MEASURE_WITH_UNIT(LENGTH_MEASURE(2.54E-06),#9224,
  'distance_accuracy_value','confusion accuracy');
#9228 = CONTEXT_DEPENDENT_SHAPE_REPRESENTATION(#9229,#9231);
#9229 = ( REPRESENTATION_RELATIONSHIP('','',#8808,#10) 
REPRESENTATION_RELATIONSHIP_WITH_TRANSFORMATION(#9230) 
SHAPE_REPRESENTATION_RELATIONSHIP() );
#9230 = ITEM_DEFINED_TRANSFORMATION('','',#11,#83);
#9231 = PRODUCT_DEFINITION_SHAPE('Placement','Placement of an item',
  #9232);
#9232 = NEXT_ASSEMBLY_USAGE_OCCURRENCE('18','Piston Plate','',#5,#8803,$
  );
#9233 = PRODUCT_RELATED_PRODUCT_CATEGORY('part',$,(#8805));
#9234 = SHAPE_DEFINITION_REPRESENTATION(#9235,#9241);
#9235 = PRODUCT_DEFINITION_SHAPE('','',#9236);
#9236 = PRODUCT_DEFINITION('design','',#9237,#9240);
#9237 = PRODUCT_DEFINITION_FORMATION('','',#9238);
#9238 = PRODUCT('Piston Plate (mirror)','Piston Plate (mirror)','',(
    #9239));
#9239 = PRODUCT_CONTEXT('',#2,'mechanical');
#9240 = PRODUCT_DEFINITION_CONTEXT('part definition',#2,'design');
#9241 = ADVANCED_BREP_SHAPE_REPRESENTATION('',(#11,#9242),#9664);
#9242 = MANIFOLD_SOLID_BREP('',#9243);
#9243 = CLOSED_SHELL('',(#9244,#9364,#9440,#9524,#9573,#9630,#9637));
#9244 = ADVANCED_FACE('',(#9245),#9259,.F.);
#9245 = FACE_BOUND('',#9246,.T.);
#9246 = EDGE_LOOP('',(#9247,#9282,#9310,#9338));
#9247 = ORIENTED_EDGE('',*,*,#9248,.F.);
#9248 = EDGE_CURVE('',#9249,#9251,#9253,.T.);
#9249 = VERTEX_POINT('',#9250);
#9250 = CARTESIAN_POINT('',(0.,-2.255973186038E-14,88.9));
#9251 = VERTEX_POINT('',#9252);
#9252 = CARTESIAN_POINT('',(0.,-2.255973186038E-14,82.55));
#9253 = SURFACE_CURVE('',#9254,(#9258,#9270),.PCURVE_S1.);
#9254 = LINE('',#9255,#9256);
#9255 = CARTESIAN_POINT('',(0.,-2.255973186038E-14,88.9));
#9256 = VECTOR('',#9257,25.4);
#9257 = DIRECTION('',(-0.,4.440892098501E-16,-1.));
#9258 = PCURVE('',#9259,#9264);
#9259 = PLANE('',#9260);
#9260 = AXIS2_PLACEMENT_3D('',#9261,#9262,#9263);
#9261 = CARTESIAN_POINT('',(0.,-2.255973186038E-14,88.9));
#9262 = DIRECTION('',(1.,-0.,-0.));
#9263 = DIRECTION('',(0.,-4.440892098501E-16,1.));
#9264 = DEFINITIONAL_REPRESENTATION('',(#9265),#9269);
#9265 = LINE('',#9266,#9267);
#9266 = CARTESIAN_POINT('',(-0.,-0.));
#9267 = VECTOR('',#9268,1.);
#9268 = DIRECTION('',(-1.,0.));
#9269 = ( GEOMETRIC_REPRESENTATION_CONTEXT(2) 
PARAMETRIC_REPRESENTATION_CONTEXT() REPRESENTATION_CONTEXT('2D SPACE',''
  ) );
#9270 = PCURVE('',#9271,#9276);
#9271 = PLANE('',#9272);
#9272 = AXIS2_PLACEMENT_3D('',#9273,#9274,#9275);
#9273 = CARTESIAN_POINT('',(0.,-2.255973186038E-14,88.9));
#9274 = DIRECTION('',(-0.,1.,4.440892098501E-16));
#9275 = DIRECTION('',(0.,-4.440892098501E-16,1.));
#9276 = DEFINITIONAL_REPRESENTATION('',(#9277),#9281);
#9277 = LINE('',#9278,#9279);
#9278 = CARTESIAN_POINT('',(-0.,0.));
#9279 = VECTOR('',#9280,1.);
#9280 = DIRECTION('',(-1.,0.));
#9281 = ( GEOMETRIC_REPRESENTATION_CONTEXT(2) 
PARAMETRIC_REPRESENTATION_CONTEXT() REPRESENTATION_CONTEXT('2D SPACE',''
  ) );
#9282 = ORIENTED_EDGE('',*,*,#9283,.T.);
#9283 = EDGE_CURVE('',#9249,#9284,#9286,.T.);
#9284 = VERTEX_POINT('',#9285);
#9285 = CARTESIAN_POINT('',(0.,184.15,88.9));
#9286 = SURFACE_CURVE('',#9287,(#9291,#9298),.PCURVE_S1.);
#9287 = LINE('',#9288,#9289);
#9288 = CARTESIAN_POINT('',(0.,-2.255973186038E-14,88.9));
#9289 = VECTOR('',#9290,25.4);
#9290 = DIRECTION('',(-0.,1.,4.440892098501E-16));
#9291 = PCURVE('',#9259,#9292);
#9292 = DEFINITIONAL_REPRESENTATION('',(#9293),#9297);
#9293 = LINE('',#9294,#9295);
#9294 = CARTESIAN_POINT('',(-0.,-0.));
#9295 = VECTOR('',#9296,1.);
#9296 = DIRECTION('',(-0.,-1.));
#9297 = ( GEOMETRIC_REPRESENTATION_CONTEXT(2) 
PARAMETRIC_REPRESENTATION_CONTEXT() REPRESENTATION_CONTEXT('2D SPACE',''
  ) );
#9298 = PCURVE('',#9299,#9304);
#9299 = PLANE('',#9300);
#9300 = AXIS2_PLACEMENT_3D('',#9301,#9302,#9303);
#9301 = CARTESIAN_POINT('',(0.,-2.255973186038E-14,88.9));
#9302 = DIRECTION('',(-0.,4.440892098501E-16,-1.));
#9303 = DIRECTION('',(-1.,0.,0.));
#9304 = DEFINITIONAL_REPRESENTATION('',(#9305),#9309);
#9305 = LINE('',#9306,#9307);
#9306 = CARTESIAN_POINT('',(-0.,0.));
#9307 = VECTOR('',#9308,1.);
#9308 = DIRECTION('',(-0.,1.));
#9309 = ( GEOMETRIC_REPRESENTATION_CONTEXT(2) 
PARAMETRIC_REPRESENTATION_CONTEXT() REPRESENTATION_CONTEXT('2D SPACE',''
  ) );
#9310 = ORIENTED_EDGE('',*,*,#9311,.T.);
#9311 = EDGE_CURVE('',#9284,#9312,#9314,.T.);
#9312 = VERTEX_POINT('',#9313);
#9313 = CARTESIAN_POINT('',(0.,184.15,82.55));
#9314 = SURFACE_CURVE('',#9315,(#9319,#9326),.PCURVE_S1.);
#9315 = LINE('',#9316,#9317);
#9316 = CARTESIAN_POINT('',(0.,184.15,88.9));
#9317 = VECTOR('',#9318,25.4);
#9318 = DIRECTION('',(-0.,4.440892098501E-16,-1.));
#9319 = PCURVE('',#9259,#9320);
#9320 = DEFINITIONAL_REPRESENTATION('',(#9321),#9325);
#9321 = LINE('',#9322,#9323);
#9322 = CARTESIAN_POINT('',(-2.819966482548E-15,-184.15));
#9323 = VECTOR('',#9324,1.);
#9324 = DIRECTION('',(-1.,0.));
#9325 = ( GEOMETRIC_REPRESENTATION_CONTEXT(2) 
PARAMETRIC_REPRESENTATION_CONTEXT() REPRESENTATION_CONTEXT('2D SPACE',''
  ) );
#9326 = PCURVE('',#9327,#9332);
#9327 = PLANE('',#9328);
#9328 = AXIS2_PLACEMENT_3D('',#9329,#9330,#9331);
#9329 = CARTESIAN_POINT('',(0.,184.15,88.9));
#9330 = DIRECTION('',(-0.,1.,4.440892098501E-16));
#9331 = DIRECTION('',(0.,-4.440892098501E-16,1.));
#9332 = DEFINITIONAL_REPRESENTATION('',(#9333),#9337);
#9333 = LINE('',#9334,#9335);
#9334 = CARTESIAN_POINT('',(-0.,0.));
#9335 = VECTOR('',#9336,1.);
#9336 = DIRECTION('',(-1.,0.));
#9337 = ( GEOMETRIC_REPRESENTATION_CONTEXT(2) 
PARAMETRIC_REPRESENTATION_CONTEXT() REPRESENTATION_CONTEXT('2D SPACE',''
  ) );
#9338 = ORIENTED_EDGE('',*,*,#9339,.F.);
#9339 = EDGE_CURVE('',#9251,#9312,#9340,.T.);
#9340 = SURFACE_CURVE('',#9341,(#9345,#9352),.PCURVE_S1.);
#9341 = LINE('',#9342,#9343);
#9342 = CARTESIAN_POINT('',(0.,-1.973976537784E-14,82.55));
#9343 = VECTOR('',#9344,25.4);
#9344 = DIRECTION('',(-0.,1.,4.440892098501E-16));
#9345 = PCURVE('',#9259,#9346);
#9346 = DEFINITIONAL_REPRESENTATION('',(#9347),#9351);
#9347 = LINE('',#9348,#9349);
#9348 = CARTESIAN_POINT('',(-6.35,0.));
#9349 = VECTOR('',#9350,1.);
#9350 = DIRECTION('',(-0.,-1.));
#9351 = ( GEOMETRIC_REPRESENTATION_CONTEXT(2) 
PARAMETRIC_REPRESENTATION_CONTEXT() REPRESENTATION_CONTEXT('2D SPACE',''
  ) );
#9352 = PCURVE('',#9353,#9358);
#9353 = PLANE('',#9354);
#9354 = AXIS2_PLACEMENT_3D('',#9355,#9356,#9357);
#9355 = CARTESIAN_POINT('',(0.,-1.973976537784E-14,82.55));
#9356 = DIRECTION('',(-0.,4.440892098501E-16,-1.));
#9357 = DIRECTION('',(-1.,0.,0.));
#9358 = DEFINITIONAL_REPRESENTATION('',(#9359),#9363);
#9359 = LINE('',#9360,#9361);
#9360 = CARTESIAN_POINT('',(-0.,0.));
#9361 = VECTOR('',#9362,1.);
#9362 = DIRECTION('',(-0.,1.));
#9363 = ( GEOMETRIC_REPRESENTATION_CONTEXT(2) 
PARAMETRIC_REPRESENTATION_CONTEXT() REPRESENTATION_CONTEXT('2D SPACE',''
  ) );
#9364 = ADVANCED_FACE('',(#9365),#9271,.F.);
#9365 = FACE_BOUND('',#9366,.T.);
#9366 = EDGE_LOOP('',(#9367,#9390,#9391,#9414));
#9367 = ORIENTED_EDGE('',*,*,#9368,.F.);
#9368 = EDGE_CURVE('',#9249,#9369,#9371,.T.);
#9369 = VERTEX_POINT('',#9370);
#9370 = CARTESIAN_POINT('',(152.4,-2.255973186038E-14,88.9));
#9371 = SURFACE_CURVE('',#9372,(#9376,#9383),.PCURVE_S1.);
#9372 = LINE('',#9373,#9374);
#9373 = CARTESIAN_POINT('',(0.,-2.255973186038E-14,88.9));
#9374 = VECTOR('',#9375,25.4);
#9375 = DIRECTION('',(1.,-0.,-0.));
#9376 = PCURVE('',#9271,#9377);
#9377 = DEFINITIONAL_REPRESENTATION('',(#9378),#9382);
#9378 = LINE('',#9379,#9380);
#9379 = CARTESIAN_POINT('',(-0.,0.));
#9380 = VECTOR('',#9381,1.);
#9381 = DIRECTION('',(-0.,1.));
#9382 = ( GEOMETRIC_REPRESENTATION_CONTEXT(2) 
PARAMETRIC_REPRESENTATION_CONTEXT() REPRESENTATION_CONTEXT('2D SPACE',''
  ) );
#9383 = PCURVE('',#9299,#9384);
#9384 = DEFINITIONAL_REPRESENTATION('',(#9385),#9389);
#9385 = LINE('',#9386,#9387);
#9386 = CARTESIAN_POINT('',(-0.,0.));
#9387 = VECTOR('',#9388,1.);
#9388 = DIRECTION('',(-1.,0.));
#9389 = ( GEOMETRIC_REPRESENTATION_CONTEXT(2) 
PARAMETRIC_REPRESENTATION_CONTEXT() REPRESENTATION_CONTEXT('2D SPACE',''
  ) );
#9390 = ORIENTED_EDGE('',*,*,#9248,.T.);
#9391 = ORIENTED_EDGE('',*,*,#9392,.T.);
#9392 = EDGE_CURVE('',#9251,#9393,#9395,.T.);
#9393 = VERTEX_POINT('',#9394);
#9394 = CARTESIAN_POINT('',(152.4,-2.255973186038E-14,82.55));
#9395 = SURFACE_CURVE('',#9396,(#9400,#9407),.PCURVE_S1.);
#9396 = LINE('',#9397,#9398);
#9397 = CARTESIAN_POINT('',(0.,-1.973976537784E-14,82.55));
#9398 = VECTOR('',#9399,25.4);
#9399 = DIRECTION('',(1.,-0.,-0.));
#9400 = PCURVE('',#9271,#9401);
#9401 = DEFINITIONAL_REPRESENTATION('',(#9402),#9406);
#9402 = LINE('',#9403,#9404);
#9403 = CARTESIAN_POINT('',(-6.35,0.));
#9404 = VECTOR('',#9405,1.);
#9405 = DIRECTION('',(-0.,1.));
#9406 = ( GEOMETRIC_REPRESENTATION_CONTEXT(2) 
PARAMETRIC_REPRESENTATION_CONTEXT() REPRESENTATION_CONTEXT('2D SPACE',''
  ) );
#9407 = PCURVE('',#9353,#9408);
#9408 = DEFINITIONAL_REPRESENTATION('',(#9409),#9413);
#9409 = LINE('',#9410,#9411);
#9410 = CARTESIAN_POINT('',(-0.,0.));
#9411 = VECTOR('',#9412,1.);
#9412 = DIRECTION('',(-1.,0.));
#9413 = ( GEOMETRIC_REPRESENTATION_CONTEXT(2) 
PARAMETRIC_REPRESENTATION_CONTEXT() REPRESENTATION_CONTEXT('2D SPACE',''
  ) );
#9414 = ORIENTED_EDGE('',*,*,#9415,.F.);
#9415 = EDGE_CURVE('',#9369,#9393,#9416,.T.);
#9416 = SURFACE_CURVE('',#9417,(#9421,#9428),.PCURVE_S1.);
#9417 = LINE('',#9418,#9419);
#9418 = CARTESIAN_POINT('',(152.4,-2.255973186038E-14,88.9));
#9419 = VECTOR('',#9420,25.4);
#9420 = DIRECTION('',(-0.,4.440892098501E-16,-1.));
#9421 = PCURVE('',#9271,#9422);
#9422 = DEFINITIONAL_REPRESENTATION('',(#9423),#9427);
#9423 = LINE('',#9424,#9425);
#9424 = CARTESIAN_POINT('',(-0.,152.4));
#9425 = VECTOR('',#9426,1.);
#9426 = DIRECTION('',(-1.,0.));
#9427 = ( GEOMETRIC_REPRESENTATION_CONTEXT(2) 
PARAMETRIC_REPRESENTATION_CONTEXT() REPRESENTATION_CONTEXT('2D SPACE',''
  ) );
#9428 = PCURVE('',#9429,#9434);
#9429 = PLANE('',#9430);
#9430 = AXIS2_PLACEMENT_3D('',#9431,#9432,#9433);
#9431 = CARTESIAN_POINT('',(152.4,-2.255973186038E-14,88.9));
#9432 = DIRECTION('',(1.,-0.,-0.));
#9433 = DIRECTION('',(0.,-4.440892098501E-16,1.));
#9434 = DEFINITIONAL_REPRESENTATION('',(#9435),#9439);
#9435 = LINE('',#9436,#9437);
#9436 = CARTESIAN_POINT('',(-0.,-0.));
#9437 = VECTOR('',#9438,1.);
#9438 = DIRECTION('',(-1.,0.));
#9439 = ( GEOMETRIC_REPRESENTATION_CONTEXT(2) 
PARAMETRIC_REPRESENTATION_CONTEXT() REPRESENTATION_CONTEXT('2D SPACE',''
  ) );
#9440 = ADVANCED_FACE('',(#9441,#9489),#9353,.T.);
#9441 = FACE_BOUND('',#9442,.F.);
#9442 = EDGE_LOOP('',(#9443,#9444,#9445,#9468));
#9443 = ORIENTED_EDGE('',*,*,#9339,.F.);
#9444 = ORIENTED_EDGE('',*,*,#9392,.T.);
#9445 = ORIENTED_EDGE('',*,*,#9446,.T.);
#9446 = EDGE_CURVE('',#9393,#9447,#9449,.T.);
#9447 = VERTEX_POINT('',#9448);
#9448 = CARTESIAN_POINT('',(152.4,184.15,82.55));
#9449 = SURFACE_CURVE('',#9450,(#9454,#9461),.PCURVE_S1.);
#9450 = LINE('',#9451,#9452);
#9451 = CARTESIAN_POINT('',(152.4,-1.973976537784E-14,82.55));
#9452 = VECTOR('',#9453,25.4);
#9453 = DIRECTION('',(-0.,1.,4.440892098501E-16));
#9454 = PCURVE('',#9353,#9455);
#9455 = DEFINITIONAL_REPRESENTATION('',(#9456),#9460);
#9456 = LINE('',#9457,#9458);
#9457 = CARTESIAN_POINT('',(-152.4,0.));
#9458 = VECTOR('',#9459,1.);
#9459 = DIRECTION('',(-0.,1.));
#9460 = ( GEOMETRIC_REPRESENTATION_CONTEXT(2) 
PARAMETRIC_REPRESENTATION_CONTEXT() REPRESENTATION_CONTEXT('2D SPACE',''
  ) );
#9461 = PCURVE('',#9429,#9462);
#9462 = DEFINITIONAL_REPRESENTATION('',(#9463),#9467);
#9463 = LINE('',#9464,#9465);
#9464 = CARTESIAN_POINT('',(-6.35,0.));
#9465 = VECTOR('',#9466,1.);
#9466 = DIRECTION('',(-0.,-1.));
#9467 = ( GEOMETRIC_REPRESENTATION_CONTEXT(2) 
PARAMETRIC_REPRESENTATION_CONTEXT() REPRESENTATION_CONTEXT('2D SPACE',''
  ) );
#9468 = ORIENTED_EDGE('',*,*,#9469,.F.);
#9469 = EDGE_CURVE('',#9312,#9447,#9470,.T.);
#9470 = SURFACE_CURVE('',#9471,(#9475,#9482),.PCURVE_S1.);
#9471 = LINE('',#9472,#9473);
#9472 = CARTESIAN_POINT('',(0.,184.15,82.55));
#9473 = VECTOR('',#9474,25.4);
#9474 = DIRECTION('',(1.,-0.,-0.));
#9475 = PCURVE('',#9353,#9476);
#9476 = DEFINITIONAL_REPRESENTATION('',(#9477),#9481);
#9477 = LINE('',#9478,#9479);
#9478 = CARTESIAN_POINT('',(-0.,184.15));
#9479 = VECTOR('',#9480,1.);
#9480 = DIRECTION('',(-1.,0.));
#9481 = ( GEOMETRIC_REPRESENTATION_CONTEXT(2) 
PARAMETRIC_REPRESENTATION_CONTEXT() REPRESENTATION_CONTEXT('2D SPACE',''
  ) );
#9482 = PCURVE('',#9327,#9483);
#9483 = DEFINITIONAL_REPRESENTATION('',(#9484),#9488);
#9484 = LINE('',#9485,#9486);
#9485 = CARTESIAN_POINT('',(-6.35,0.));
#9486 = VECTOR('',#9487,1.);
#9487 = DIRECTION('',(-0.,1.));
#9488 = ( GEOMETRIC_REPRESENTATION_CONTEXT(2) 
PARAMETRIC_REPRESENTATION_CONTEXT() REPRESENTATION_CONTEXT('2D SPACE',''
  ) );
#9489 = FACE_BOUND('',#9490,.F.);
#9490 = EDGE_LOOP('',(#9491));
#9491 = ORIENTED_EDGE('',*,*,#9492,.F.);
#9492 = EDGE_CURVE('',#9493,#9493,#9495,.T.);
#9493 = VERTEX_POINT('',#9494);
#9494 = CARTESIAN_POINT('',(88.9,25.4,82.55));
#9495 = SURFACE_CURVE('',#9496,(#9501,#9512),.PCURVE_S1.);
#9496 = CIRCLE('',#9497,12.7);
#9497 = AXIS2_PLACEMENT_3D('',#9498,#9499,#9500);
#9498 = CARTESIAN_POINT('',(76.2,25.4,82.55));
#9499 = DIRECTION('',(0.,-4.440892098501E-16,1.));
#9500 = DIRECTION('',(1.,-0.,-0.));
#9501 = PCURVE('',#9353,#9502);
#9502 = DEFINITIONAL_REPRESENTATION('',(#9503),#9511);
#9503 = ( BOUNDED_CURVE() B_SPLINE_CURVE(2,(#9504,#9505,#9506,#9507,
#9508,#9509,#9510),.UNSPECIFIED.,.T.,.F.) B_SPLINE_CURVE_WITH_KNOTS((1,2
    ,2,2,2,1),(-2.094395102393,0.,2.094395102393,4.188790204786,
6.28318530718,8.377580409573),.UNSPECIFIED.) CURVE() 
GEOMETRIC_REPRESENTATION_ITEM() RATIONAL_B_SPLINE_CURVE((1.,0.5,1.,0.5,
1.,0.5,1.)) REPRESENTATION_ITEM('') );
#9504 = CARTESIAN_POINT('',(-88.9,25.4));
#9505 = CARTESIAN_POINT('',(-88.9,47.397045256125));
#9506 = CARTESIAN_POINT('',(-69.85,36.398522628062));
#9507 = CARTESIAN_POINT('',(-50.8,25.4));
#9508 = CARTESIAN_POINT('',(-69.85,14.401477371938));
#9509 = CARTESIAN_POINT('',(-88.9,3.402954743875));
#9510 = CARTESIAN_POINT('',(-88.9,25.4));
#9511 = ( GEOMETRIC_REPRESENTATION_CONTEXT(2) 
PARAMETRIC_REPRESENTATION_CONTEXT() REPRESENTATION_CONTEXT('2D SPACE',''
  ) );
#9512 = PCURVE('',#9513,#9518);
#9513 = CYLINDRICAL_SURFACE('',#9514,12.7);
#9514 = AXIS2_PLACEMENT_3D('',#9515,#9516,#9517);
#9515 = CARTESIAN_POINT('',(76.2,25.4,89.154));
#9516 = DIRECTION('',(-0.,4.440892098501E-16,-1.));
#9517 = DIRECTION('',(1.,-0.,-0.));
#9518 = DEFINITIONAL_REPRESENTATION('',(#9519),#9523);
#9519 = LINE('',#9520,#9521);
#9520 = CARTESIAN_POINT('',(-0.,6.604));
#9521 = VECTOR('',#9522,1.);
#9522 = DIRECTION('',(-1.,0.));
#9523 = ( GEOMETRIC_REPRESENTATION_CONTEXT(2) 
PARAMETRIC_REPRESENTATION_CONTEXT() REPRESENTATION_CONTEXT('2D SPACE',''
  ) );
#9524 = ADVANCED_FACE('',(#9525),#9327,.T.);
#9525 = FACE_BOUND('',#9526,.F.);
#9526 = EDGE_LOOP('',(#9527,#9550,#9551,#9552));
#9527 = ORIENTED_EDGE('',*,*,#9528,.F.);
#9528 = EDGE_CURVE('',#9284,#9529,#9531,.T.);
#9529 = VERTEX_POINT('',#9530);
#9530 = CARTESIAN_POINT('',(152.4,184.15,88.9));
#9531 = SURFACE_CURVE('',#9532,(#9536,#9543),.PCURVE_S1.);
#9532 = LINE('',#9533,#9534);
#9533 = CARTESIAN_POINT('',(0.,184.15,88.9));
#9534 = VECTOR('',#9535,25.4);
#9535 = DIRECTION('',(1.,-0.,-0.));
#9536 = PCURVE('',#9327,#9537);
#9537 = DEFINITIONAL_REPRESENTATION('',(#9538),#9542);
#9538 = LINE('',#9539,#9540);
#9539 = CARTESIAN_POINT('',(-0.,0.));
#9540 = VECTOR('',#9541,1.);
#9541 = DIRECTION('',(-0.,1.));
#9542 = ( GEOMETRIC_REPRESENTATION_CONTEXT(2) 
PARAMETRIC_REPRESENTATION_CONTEXT() REPRESENTATION_CONTEXT('2D SPACE',''
  ) );
#9543 = PCURVE('',#9299,#9544);
#9544 = DEFINITIONAL_REPRESENTATION('',(#9545),#9549);
#9545 = LINE('',#9546,#9547);
#9546 = CARTESIAN_POINT('',(-0.,184.15));
#9547 = VECTOR('',#9548,1.);
#9548 = DIRECTION('',(-1.,0.));
#9549 = ( GEOMETRIC_REPRESENTATION_CONTEXT(2) 
PARAMETRIC_REPRESENTATION_CONTEXT() REPRESENTATION_CONTEXT('2D SPACE',''
  ) );
#9550 = ORIENTED_EDGE('',*,*,#9311,.T.);
#9551 = ORIENTED_EDGE('',*,*,#9469,.T.);
#9552 = ORIENTED_EDGE('',*,*,#9553,.F.);
#9553 = EDGE_CURVE('',#9529,#9447,#9554,.T.);
#9554 = SURFACE_CURVE('',#9555,(#9559,#9566),.PCURVE_S1.);
#9555 = LINE('',#9556,#9557);
#9556 = CARTESIAN_POINT('',(152.4,184.15,88.9));
#9557 = VECTOR('',#9558,25.4);
#9558 = DIRECTION('',(-0.,4.440892098501E-16,-1.));
#9559 = PCURVE('',#9327,#9560);
#9560 = DEFINITIONAL_REPRESENTATION('',(#9561),#9565);
#9561 = LINE('',#9562,#9563);
#9562 = CARTESIAN_POINT('',(-0.,152.4));
#9563 = VECTOR('',#9564,1.);
#9564 = DIRECTION('',(-1.,0.));
#9565 = ( GEOMETRIC_REPRESENTATION_CONTEXT(2) 
PARAMETRIC_REPRESENTATION_CONTEXT() REPRESENTATION_CONTEXT('2D SPACE',''
  ) );
#9566 = PCURVE('',#9429,#9567);
#9567 = DEFINITIONAL_REPRESENTATION('',(#9568),#9572);
#9568 = LINE('',#9569,#9570);
#9569 = CARTESIAN_POINT('',(-2.819966482548E-15,-184.15));
#9570 = VECTOR('',#9571,1.);
#9571 = DIRECTION('',(-1.,0.));
#9572 = ( GEOMETRIC_REPRESENTATION_CONTEXT(2) 
PARAMETRIC_REPRESENTATION_CONTEXT() REPRESENTATION_CONTEXT('2D SPACE',''
  ) );
#9573 = ADVANCED_FACE('',(#9574,#9600),#9299,.F.);
#9574 = FACE_BOUND('',#9575,.T.);
#9575 = EDGE_LOOP('',(#9576,#9577,#9578,#9599));
#9576 = ORIENTED_EDGE('',*,*,#9283,.F.);
#9577 = ORIENTED_EDGE('',*,*,#9368,.T.);
#9578 = ORIENTED_EDGE('',*,*,#9579,.T.);
#9579 = EDGE_CURVE('',#9369,#9529,#9580,.T.);
#9580 = SURFACE_CURVE('',#9581,(#9585,#9592),.PCURVE_S1.);
#9581 = LINE('',#9582,#9583);
#9582 = CARTESIAN_POINT('',(152.4,-2.255973186038E-14,88.9));
#9583 = VECTOR('',#9584,25.4);
#9584 = DIRECTION('',(-0.,1.,4.440892098501E-16));
#9585 = PCURVE('',#9299,#9586);
#9586 = DEFINITIONAL_REPRESENTATION('',(#9587),#9591);
#9587 = LINE('',#9588,#9589);
#9588 = CARTESIAN_POINT('',(-152.4,0.));
#9589 = VECTOR('',#9590,1.);
#9590 = DIRECTION('',(-0.,1.));
#9591 = ( GEOMETRIC_REPRESENTATION_CONTEXT(2) 
PARAMETRIC_REPRESENTATION_CONTEXT() REPRESENTATION_CONTEXT('2D SPACE',''
  ) );
#9592 = PCURVE('',#9429,#9593);
#9593 = DEFINITIONAL_REPRESENTATION('',(#9594),#9598);
#9594 = LINE('',#9595,#9596);
#9595 = CARTESIAN_POINT('',(-0.,-0.));
#9596 = VECTOR('',#9597,1.);
#9597 = DIRECTION('',(-0.,-1.));
#9598 = ( GEOMETRIC_REPRESENTATION_CONTEXT(2) 
PARAMETRIC_REPRESENTATION_CONTEXT() REPRESENTATION_CONTEXT('2D SPACE',''
  ) );
#9599 = ORIENTED_EDGE('',*,*,#9528,.F.);
#9600 = FACE_BOUND('',#9601,.T.);
#9601 = EDGE_LOOP('',(#9602));
#9602 = ORIENTED_EDGE('',*,*,#9603,.F.);
#9603 = EDGE_CURVE('',#9604,#9604,#9606,.T.);
#9604 = VERTEX_POINT('',#9605);
#9605 = CARTESIAN_POINT('',(88.9,25.4,88.9));
#9606 = SURFACE_CURVE('',#9607,(#9612,#9623),.PCURVE_S1.);
#9607 = CIRCLE('',#9608,12.7);
#9608 = AXIS2_PLACEMENT_3D('',#9609,#9610,#9611);
#9609 = CARTESIAN_POINT('',(76.2,25.4,88.9));
#9610 = DIRECTION('',(0.,-4.440892098501E-16,1.));
#9611 = DIRECTION('',(1.,-0.,-0.));
#9612 = PCURVE('',#9299,#9613);
#9613 = DEFINITIONAL_REPRESENTATION('',(#9614),#9622);
#9614 = ( BOUNDED_CURVE() B_SPLINE_CURVE(2,(#9615,#9616,#9617,#9618,
#9619,#9620,#9621),.UNSPECIFIED.,.T.,.F.) B_SPLINE_CURVE_WITH_KNOTS((1,2
    ,2,2,2,1),(-2.094395102393,0.,2.094395102393,4.188790204786,
6.28318530718,8.377580409573),.UNSPECIFIED.) CURVE() 
GEOMETRIC_REPRESENTATION_ITEM() RATIONAL_B_SPLINE_CURVE((1.,0.5,1.,0.5,
1.,0.5,1.)) REPRESENTATION_ITEM('') );
#9615 = CARTESIAN_POINT('',(-88.9,25.4));
#9616 = CARTESIAN_POINT('',(-88.9,47.397045256125));
#9617 = CARTESIAN_POINT('',(-69.85,36.398522628062));
#9618 = CARTESIAN_POINT('',(-50.8,25.4));
#9619 = CARTESIAN_POINT('',(-69.85,14.401477371938));
#9620 = CARTESIAN_POINT('',(-88.9,3.402954743875));
#9621 = CARTESIAN_POINT('',(-88.9,25.4));
#9622 = ( GEOMETRIC_REPRESENTATION_CONTEXT(2) 
PARAMETRIC_REPRESENTATION_CONTEXT() REPRESENTATION_CONTEXT('2D SPACE',''
  ) );
#9623 = PCURVE('',#9513,#9624);
#9624 = DEFINITIONAL_REPRESENTATION('',(#9625),#9629);
#9625 = LINE('',#9626,#9627);
#9626 = CARTESIAN_POINT('',(-0.,0.254));
#9627 = VECTOR('',#9628,1.);
#9628 = DIRECTION('',(-1.,0.));
#9629 = ( GEOMETRIC_REPRESENTATION_CONTEXT(2) 
PARAMETRIC_REPRESENTATION_CONTEXT() REPRESENTATION_CONTEXT('2D SPACE',''
  ) );
#9630 = ADVANCED_FACE('',(#9631),#9429,.T.);
#9631 = FACE_BOUND('',#9632,.F.);
#9632 = EDGE_LOOP('',(#9633,#9634,#9635,#9636));
#9633 = ORIENTED_EDGE('',*,*,#9415,.F.);
#9634 = ORIENTED_EDGE('',*,*,#9579,.T.);
#9635 = ORIENTED_EDGE('',*,*,#9553,.T.);
#9636 = ORIENTED_EDGE('',*,*,#9446,.F.);
#9637 = ADVANCED_FACE('',(#9638),#9513,.F.);
#9638 = FACE_BOUND('',#9639,.T.);
#9639 = EDGE_LOOP('',(#9640,#9641,#9662,#9663));
#9640 = ORIENTED_EDGE('',*,*,#9492,.F.);
#9641 = ORIENTED_EDGE('',*,*,#9642,.F.);
#9642 = EDGE_CURVE('',#9604,#9493,#9643,.T.);
#9643 = SEAM_CURVE('',#9644,(#9648,#9655),.PCURVE_S1.);
#9644 = LINE('',#9645,#9646);
#9645 = CARTESIAN_POINT('',(88.9,25.4,89.154));
#9646 = VECTOR('',#9647,25.4);
#9647 = DIRECTION('',(-0.,4.440892098501E-16,-1.));
#9648 = PCURVE('',#9513,#9649);
#9649 = DEFINITIONAL_REPRESENTATION('',(#9650),#9654);
#9650 = LINE('',#9651,#9652);
#9651 = CARTESIAN_POINT('',(-6.28318530718,-0.));
#9652 = VECTOR('',#9653,1.);
#9653 = DIRECTION('',(-0.,1.));
#9654 = ( GEOMETRIC_REPRESENTATION_CONTEXT(2) 
PARAMETRIC_REPRESENTATION_CONTEXT() REPRESENTATION_CONTEXT('2D SPACE',''
  ) );
#9655 = PCURVE('',#9513,#9656);
#9656 = DEFINITIONAL_REPRESENTATION('',(#9657),#9661);
#9657 = LINE('',#9658,#9659);
#9658 = CARTESIAN_POINT('',(-0.,-0.));
#9659 = VECTOR('',#9660,1.);
#9660 = DIRECTION('',(-0.,1.));
#9661 = ( GEOMETRIC_REPRESENTATION_CONTEXT(2) 
PARAMETRIC_REPRESENTATION_CONTEXT() REPRESENTATION_CONTEXT('2D SPACE',''
  ) );
#9662 = ORIENTED_EDGE('',*,*,#9603,.T.);
#9663 = ORIENTED_EDGE('',*,*,#9642,.T.);
#9664 = ( GEOMETRIC_REPRESENTATION_CONTEXT(3) 
GLOBAL_UNCERTAINTY_ASSIGNED_CONTEXT((#9668)) 
GLOBAL_UNIT_ASSIGNED_CONTEXT((#9665,#9666,#9667)) REPRESENTATION_CONTEXT
('Context #1','3D Context with UNIT and UNCERTAINTY') );
#9665 = ( LENGTH_UNIT() NAMED_UNIT(*) SI_UNIT(.MILLI.,.METRE.) );
#9666 = ( NAMED_UNIT(*) PLANE_ANGLE_UNIT() SI_UNIT($,.RADIAN.) );
#9667 = ( NAMED_UNIT(*) SI_UNIT($,.STERADIAN.) SOLID_ANGLE_UNIT() );
#9668 = UNCERTAINTY_MEASURE_WITH_UNIT(LENGTH_MEASURE(2.54E-06),#9665,
  'distance_accuracy_value','confusion accuracy');
#9669 = CONTEXT_DEPENDENT_SHAPE_REPRESENTATION(#9670,#9672);
#9670 = ( REPRESENTATION_RELATIONSHIP('','',#9241,#10) 
REPRESENTATION_RELATIONSHIP_WITH_TRANSFORMATION(#9671) 
SHAPE_REPRESENTATION_RELATIONSHIP() );
#9671 = ITEM_DEFINED_TRANSFORMATION('','',#11,#87);
#9672 = PRODUCT_DEFINITION_SHAPE('Placement','Placement of an item',
  #9673);
#9673 = NEXT_ASSEMBLY_USAGE_OCCURRENCE('19','Piston Plate (mirror)','',
  #5,#9236,$);
#9674 = PRODUCT_RELATED_PRODUCT_CATEGORY('part',$,(#9238));
#9675 = SHAPE_DEFINITION_REPRESENTATION(#9676,#9682);
#9676 = PRODUCT_DEFINITION_SHAPE('','',#9677);
#9677 = PRODUCT_DEFINITION('design','',#9678,#9681);
#9678 = PRODUCT_DEFINITION_FORMATION('','',#9679);
#9679 = PRODUCT('Fulcrum Pin','Fulcrum Pin','',(#9680));
#9680 = PRODUCT_CONTEXT('',#2,'mechanical');
#9681 = PRODUCT_DEFINITION_CONTEXT('part definition',#2,'design');
#9682 = ADVANCED_BREP_SHAPE_REPRESENTATION('',(#11,#9683),#9781);
#9683 = MANIFOLD_SOLID_BREP('',#9684);
#9684 = CLOSED_SHELL('',(#9685,#9773,#9777));
#9685 = ADVANCED_FACE('',(#9686),#9699,.T.);
#9686 = FACE_BOUND('',#9687,.T.);
#9687 = EDGE_LOOP('',(#9688,#9722,#9745,#9772));
#9688 = ORIENTED_EDGE('',*,*,#9689,.F.);
#9689 = EDGE_CURVE('',#9690,#9690,#9692,.T.);
#9690 = VERTEX_POINT('',#9691);
#9691 = CARTESIAN_POINT('',(12.065,-2.955072726343E-15,241.3));
#9692 = SURFACE_CURVE('',#9693,(#9698,#9710),.PCURVE_S1.);
#9693 = CIRCLE('',#9694,12.065);
#9694 = AXIS2_PLACEMENT_3D('',#9695,#9696,#9697);
#9695 = CARTESIAN_POINT('',(0.,0.,241.3));
#9696 = DIRECTION('',(0.,0.,1.));
#9697 = DIRECTION('',(1.,0.,-0.));
#9698 = PCURVE('',#9699,#9704);
#9699 = CYLINDRICAL_SURFACE('',#9700,12.065);
#9700 = AXIS2_PLACEMENT_3D('',#9701,#9702,#9703);
#9701 = CARTESIAN_POINT('',(0.,0.,0.));
#9702 = DIRECTION('',(0.,0.,1.));
#9703 = DIRECTION('',(1.,0.,-0.));
#9704 = DEFINITIONAL_REPRESENTATION('',(#9705),#9709);
#9705 = LINE('',#9706,#9707);
#9706 = CARTESIAN_POINT('',(0.,241.3));
#9707 = VECTOR('',#9708,1.);
#9708 = DIRECTION('',(1.,0.));
#9709 = ( GEOMETRIC_REPRESENTATION_CONTEXT(2) 
PARAMETRIC_REPRESENTATION_CONTEXT() REPRESENTATION_CONTEXT('2D SPACE',''
  ) );
#9710 = PCURVE('',#9711,#9716);
#9711 = PLANE('',#9712);
#9712 = AXIS2_PLACEMENT_3D('',#9713,#9714,#9715);
#9713 = CARTESIAN_POINT('',(0.,0.,241.3));
#9714 = DIRECTION('',(0.,0.,1.));
#9715 = DIRECTION('',(1.,0.,-0.));
#9716 = DEFINITIONAL_REPRESENTATION('',(#9717),#9721);
#9717 = CIRCLE('',#9718,12.065);
#9718 = AXIS2_PLACEMENT_2D('',#9719,#9720);
#9719 = CARTESIAN_POINT('',(0.,0.));
#9720 = DIRECTION('',(1.,0.));
#9721 = ( GEOMETRIC_REPRESENTATION_CONTEXT(2) 
PARAMETRIC_REPRESENTATION_CONTEXT() REPRESENTATION_CONTEXT('2D SPACE',''
  ) );
#9722 = ORIENTED_EDGE('',*,*,#9723,.F.);
#9723 = EDGE_CURVE('',#9724,#9690,#9726,.T.);
#9724 = VERTEX_POINT('',#9725);
#9725 = CARTESIAN_POINT('',(12.065,-2.955072726343E-15,0.));
#9726 = SEAM_CURVE('',#9727,(#9731,#9738),.PCURVE_S1.);
#9727 = LINE('',#9728,#9729);
#9728 = CARTESIAN_POINT('',(12.065,-2.955072726343E-15,0.));
#9729 = VECTOR('',#9730,25.4);
#9730 = DIRECTION('',(0.,0.,1.));
#9731 = PCURVE('',#9699,#9732);
#9732 = DEFINITIONAL_REPRESENTATION('',(#9733),#9737);
#9733 = LINE('',#9734,#9735);
#9734 = CARTESIAN_POINT('',(6.28318530718,-0.));
#9735 = VECTOR('',#9736,1.);
#9736 = DIRECTION('',(0.,1.));
#9737 = ( GEOMETRIC_REPRESENTATION_CONTEXT(2) 
PARAMETRIC_REPRESENTATION_CONTEXT() REPRESENTATION_CONTEXT('2D SPACE',''
  ) );
#9738 = PCURVE('',#9699,#9739);
#9739 = DEFINITIONAL_REPRESENTATION('',(#9740),#9744);
#9740 = LINE('',#9741,#9742);
#9741 = CARTESIAN_POINT('',(0.,-0.));
#9742 = VECTOR('',#9743,1.);
#9743 = DIRECTION('',(0.,1.));
#9744 = ( GEOMETRIC_REPRESENTATION_CONTEXT(2) 
PARAMETRIC_REPRESENTATION_CONTEXT() REPRESENTATION_CONTEXT('2D SPACE',''
  ) );
#9745 = ORIENTED_EDGE('',*,*,#9746,.T.);
#9746 = EDGE_CURVE('',#9724,#9724,#9747,.T.);
#9747 = SURFACE_CURVE('',#9748,(#9753,#9760),.PCURVE_S1.);
#9748 = CIRCLE('',#9749,12.065);
#9749 = AXIS2_PLACEMENT_3D('',#9750,#9751,#9752);
#9750 = CARTESIAN_POINT('',(0.,0.,0.));
#9751 = DIRECTION('',(0.,0.,1.));
#9752 = DIRECTION('',(1.,0.,-0.));
#9753 = PCURVE('',#9699,#9754);
#9754 = DEFINITIONAL_REPRESENTATION('',(#9755),#9759);
#9755 = LINE('',#9756,#9757);
#9756 = CARTESIAN_POINT('',(0.,0.));
#9757 = VECTOR('',#9758,1.);
#9758 = DIRECTION('',(1.,0.));
#9759 = ( GEOMETRIC_REPRESENTATION_CONTEXT(2) 
PARAMETRIC_REPRESENTATION_CONTEXT() REPRESENTATION_CONTEXT('2D SPACE',''
  ) );
#9760 = PCURVE('',#9761,#9766);
#9761 = PLANE('',#9762);
#9762 = AXIS2_PLACEMENT_3D('',#9763,#9764,#9765);
#9763 = CARTESIAN_POINT('',(0.,0.,0.));
#9764 = DIRECTION('',(0.,0.,1.));
#9765 = DIRECTION('',(1.,0.,-0.));
#9766 = DEFINITIONAL_REPRESENTATION('',(#9767),#9771);
#9767 = CIRCLE('',#9768,12.065);
#9768 = AXIS2_PLACEMENT_2D('',#9769,#9770);
#9769 = CARTESIAN_POINT('',(0.,0.));
#9770 = DIRECTION('',(1.,0.));
#9771 = ( GEOMETRIC_REPRESENTATION_CONTEXT(2) 
PARAMETRIC_REPRESENTATION_CONTEXT() REPRESENTATION_CONTEXT('2D SPACE',''
  ) );
#9772 = ORIENTED_EDGE('',*,*,#9723,.T.);
#9773 = ADVANCED_FACE('',(#9774),#9711,.T.);
#9774 = FACE_BOUND('',#9775,.T.);
#9775 = EDGE_LOOP('',(#9776));
#9776 = ORIENTED_EDGE('',*,*,#9689,.T.);
#9777 = ADVANCED_FACE('',(#9778),#9761,.F.);
#9778 = FACE_BOUND('',#9779,.T.);
#9779 = EDGE_LOOP('',(#9780));
#9780 = ORIENTED_EDGE('',*,*,#9746,.F.);
#9781 = ( GEOMETRIC_REPRESENTATION_CONTEXT(3) 
GLOBAL_UNCERTAINTY_ASSIGNED_CONTEXT((#9785)) 
GLOBAL_UNIT_ASSIGNED_CONTEXT((#9782,#9783,#9784)) REPRESENTATION_CONTEXT
('Context #1','3D Context with UNIT and UNCERTAINTY') );
#9782 = ( LENGTH_UNIT() NAMED_UNIT(*) SI_UNIT(.MILLI.,.METRE.) );
#9783 = ( NAMED_UNIT(*) PLANE_ANGLE_UNIT() SI_UNIT($,.RADIAN.) );
#9784 = ( NAMED_UNIT(*) SI_UNIT($,.STERADIAN.) SOLID_ANGLE_UNIT() );
#9785 = UNCERTAINTY_MEASURE_WITH_UNIT(LENGTH_MEASURE(2.54E-06),#9782,
  'distance_accuracy_value','confusion accuracy');
#9786 = CONTEXT_DEPENDENT_SHAPE_REPRESENTATION(#9787,#9789);
#9787 = ( REPRESENTATION_RELATIONSHIP('','',#9682,#10) 
REPRESENTATION_RELATIONSHIP_WITH_TRANSFORMATION(#9788) 
SHAPE_REPRESENTATION_RELATIONSHIP() );
#9788 = ITEM_DEFINED_TRANSFORMATION('','',#11,#91);
#9789 = PRODUCT_DEFINITION_SHAPE('Placement','Placement of an item',
  #9790);
#9790 = NEXT_ASSEMBLY_USAGE_OCCURRENCE('20','Fulcrum Pin','',#5,#9677,$
  );
#9791 = PRODUCT_RELATED_PRODUCT_CATEGORY('part',$,(#9679));
#9792 = SHAPE_DEFINITION_REPRESENTATION(#9793,#9799);
#9793 = PRODUCT_DEFINITION_SHAPE('','',#9794);
#9794 = PRODUCT_DEFINITION('design','',#9795,#9798);
#9795 = PRODUCT_DEFINITION_FORMATION('','',#9796);
#9796 = PRODUCT('Load Pin','Load Pin','',(#9797));
#9797 = PRODUCT_CONTEXT('',#2,'mechanical');
#9798 = PRODUCT_DEFINITION_CONTEXT('part definition',#2,'design');
#9799 = ADVANCED_BREP_SHAPE_REPRESENTATION('',(#11,#9800),#9898);
#9800 = MANIFOLD_SOLID_BREP('',#9801);
#9801 = CLOSED_SHELL('',(#9802,#9890,#9894));
#9802 = ADVANCED_FACE('',(#9803),#9816,.T.);
#9803 = FACE_BOUND('',#9804,.T.);
#9804 = EDGE_LOOP('',(#9805,#9839,#9862,#9889));
#9805 = ORIENTED_EDGE('',*,*,#9806,.F.);
#9806 = EDGE_CURVE('',#9807,#9807,#9809,.T.);
#9807 = VERTEX_POINT('',#9808);
#9808 = CARTESIAN_POINT('',(12.065,-2.955072726343E-15,241.3));
#9809 = SURFACE_CURVE('',#9810,(#9815,#9827),.PCURVE_S1.);
#9810 = CIRCLE('',#9811,12.065);
#9811 = AXIS2_PLACEMENT_3D('',#9812,#9813,#9814);
#9812 = CARTESIAN_POINT('',(0.,0.,241.3));
#9813 = DIRECTION('',(0.,0.,1.));
#9814 = DIRECTION('',(1.,0.,-0.));
#9815 = PCURVE('',#9816,#9821);
#9816 = CYLINDRICAL_SURFACE('',#9817,12.065);
#9817 = AXIS2_PLACEMENT_3D('',#9818,#9819,#9820);
#9818 = CARTESIAN_POINT('',(0.,0.,0.));
#9819 = DIRECTION('',(0.,0.,1.));
#9820 = DIRECTION('',(1.,0.,-0.));
#9821 = DEFINITIONAL_REPRESENTATION('',(#9822),#9826);
#9822 = LINE('',#9823,#9824);
#9823 = CARTESIAN_POINT('',(0.,241.3));
#9824 = VECTOR('',#9825,1.);
#9825 = DIRECTION('',(1.,0.));
#9826 = ( GEOMETRIC_REPRESENTATION_CONTEXT(2) 
PARAMETRIC_REPRESENTATION_CONTEXT() REPRESENTATION_CONTEXT('2D SPACE',''
  ) );
#9827 = PCURVE('',#9828,#9833);
#9828 = PLANE('',#9829);
#9829 = AXIS2_PLACEMENT_3D('',#9830,#9831,#9832);
#9830 = CARTESIAN_POINT('',(0.,0.,241.3));
#9831 = DIRECTION('',(0.,0.,1.));
#9832 = DIRECTION('',(1.,0.,-0.));
#9833 = DEFINITIONAL_REPRESENTATION('',(#9834),#9838);
#9834 = CIRCLE('',#9835,12.065);
#9835 = AXIS2_PLACEMENT_2D('',#9836,#9837);
#9836 = CARTESIAN_POINT('',(0.,0.));
#9837 = DIRECTION('',(1.,0.));
#9838 = ( GEOMETRIC_REPRESENTATION_CONTEXT(2) 
PARAMETRIC_REPRESENTATION_CONTEXT() REPRESENTATION_CONTEXT('2D SPACE',''
  ) );
#9839 = ORIENTED_EDGE('',*,*,#9840,.F.);
#9840 = EDGE_CURVE('',#9841,#9807,#9843,.T.);
#9841 = VERTEX_POINT('',#9842);
#9842 = CARTESIAN_POINT('',(12.065,-2.955072726343E-15,0.));
#9843 = SEAM_CURVE('',#9844,(#9848,#9855),.PCURVE_S1.);
#9844 = LINE('',#9845,#9846);
#9845 = CARTESIAN_POINT('',(12.065,-2.955072726343E-15,0.));
#9846 = VECTOR('',#9847,25.4);
#9847 = DIRECTION('',(0.,0.,1.));
#9848 = PCURVE('',#9816,#9849);
#9849 = DEFINITIONAL_REPRESENTATION('',(#9850),#9854);
#9850 = LINE('',#9851,#9852);
#9851 = CARTESIAN_POINT('',(6.28318530718,-0.));
#9852 = VECTOR('',#9853,1.);
#9853 = DIRECTION('',(0.,1.));
#9854 = ( GEOMETRIC_REPRESENTATION_CONTEXT(2) 
PARAMETRIC_REPRESENTATION_CONTEXT() REPRESENTATION_CONTEXT('2D SPACE',''
  ) );
#9855 = PCURVE('',#9816,#9856);
#9856 = DEFINITIONAL_REPRESENTATION('',(#9857),#9861);
#9857 = LINE('',#9858,#9859);
#9858 = CARTESIAN_POINT('',(0.,-0.));
#9859 = VECTOR('',#9860,1.);
#9860 = DIRECTION('',(0.,1.));
#9861 = ( GEOMETRIC_REPRESENTATION_CONTEXT(2) 
PARAMETRIC_REPRESENTATION_CONTEXT() REPRESENTATION_CONTEXT('2D SPACE',''
  ) );
#9862 = ORIENTED_EDGE('',*,*,#9863,.T.);
#9863 = EDGE_CURVE('',#9841,#9841,#9864,.T.);
#9864 = SURFACE_CURVE('',#9865,(#9870,#9877),.PCURVE_S1.);
#9865 = CIRCLE('',#9866,12.065);
#9866 = AXIS2_PLACEMENT_3D('',#9867,#9868,#9869);
#9867 = CARTESIAN_POINT('',(0.,0.,0.));
#9868 = DIRECTION('',(0.,0.,1.));
#9869 = DIRECTION('',(1.,0.,-0.));
#9870 = PCURVE('',#9816,#9871);
#9871 = DEFINITIONAL_REPRESENTATION('',(#9872),#9876);
#9872 = LINE('',#9873,#9874);
#9873 = CARTESIAN_POINT('',(0.,0.));
#9874 = VECTOR('',#9875,1.);
#9875 = DIRECTION('',(1.,0.));
#9876 = ( GEOMETRIC_REPRESENTATION_CONTEXT(2) 
PARAMETRIC_REPRESENTATION_CONTEXT() REPRESENTATION_CONTEXT('2D SPACE',''
  ) );
#9877 = PCURVE('',#9878,#9883);
#9878 = PLANE('',#9879);
#9879 = AXIS2_PLACEMENT_3D('',#9880,#9881,#9882);
#9880 = CARTESIAN_POINT('',(0.,0.,0.));
#9881 = DIRECTION('',(0.,0.,1.));
#9882 = DIRECTION('',(1.,0.,-0.));
#9883 = DEFINITIONAL_REPRESENTATION('',(#9884),#9888);
#9884 = CIRCLE('',#9885,12.065);
#9885 = AXIS2_PLACEMENT_2D('',#9886,#9887);
#9886 = CARTESIAN_POINT('',(0.,0.));
#9887 = DIRECTION('',(1.,0.));
#9888 = ( GEOMETRIC_REPRESENTATION_CONTEXT(2) 
PARAMETRIC_REPRESENTATION_CONTEXT() REPRESENTATION_CONTEXT('2D SPACE',''
  ) );
#9889 = ORIENTED_EDGE('',*,*,#9840,.T.);
#9890 = ADVANCED_FACE('',(#9891),#9828,.T.);
#9891 = FACE_BOUND('',#9892,.T.);
#9892 = EDGE_LOOP('',(#9893));
#9893 = ORIENTED_EDGE('',*,*,#9806,.T.);
#9894 = ADVANCED_FACE('',(#9895),#9878,.F.);
#9895 = FACE_BOUND('',#9896,.T.);
#9896 = EDGE_LOOP('',(#9897));
#9897 = ORIENTED_EDGE('',*,*,#9863,.F.);
#9898 = ( GEOMETRIC_REPRESENTATION_CONTEXT(3) 
GLOBAL_UNCERTAINTY_ASSIGNED_CONTEXT((#9902)) 
GLOBAL_UNIT_ASSIGNED_CONTEXT((#9899,#9900,#9901)) REPRESENTATION_CONTEXT
('Context #1','3D Context with UNIT and UNCERTAINTY') );
#9899 = ( LENGTH_UNIT() NAMED_UNIT(*) SI_UNIT(.MILLI.,.METRE.) );
#9900 = ( NAMED_UNIT(*) PLANE_ANGLE_UNIT() SI_UNIT($,.RADIAN.) );
#9901 = ( NAMED_UNIT(*) SI_UNIT($,.STERADIAN.) SOLID_ANGLE_UNIT() );
#9902 = UNCERTAINTY_MEASURE_WITH_UNIT(LENGTH_MEASURE(2.54E-06),#9899,
  'distance_accuracy_value','confusion accuracy');
#9903 = CONTEXT_DEPENDENT_SHAPE_REPRESENTATION(#9904,#9906);
#9904 = ( REPRESENTATION_RELATIONSHIP('','',#9799,#10) 
REPRESENTATION_RELATIONSHIP_WITH_TRANSFORMATION(#9905) 
SHAPE_REPRESENTATION_RELATIONSHIP() );
#9905 = ITEM_DEFINED_TRANSFORMATION('','',#11,#95);
#9906 = PRODUCT_DEFINITION_SHAPE('Placement','Placement of an item',
  #9907);
#9907 = NEXT_ASSEMBLY_USAGE_OCCURRENCE('21','Load Pin','',#5,#9794,$);
#9908 = PRODUCT_RELATED_PRODUCT_CATEGORY('part',$,(#9796));
#9909 = SHAPE_DEFINITION_REPRESENTATION(#9910,#9916);
#9910 = PRODUCT_DEFINITION_SHAPE('','',#9911);
#9911 = PRODUCT_DEFINITION('design','',#9912,#9915);
#9912 = PRODUCT_DEFINITION_FORMATION('','',#9913);
#9913 = PRODUCT('Roller','Roller','',(#9914));
#9914 = PRODUCT_CONTEXT('',#2,'mechanical');
#9915 = PRODUCT_DEFINITION_CONTEXT('part definition',#2,'design');
#9916 = ADVANCED_BREP_SHAPE_REPRESENTATION('',(#11,#9917),#10015);
#9917 = MANIFOLD_SOLID_BREP('',#9918);
#9918 = CLOSED_SHELL('',(#9919,#10007,#10011));
#9919 = ADVANCED_FACE('',(#9920),#9933,.T.);
#9920 = FACE_BOUND('',#9921,.T.);
#9921 = EDGE_LOOP('',(#9922,#9956,#9979,#10006));
#9922 = ORIENTED_EDGE('',*,*,#9923,.F.);
#9923 = EDGE_CURVE('',#9924,#9924,#9926,.T.);
#9924 = VERTEX_POINT('',#9925);
#9925 = CARTESIAN_POINT('',(12.7,-3.110602869834E-15,152.4));
#9926 = SURFACE_CURVE('',#9927,(#9932,#9944),.PCURVE_S1.);
#9927 = CIRCLE('',#9928,12.7);
#9928 = AXIS2_PLACEMENT_3D('',#9929,#9930,#9931);
#9929 = CARTESIAN_POINT('',(0.,0.,152.4));
#9930 = DIRECTION('',(0.,0.,1.));
#9931 = DIRECTION('',(1.,0.,-0.));
#9932 = PCURVE('',#9933,#9938);
#9933 = CYLINDRICAL_SURFACE('',#9934,12.7);
#9934 = AXIS2_PLACEMENT_3D('',#9935,#9936,#9937);
#9935 = CARTESIAN_POINT('',(0.,0.,0.));
#9936 = DIRECTION('',(0.,0.,1.));
#9937 = DIRECTION('',(1.,0.,-0.));
#9938 = DEFINITIONAL_REPRESENTATION('',(#9939),#9943);
#9939 = LINE('',#9940,#9941);
#9940 = CARTESIAN_POINT('',(0.,152.4));
#9941 = VECTOR('',#9942,1.);
#9942 = DIRECTION('',(1.,0.));
#9943 = ( GEOMETRIC_REPRESENTATION_CONTEXT(2) 
PARAMETRIC_REPRESENTATION_CONTEXT() REPRESENTATION_CONTEXT('2D SPACE',''
  ) );
#9944 = PCURVE('',#9945,#9950);
#9945 = PLANE('',#9946);
#9946 = AXIS2_PLACEMENT_3D('',#9947,#9948,#9949);
#9947 = CARTESIAN_POINT('',(0.,0.,152.4));
#9948 = DIRECTION('',(0.,0.,1.));
#9949 = DIRECTION('',(1.,0.,-0.));
#9950 = DEFINITIONAL_REPRESENTATION('',(#9951),#9955);
#9951 = CIRCLE('',#9952,12.7);
#9952 = AXIS2_PLACEMENT_2D('',#9953,#9954);
#9953 = CARTESIAN_POINT('',(0.,0.));
#9954 = DIRECTION('',(1.,0.));
#9955 = ( GEOMETRIC_REPRESENTATION_CONTEXT(2) 
PARAMETRIC_REPRESENTATION_CONTEXT() REPRESENTATION_CONTEXT('2D SPACE',''
  ) );
#9956 = ORIENTED_EDGE('',*,*,#9957,.F.);
#9957 = EDGE_CURVE('',#9958,#9924,#9960,.T.);
#9958 = VERTEX_POINT('',#9959);
#9959 = CARTESIAN_POINT('',(12.7,-3.110602869834E-15,0.));
#9960 = SEAM_CURVE('',#9961,(#9965,#9972),.PCURVE_S1.);
#9961 = LINE('',#9962,#9963);
#9962 = CARTESIAN_POINT('',(12.7,-3.110602869834E-15,0.));
#9963 = VECTOR('',#9964,25.4);
#9964 = DIRECTION('',(0.,0.,1.));
#9965 = PCURVE('',#9933,#9966);
#9966 = DEFINITIONAL_REPRESENTATION('',(#9967),#9971);
#9967 = LINE('',#9968,#9969);
#9968 = CARTESIAN_POINT('',(6.28318530718,-0.));
#9969 = VECTOR('',#9970,1.);
#9970 = DIRECTION('',(0.,1.));
#9971 = ( GEOMETRIC_REPRESENTATION_CONTEXT(2) 
PARAMETRIC_REPRESENTATION_CONTEXT() REPRESENTATION_CONTEXT('2D SPACE',''
  ) );
#9972 = PCURVE('',#9933,#9973);
#9973 = DEFINITIONAL_REPRESENTATION('',(#9974),#9978);
#9974 = LINE('',#9975,#9976);
#9975 = CARTESIAN_POINT('',(0.,-0.));
#9976 = VECTOR('',#9977,1.);
#9977 = DIRECTION('',(0.,1.));
#9978 = ( GEOMETRIC_REPRESENTATION_CONTEXT(2) 
PARAMETRIC_REPRESENTATION_CONTEXT() REPRESENTATION_CONTEXT('2D SPACE',''
  ) );
#9979 = ORIENTED_EDGE('',*,*,#9980,.T.);
#9980 = EDGE_CURVE('',#9958,#9958,#9981,.T.);
#9981 = SURFACE_CURVE('',#9982,(#9987,#9994),.PCURVE_S1.);
#9982 = CIRCLE('',#9983,12.7);
#9983 = AXIS2_PLACEMENT_3D('',#9984,#9985,#9986);
#9984 = CARTESIAN_POINT('',(0.,0.,0.));
#9985 = DIRECTION('',(0.,0.,1.));
#9986 = DIRECTION('',(1.,0.,-0.));
#9987 = PCURVE('',#9933,#9988);
#9988 = DEFINITIONAL_REPRESENTATION('',(#9989),#9993);
#9989 = LINE('',#9990,#9991);
#9990 = CARTESIAN_POINT('',(0.,0.));
#9991 = VECTOR('',#9992,1.);
#9992 = DIRECTION('',(1.,0.));
#9993 = ( GEOMETRIC_REPRESENTATION_CONTEXT(2) 
PARAMETRIC_REPRESENTATION_CONTEXT() REPRESENTATION_CONTEXT('2D SPACE',''
  ) );
#9994 = PCURVE('',#9995,#10000);
#9995 = PLANE('',#9996);
#9996 = AXIS2_PLACEMENT_3D('',#9997,#9998,#9999);
#9997 = CARTESIAN_POINT('',(0.,0.,0.));
#9998 = DIRECTION('',(0.,0.,1.));
#9999 = DIRECTION('',(1.,0.,-0.));
#10000 = DEFINITIONAL_REPRESENTATION('',(#10001),#10005);
#10001 = CIRCLE('',#10002,12.7);
#10002 = AXIS2_PLACEMENT_2D('',#10003,#10004);
#10003 = CARTESIAN_POINT('',(0.,0.));
#10004 = DIRECTION('',(1.,0.));
#10005 = ( GEOMETRIC_REPRESENTATION_CONTEXT(2) 
PARAMETRIC_REPRESENTATION_CONTEXT() REPRESENTATION_CONTEXT('2D SPACE',''
  ) );
#10006 = ORIENTED_EDGE('',*,*,#9957,.T.);
#10007 = ADVANCED_FACE('',(#10008),#9945,.T.);
#10008 = FACE_BOUND('',#10009,.T.);
#10009 = EDGE_LOOP('',(#10010));
#10010 = ORIENTED_EDGE('',*,*,#9923,.T.);
#10011 = ADVANCED_FACE('',(#10012),#9995,.F.);
#10012 = FACE_BOUND('',#10013,.T.);
#10013 = EDGE_LOOP('',(#10014));
#10014 = ORIENTED_EDGE('',*,*,#9980,.F.);
#10015 = ( GEOMETRIC_REPRESENTATION_CONTEXT(3) 
GLOBAL_UNCERTAINTY_ASSIGNED_CONTEXT((#10019)) 
GLOBAL_UNIT_ASSIGNED_CONTEXT((#10016,#10017,#10018)) 
REPRESENTATION_CONTEXT('Context #1',
  '3D Context with UNIT and UNCERTAINTY') );
#10016 = ( LENGTH_UNIT() NAMED_UNIT(*) SI_UNIT(.MILLI.,.METRE.) );
#10017 = ( NAMED_UNIT(*) PLANE_ANGLE_UNIT() SI_UNIT($,.RADIAN.) );
#10018 = ( NAMED_UNIT(*) SI_UNIT($,.STERADIAN.) SOLID_ANGLE_UNIT() );
#10019 = UNCERTAINTY_MEASURE_WITH_UNIT(LENGTH_MEASURE(2.54E-06),#10016,
  'distance_accuracy_value','confusion accuracy');
#10020 = CONTEXT_DEPENDENT_SHAPE_REPRESENTATION(#10021,#10023);
#10021 = ( REPRESENTATION_RELATIONSHIP('','',#9916,#10) 
REPRESENTATION_RELATIONSHIP_WITH_TRANSFORMATION(#10022) 
SHAPE_REPRESENTATION_RELATIONSHIP() );
#10022 = ITEM_DEFINED_TRANSFORMATION('','',#11,#99);
#10023 = PRODUCT_DEFINITION_SHAPE('Placement','Placement of an item',
  #10024);
#10024 = NEXT_ASSEMBLY_USAGE_OCCURRENCE('22','Roller','',#5,#9911,$);
#10025 = PRODUCT_RELATED_PRODUCT_CATEGORY('part',$,(#9913));
#10026 = SHAPE_DEFINITION_REPRESENTATION(#10027,#10033);
#10027 = PRODUCT_DEFINITION_SHAPE('','',#10028);
#10028 = PRODUCT_DEFINITION('design','',#10029,#10032);
#10029 = PRODUCT_DEFINITION_FORMATION('','',#10030);
#10030 = PRODUCT('Lever Bar','Lever Bar','',(#10031));
#10031 = PRODUCT_CONTEXT('',#2,'mechanical');
#10032 = PRODUCT_DEFINITION_CONTEXT('part definition',#2,'design');
#10033 = ADVANCED_BREP_SHAPE_REPRESENTATION('',(#11,#10034),#10608);
#10034 = MANIFOLD_SOLID_BREP('',#10035);
#10035 = CLOSED_SHELL('',(#10036,#10156,#10232,#10310,#10420,#10520,
    #10547,#10574,#10581));
#10036 = ADVANCED_FACE('',(#10037),#10051,.F.);
#10037 = FACE_BOUND('',#10038,.F.);
#10038 = EDGE_LOOP('',(#10039,#10074,#10102,#10130));
#10039 = ORIENTED_EDGE('',*,*,#10040,.T.);
#10040 = EDGE_CURVE('',#10041,#10043,#10045,.T.);
#10041 = VERTEX_POINT('',#10042);
#10042 = CARTESIAN_POINT('',(0.,0.,0.));
#10043 = VERTEX_POINT('',#10044);
#10044 = CARTESIAN_POINT('',(0.,0.,6.35));
#10045 = SURFACE_CURVE('',#10046,(#10050,#10062),.PCURVE_S1.);
#10046 = LINE('',#10047,#10048);
#10047 = CARTESIAN_POINT('',(0.,0.,0.));
#10048 = VECTOR('',#10049,25.4);
#10049 = DIRECTION('',(0.,0.,1.));
#10050 = PCURVE('',#10051,#10056);
#10051 = PLANE('',#10052);
#10052 = AXIS2_PLACEMENT_3D('',#10053,#10054,#10055);
#10053 = CARTESIAN_POINT('',(0.,0.,0.));
#10054 = DIRECTION('',(0.,1.,0.));
#10055 = DIRECTION('',(1.,0.,0.));
#10056 = DEFINITIONAL_REPRESENTATION('',(#10057),#10061);
#10057 = LINE('',#10058,#10059);
#10058 = CARTESIAN_POINT('',(0.,0.));
#10059 = VECTOR('',#10060,1.);
#10060 = DIRECTION('',(0.,-1.));
#10061 = ( GEOMETRIC_REPRESENTATION_CONTEXT(2) 
PARAMETRIC_REPRESENTATION_CONTEXT() REPRESENTATION_CONTEXT('2D SPACE',''
  ) );
#10062 = PCURVE('',#10063,#10068);
#10063 = PLANE('',#10064);
#10064 = AXIS2_PLACEMENT_3D('',#10065,#10066,#10067);
#10065 = CARTESIAN_POINT('',(0.,50.8,0.));
#10066 = DIRECTION('',(1.,0.,-0.));
#10067 = DIRECTION('',(0.,-1.,0.));
#10068 = DEFINITIONAL_REPRESENTATION('',(#10069),#10073);
#10069 = LINE('',#10070,#10071);
#10070 = CARTESIAN_POINT('',(50.8,0.));
#10071 = VECTOR('',#10072,1.);
#10072 = DIRECTION('',(0.,-1.));
#10073 = ( GEOMETRIC_REPRESENTATION_CONTEXT(2) 
PARAMETRIC_REPRESENTATION_CONTEXT() REPRESENTATION_CONTEXT('2D SPACE',''
  ) );
#10074 = ORIENTED_EDGE('',*,*,#10075,.T.);
#10075 = EDGE_CURVE('',#10043,#10076,#10078,.T.);
#10076 = VERTEX_POINT('',#10077);
#10077 = CARTESIAN_POINT('',(492.125,-7.154391001407E-07,6.35));
#10078 = SURFACE_CURVE('',#10079,(#10083,#10090),.PCURVE_S1.);
#10079 = LINE('',#10080,#10081);
#10080 = CARTESIAN_POINT('',(0.,0.,6.35));
#10081 = VECTOR('',#10082,25.4);
#10082 = DIRECTION('',(1.,0.,0.));
#10083 = PCURVE('',#10051,#10084);
#10084 = DEFINITIONAL_REPRESENTATION('',(#10085),#10089);
#10085 = LINE('',#10086,#10087);
#10086 = CARTESIAN_POINT('',(0.,-6.35));
#10087 = VECTOR('',#10088,1.);
#10088 = DIRECTION('',(1.,0.));
#10089 = ( GEOMETRIC_REPRESENTATION_CONTEXT(2) 
PARAMETRIC_REPRESENTATION_CONTEXT() REPRESENTATION_CONTEXT('2D SPACE',''
  ) );
#10090 = PCURVE('',#10091,#10096);
#10091 = PLANE('',#10092);
#10092 = AXIS2_PLACEMENT_3D('',#10093,#10094,#10095);
#10093 = CARTESIAN_POINT('',(247.93617414297,25.399999956057,6.35));
#10094 = DIRECTION('',(0.,0.,1.));
#10095 = DIRECTION('',(1.,0.,-0.));
#10096 = DEFINITIONAL_REPRESENTATION('',(#10097),#10101);
#10097 = LINE('',#10098,#10099);
#10098 = CARTESIAN_POINT('',(-247.9361741429,-25.39999995605));
#10099 = VECTOR('',#10100,1.);
#10100 = DIRECTION('',(1.,0.));
#10101 = ( GEOMETRIC_REPRESENTATION_CONTEXT(2) 
PARAMETRIC_REPRESENTATION_CONTEXT() REPRESENTATION_CONTEXT('2D SPACE',''
  ) );
#10102 = ORIENTED_EDGE('',*,*,#10103,.F.);
#10103 = EDGE_CURVE('',#10104,#10076,#10106,.T.);
#10104 = VERTEX_POINT('',#10105);
#10105 = CARTESIAN_POINT('',(492.125,-7.154391001407E-07,0.));
#10106 = SURFACE_CURVE('',#10107,(#10111,#10118),.PCURVE_S1.);
#10107 = LINE('',#10108,#10109);
#10108 = CARTESIAN_POINT('',(492.125,-7.154391001407E-07,0.));
#10109 = VECTOR('',#10110,25.4);
#10110 = DIRECTION('',(0.,0.,1.));
#10111 = PCURVE('',#10051,#10112);
#10112 = DEFINITIONAL_REPRESENTATION('',(#10113),#10117);
#10113 = LINE('',#10114,#10115);
#10114 = CARTESIAN_POINT('',(492.125,0.));
#10115 = VECTOR('',#10116,1.);
#10116 = DIRECTION('',(0.,-1.));
#10117 = ( GEOMETRIC_REPRESENTATION_CONTEXT(2) 
PARAMETRIC_REPRESENTATION_CONTEXT() REPRESENTATION_CONTEXT('2D SPACE',''
  ) );
#10118 = PCURVE('',#10119,#10124);
#10119 = CYLINDRICAL_SURFACE('',#10120,6.35);
#10120 = AXIS2_PLACEMENT_3D('',#10121,#10122,#10123);
#10121 = CARTESIAN_POINT('',(492.125,6.349998569122,0.));
#10122 = DIRECTION('',(-0.,-0.,-1.));
#10123 = DIRECTION('',(1.,0.,0.));
#10124 = DEFINITIONAL_REPRESENTATION('',(#10125),#10129);
#10125 = LINE('',#10126,#10127);
#10126 = CARTESIAN_POINT('',(-4.712388980385,0.));
#10127 = VECTOR('',#10128,1.);
#10128 = DIRECTION('',(-0.,-1.));
#10129 = ( GEOMETRIC_REPRESENTATION_CONTEXT(2) 
PARAMETRIC_REPRESENTATION_CONTEXT() REPRESENTATION_CONTEXT('2D SPACE',''
  ) );
#10130 = ORIENTED_EDGE('',*,*,#10131,.F.);
#10131 = EDGE_CURVE('',#10041,#10104,#10132,.T.);
#10132 = SURFACE_CURVE('',#10133,(#10137,#10144),.PCURVE_S1.);
#10133 = LINE('',#10134,#10135);
#10134 = CARTESIAN_POINT('',(0.,0.,0.));
#10135 = VECTOR('',#10136,25.4);
#10136 = DIRECTION('',(1.,0.,0.));
#10137 = PCURVE('',#10051,#10138);
#10138 = DEFINITIONAL_REPRESENTATION('',(#10139),#10143);
#10139 = LINE('',#10140,#10141);
#10140 = CARTESIAN_POINT('',(0.,0.));
#10141 = VECTOR('',#10142,1.);
#10142 = DIRECTION('',(1.,0.));
#10143 = ( GEOMETRIC_REPRESENTATION_CONTEXT(2) 
PARAMETRIC_REPRESENTATION_CONTEXT() REPRESENTATION_CONTEXT('2D SPACE',''
  ) );
#10144 = PCURVE('',#10145,#10150);
#10145 = PLANE('',#10146);
#10146 = AXIS2_PLACEMENT_3D('',#10147,#10148,#10149);
#10147 = CARTESIAN_POINT('',(247.93617414297,25.399999956057,0.));
#10148 = DIRECTION('',(0.,0.,1.));
#10149 = DIRECTION('',(1.,0.,-0.));
#10150 = DEFINITIONAL_REPRESENTATION('',(#10151),#10155);
#10151 = LINE('',#10152,#10153);
#10152 = CARTESIAN_POINT('',(-247.9361741429,-25.39999995605));
#10153 = VECTOR('',#10154,1.);
#10154 = DIRECTION('',(1.,0.));
#10155 = ( GEOMETRIC_REPRESENTATION_CONTEXT(2) 
PARAMETRIC_REPRESENTATION_CONTEXT() REPRESENTATION_CONTEXT('2D SPACE',''
  ) );
#10156 = ADVANCED_FACE('',(#10157),#10063,.F.);
#10157 = FACE_BOUND('',#10158,.F.);
#10158 = EDGE_LOOP('',(#10159,#10189,#10210,#10211));
#10159 = ORIENTED_EDGE('',*,*,#10160,.T.);
#10160 = EDGE_CURVE('',#10161,#10163,#10165,.T.);
#10161 = VERTEX_POINT('',#10162);
#10162 = CARTESIAN_POINT('',(0.,50.8,0.));
#10163 = VERTEX_POINT('',#10164);
#10164 = CARTESIAN_POINT('',(0.,50.8,6.35));
#10165 = SURFACE_CURVE('',#10166,(#10170,#10177),.PCURVE_S1.);
#10166 = LINE('',#10167,#10168);
#10167 = CARTESIAN_POINT('',(0.,50.8,0.));
#10168 = VECTOR('',#10169,25.4);
#10169 = DIRECTION('',(0.,0.,1.));
#10170 = PCURVE('',#10063,#10171);
#10171 = DEFINITIONAL_REPRESENTATION('',(#10172),#10176);
#10172 = LINE('',#10173,#10174);
#10173 = CARTESIAN_POINT('',(0.,0.));
#10174 = VECTOR('',#10175,1.);
#10175 = DIRECTION('',(0.,-1.));
#10176 = ( GEOMETRIC_REPRESENTATION_CONTEXT(2) 
PARAMETRIC_REPRESENTATION_CONTEXT() REPRESENTATION_CONTEXT('2D SPACE',''
  ) );
#10177 = PCURVE('',#10178,#10183);
#10178 = PLANE('',#10179);
#10179 = AXIS2_PLACEMENT_3D('',#10180,#10181,#10182);
#10180 = CARTESIAN_POINT('',(492.125,50.8,0.));
#10181 = DIRECTION('',(0.,-1.,0.));
#10182 = DIRECTION('',(-1.,0.,0.));
#10183 = DEFINITIONAL_REPRESENTATION('',(#10184),#10188);
#10184 = LINE('',#10185,#10186);
#10185 = CARTESIAN_POINT('',(492.125,0.));
#10186 = VECTOR('',#10187,1.);
#10187 = DIRECTION('',(0.,-1.));
#10188 = ( GEOMETRIC_REPRESENTATION_CONTEXT(2) 
PARAMETRIC_REPRESENTATION_CONTEXT() REPRESENTATION_CONTEXT('2D SPACE',''
  ) );
#10189 = ORIENTED_EDGE('',*,*,#10190,.T.);
#10190 = EDGE_CURVE('',#10163,#10043,#10191,.T.);
#10191 = SURFACE_CURVE('',#10192,(#10196,#10203),.PCURVE_S1.);
#10192 = LINE('',#10193,#10194);
#10193 = CARTESIAN_POINT('',(0.,50.8,6.35));
#10194 = VECTOR('',#10195,25.4);
#10195 = DIRECTION('',(0.,-1.,0.));
#10196 = PCURVE('',#10063,#10197);
#10197 = DEFINITIONAL_REPRESENTATION('',(#10198),#10202);
#10198 = LINE('',#10199,#10200);
#10199 = CARTESIAN_POINT('',(0.,-6.35));
#10200 = VECTOR('',#10201,1.);
#10201 = DIRECTION('',(1.,0.));
#10202 = ( GEOMETRIC_REPRESENTATION_CONTEXT(2) 
PARAMETRIC_REPRESENTATION_CONTEXT() REPRESENTATION_CONTEXT('2D SPACE',''
  ) );
#10203 = PCURVE('',#10091,#10204);
#10204 = DEFINITIONAL_REPRESENTATION('',(#10205),#10209);
#10205 = LINE('',#10206,#10207);
#10206 = CARTESIAN_POINT('',(-247.9361741429,25.400000043943));
#10207 = VECTOR('',#10208,1.);
#10208 = DIRECTION('',(0.,-1.));
#10209 = ( GEOMETRIC_REPRESENTATION_CONTEXT(2) 
PARAMETRIC_REPRESENTATION_CONTEXT() REPRESENTATION_CONTEXT('2D SPACE',''
  ) );
#10210 = ORIENTED_EDGE('',*,*,#10040,.F.);
#10211 = ORIENTED_EDGE('',*,*,#10212,.F.);
#10212 = EDGE_CURVE('',#10161,#10041,#10213,.T.);
#10213 = SURFACE_CURVE('',#10214,(#10218,#10225),.PCURVE_S1.);
#10214 = LINE('',#10215,#10216);
#10215 = CARTESIAN_POINT('',(0.,50.8,0.));
#10216 = VECTOR('',#10217,25.4);
#10217 = DIRECTION('',(0.,-1.,0.));
#10218 = PCURVE('',#10063,#10219);
#10219 = DEFINITIONAL_REPRESENTATION('',(#10220),#10224);
#10220 = LINE('',#10221,#10222);
#10221 = CARTESIAN_POINT('',(0.,0.));
#10222 = VECTOR('',#10223,1.);
#10223 = DIRECTION('',(1.,0.));
#10224 = ( GEOMETRIC_REPRESENTATION_CONTEXT(2) 
PARAMETRIC_REPRESENTATION_CONTEXT() REPRESENTATION_CONTEXT('2D SPACE',''
  ) );
#10225 = PCURVE('',#10145,#10226);
#10226 = DEFINITIONAL_REPRESENTATION('',(#10227),#10231);
#10227 = LINE('',#10228,#10229);
#10228 = CARTESIAN_POINT('',(-247.9361741429,25.400000043943));
#10229 = VECTOR('',#10230,1.);
#10230 = DIRECTION('',(0.,-1.));
#10231 = ( GEOMETRIC_REPRESENTATION_CONTEXT(2) 
PARAMETRIC_REPRESENTATION_CONTEXT() REPRESENTATION_CONTEXT('2D SPACE',''
  ) );
#10232 = ADVANCED_FACE('',(#10233),#10119,.T.);
#10233 = FACE_BOUND('',#10234,.F.);
#10234 = EDGE_LOOP('',(#10235,#10236,#10260,#10288));
#10235 = ORIENTED_EDGE('',*,*,#10103,.T.);
#10236 = ORIENTED_EDGE('',*,*,#10237,.T.);
#10237 = EDGE_CURVE('',#10076,#10238,#10240,.T.);
#10238 = VERTEX_POINT('',#10239);
#10239 = CARTESIAN_POINT('',(498.475,6.349998569122,6.35));
#10240 = SURFACE_CURVE('',#10241,(#10246,#10253),.PCURVE_S1.);
#10241 = CIRCLE('',#10242,6.35);
#10242 = AXIS2_PLACEMENT_3D('',#10243,#10244,#10245);
#10243 = CARTESIAN_POINT('',(492.125,6.349998569122,6.35));
#10244 = DIRECTION('',(0.,0.,1.));
#10245 = DIRECTION('',(1.,0.,0.));
#10246 = PCURVE('',#10119,#10247);
#10247 = DEFINITIONAL_REPRESENTATION('',(#10248),#10252);
#10248 = LINE('',#10249,#10250);
#10249 = CARTESIAN_POINT('',(-0.,-6.35));
#10250 = VECTOR('',#10251,1.);
#10251 = DIRECTION('',(-1.,0.));
#10252 = ( GEOMETRIC_REPRESENTATION_CONTEXT(2) 
PARAMETRIC_REPRESENTATION_CONTEXT() REPRESENTATION_CONTEXT('2D SPACE',''
  ) );
#10253 = PCURVE('',#10091,#10254);
#10254 = DEFINITIONAL_REPRESENTATION('',(#10255),#10259);
#10255 = CIRCLE('',#10256,6.35);
#10256 = AXIS2_PLACEMENT_2D('',#10257,#10258);
#10257 = CARTESIAN_POINT('',(244.18882585702,-19.05000138693));
#10258 = DIRECTION('',(1.,0.));
#10259 = ( GEOMETRIC_REPRESENTATION_CONTEXT(2) 
PARAMETRIC_REPRESENTATION_CONTEXT() REPRESENTATION_CONTEXT('2D SPACE',''
  ) );
#10260 = ORIENTED_EDGE('',*,*,#10261,.F.);
#10261 = EDGE_CURVE('',#10262,#10238,#10264,.T.);
#10262 = VERTEX_POINT('',#10263);
#10263 = CARTESIAN_POINT('',(498.475,6.349998569122,0.));
#10264 = SURFACE_CURVE('',#10265,(#10269,#10276),.PCURVE_S1.);
#10265 = LINE('',#10266,#10267);
#10266 = CARTESIAN_POINT('',(498.475,6.349998569122,0.));
#10267 = VECTOR('',#10268,25.4);
#10268 = DIRECTION('',(0.,0.,1.));
#10269 = PCURVE('',#10119,#10270);
#10270 = DEFINITIONAL_REPRESENTATION('',(#10271),#10275);
#10271 = LINE('',#10272,#10273);
#10272 = CARTESIAN_POINT('',(-6.28318530718,0.));
#10273 = VECTOR('',#10274,1.);
#10274 = DIRECTION('',(-0.,-1.));
#10275 = ( GEOMETRIC_REPRESENTATION_CONTEXT(2) 
PARAMETRIC_REPRESENTATION_CONTEXT() REPRESENTATION_CONTEXT('2D SPACE',''
  ) );
#10276 = PCURVE('',#10277,#10282);
#10277 = PLANE('',#10278);
#10278 = AXIS2_PLACEMENT_3D('',#10279,#10280,#10281);
#10279 = CARTESIAN_POINT('',(498.475,6.349998569122,0.));
#10280 = DIRECTION('',(-1.,0.,0.));
#10281 = DIRECTION('',(0.,1.,0.));
#10282 = DEFINITIONAL_REPRESENTATION('',(#10283),#10287);
#10283 = LINE('',#10284,#10285);
#10284 = CARTESIAN_POINT('',(-7.04991620637E-16,0.));
#10285 = VECTOR('',#10286,1.);
#10286 = DIRECTION('',(0.,-1.));
#10287 = ( GEOMETRIC_REPRESENTATION_CONTEXT(2) 
PARAMETRIC_REPRESENTATION_CONTEXT() REPRESENTATION_CONTEXT('2D SPACE',''
  ) );
#10288 = ORIENTED_EDGE('',*,*,#10289,.F.);
#10289 = EDGE_CURVE('',#10104,#10262,#10290,.T.);
#10290 = SURFACE_CURVE('',#10291,(#10296,#10303),.PCURVE_S1.);
#10291 = CIRCLE('',#10292,6.35);
#10292 = AXIS2_PLACEMENT_3D('',#10293,#10294,#10295);
#10293 = CARTESIAN_POINT('',(492.125,6.349998569122,0.));
#10294 = DIRECTION('',(0.,0.,1.));
#10295 = DIRECTION('',(1.,0.,0.));
#10296 = PCURVE('',#10119,#10297);
#10297 = DEFINITIONAL_REPRESENTATION('',(#10298),#10302);
#10298 = LINE('',#10299,#10300);
#10299 = CARTESIAN_POINT('',(-0.,0.));
#10300 = VECTOR('',#10301,1.);
#10301 = DIRECTION('',(-1.,0.));
#10302 = ( GEOMETRIC_REPRESENTATION_CONTEXT(2) 
PARAMETRIC_REPRESENTATION_CONTEXT() REPRESENTATION_CONTEXT('2D SPACE',''
  ) );
#10303 = PCURVE('',#10145,#10304);
#10304 = DEFINITIONAL_REPRESENTATION('',(#10305),#10309);
#10305 = CIRCLE('',#10306,6.35);
#10306 = AXIS2_PLACEMENT_2D('',#10307,#10308);
#10307 = CARTESIAN_POINT('',(244.18882585702,-19.05000138693));
#10308 = DIRECTION('',(1.,0.));
#10309 = ( GEOMETRIC_REPRESENTATION_CONTEXT(2) 
PARAMETRIC_REPRESENTATION_CONTEXT() REPRESENTATION_CONTEXT('2D SPACE',''
  ) );
#10310 = ADVANCED_FACE('',(#10311,#10389),#10145,.F.);
#10311 = FACE_BOUND('',#10312,.F.);
#10312 = EDGE_LOOP('',(#10313,#10314,#10315,#10338,#10367,#10388));
#10313 = ORIENTED_EDGE('',*,*,#10131,.T.);
#10314 = ORIENTED_EDGE('',*,*,#10289,.T.);
#10315 = ORIENTED_EDGE('',*,*,#10316,.T.);
#10316 = EDGE_CURVE('',#10262,#10317,#10319,.T.);
#10317 = VERTEX_POINT('',#10318);
#10318 = CARTESIAN_POINT('',(498.475,44.449999769788,0.));
#10319 = SURFACE_CURVE('',#10320,(#10324,#10331),.PCURVE_S1.);
#10320 = LINE('',#10321,#10322);
#10321 = CARTESIAN_POINT('',(498.475,0.,0.));
#10322 = VECTOR('',#10323,25.4);
#10323 = DIRECTION('',(0.,1.,0.));
#10324 = PCURVE('',#10145,#10325);
#10325 = DEFINITIONAL_REPRESENTATION('',(#10326),#10330);
#10326 = LINE('',#10327,#10328);
#10327 = CARTESIAN_POINT('',(250.53882585702,-25.39999995605));
#10328 = VECTOR('',#10329,1.);
#10329 = DIRECTION('',(0.,1.));
#10330 = ( GEOMETRIC_REPRESENTATION_CONTEXT(2) 
PARAMETRIC_REPRESENTATION_CONTEXT() REPRESENTATION_CONTEXT('2D SPACE',''
  ) );
#10331 = PCURVE('',#10277,#10332);
#10332 = DEFINITIONAL_REPRESENTATION('',(#10333),#10337);
#10333 = LINE('',#10334,#10335);
#10334 = CARTESIAN_POINT('',(-6.349998569122,0.));
#10335 = VECTOR('',#10336,1.);
#10336 = DIRECTION('',(1.,0.));
#10337 = ( GEOMETRIC_REPRESENTATION_CONTEXT(2) 
PARAMETRIC_REPRESENTATION_CONTEXT() REPRESENTATION_CONTEXT('2D SPACE',''
  ) );
#10338 = ORIENTED_EDGE('',*,*,#10339,.T.);
#10339 = EDGE_CURVE('',#10317,#10340,#10342,.T.);
#10340 = VERTEX_POINT('',#10341);
#10341 = CARTESIAN_POINT('',(492.125,50.799999884894,0.));
#10342 = SURFACE_CURVE('',#10343,(#10348,#10355),.PCURVE_S1.);
#10343 = CIRCLE('',#10344,6.35);
#10344 = AXIS2_PLACEMENT_3D('',#10345,#10346,#10347);
#10345 = CARTESIAN_POINT('',(492.125,44.449999769788,0.));
#10346 = DIRECTION('',(0.,0.,1.));
#10347 = DIRECTION('',(1.,0.,0.));
#10348 = PCURVE('',#10145,#10349);
#10349 = DEFINITIONAL_REPRESENTATION('',(#10350),#10354);
#10350 = CIRCLE('',#10351,6.35);
#10351 = AXIS2_PLACEMENT_2D('',#10352,#10353);
#10352 = CARTESIAN_POINT('',(244.18882585702,19.049999813731));
#10353 = DIRECTION('',(1.,0.));
#10354 = ( GEOMETRIC_REPRESENTATION_CONTEXT(2) 
PARAMETRIC_REPRESENTATION_CONTEXT() REPRESENTATION_CONTEXT('2D SPACE',''
  ) );
#10355 = PCURVE('',#10356,#10361);
#10356 = CYLINDRICAL_SURFACE('',#10357,6.35);
#10357 = AXIS2_PLACEMENT_3D('',#10358,#10359,#10360);
#10358 = CARTESIAN_POINT('',(492.125,44.449999769788,0.));
#10359 = DIRECTION('',(-0.,-0.,-1.));
#10360 = DIRECTION('',(1.,0.,0.));
#10361 = DEFINITIONAL_REPRESENTATION('',(#10362),#10366);
#10362 = LINE('',#10363,#10364);
#10363 = CARTESIAN_POINT('',(-0.,0.));
#10364 = VECTOR('',#10365,1.);
#10365 = DIRECTION('',(-1.,0.));
#10366 = ( GEOMETRIC_REPRESENTATION_CONTEXT(2) 
PARAMETRIC_REPRESENTATION_CONTEXT() REPRESENTATION_CONTEXT('2D SPACE',''
  ) );
#10367 = ORIENTED_EDGE('',*,*,#10368,.T.);
#10368 = EDGE_CURVE('',#10340,#10161,#10369,.T.);
#10369 = SURFACE_CURVE('',#10370,(#10374,#10381),.PCURVE_S1.);
#10370 = LINE('',#10371,#10372);
#10371 = CARTESIAN_POINT('',(498.475,50.8,0.));
#10372 = VECTOR('',#10373,25.4);
#10373 = DIRECTION('',(-1.,0.,0.));
#10374 = PCURVE('',#10145,#10375);
#10375 = DEFINITIONAL_REPRESENTATION('',(#10376),#10380);
#10376 = LINE('',#10377,#10378);
#10377 = CARTESIAN_POINT('',(250.53882585702,25.400000043943));
#10378 = VECTOR('',#10379,1.);
#10379 = DIRECTION('',(-1.,0.));
#10380 = ( GEOMETRIC_REPRESENTATION_CONTEXT(2) 
PARAMETRIC_REPRESENTATION_CONTEXT() REPRESENTATION_CONTEXT('2D SPACE',''
  ) );
#10381 = PCURVE('',#10178,#10382);
#10382 = DEFINITIONAL_REPRESENTATION('',(#10383),#10387);
#10383 = LINE('',#10384,#10385);
#10384 = CARTESIAN_POINT('',(-6.35,-0.));
#10385 = VECTOR('',#10386,1.);
#10386 = DIRECTION('',(1.,0.));
#10387 = ( GEOMETRIC_REPRESENTATION_CONTEXT(2) 
PARAMETRIC_REPRESENTATION_CONTEXT() REPRESENTATION_CONTEXT('2D SPACE',''
  ) );
#10388 = ORIENTED_EDGE('',*,*,#10212,.T.);
#10389 = FACE_BOUND('',#10390,.F.);
#10390 = EDGE_LOOP('',(#10391));
#10391 = ORIENTED_EDGE('',*,*,#10392,.F.);
#10392 = EDGE_CURVE('',#10393,#10393,#10395,.T.);
#10393 = VERTEX_POINT('',#10394);
#10394 = CARTESIAN_POINT('',(485.775,25.4,0.));
#10395 = SURFACE_CURVE('',#10396,(#10401,#10408),.PCURVE_S1.);
#10396 = CIRCLE('',#10397,12.7);
#10397 = AXIS2_PLACEMENT_3D('',#10398,#10399,#10400);
#10398 = CARTESIAN_POINT('',(473.075,25.4,0.));
#10399 = DIRECTION('',(0.,0.,1.));
#10400 = DIRECTION('',(1.,0.,-0.));
#10401 = PCURVE('',#10145,#10402);
#10402 = DEFINITIONAL_REPRESENTATION('',(#10403),#10407);
#10403 = CIRCLE('',#10404,12.7);
#10404 = AXIS2_PLACEMENT_2D('',#10405,#10406);
#10405 = CARTESIAN_POINT('',(225.13882585702,4.394272836716E-08));
#10406 = DIRECTION('',(1.,0.));
#10407 = ( GEOMETRIC_REPRESENTATION_CONTEXT(2) 
PARAMETRIC_REPRESENTATION_CONTEXT() REPRESENTATION_CONTEXT('2D SPACE',''
  ) );
#10408 = PCURVE('',#10409,#10414);
#10409 = CYLINDRICAL_SURFACE('',#10410,12.7);
#10410 = AXIS2_PLACEMENT_3D('',#10411,#10412,#10413);
#10411 = CARTESIAN_POINT('',(473.075,25.4,-0.254));
#10412 = DIRECTION('',(0.,0.,1.));
#10413 = DIRECTION('',(1.,0.,-0.));
#10414 = DEFINITIONAL_REPRESENTATION('',(#10415),#10419);
#10415 = LINE('',#10416,#10417);
#10416 = CARTESIAN_POINT('',(0.,0.254));
#10417 = VECTOR('',#10418,1.);
#10418 = DIRECTION('',(1.,0.));
#10419 = ( GEOMETRIC_REPRESENTATION_CONTEXT(2) 
PARAMETRIC_REPRESENTATION_CONTEXT() REPRESENTATION_CONTEXT('2D SPACE',''
  ) );
#10420 = ADVANCED_FACE('',(#10421,#10494),#10091,.T.);
#10421 = FACE_BOUND('',#10422,.T.);
#10422 = EDGE_LOOP('',(#10423,#10424,#10425,#10448,#10472,#10493));
#10423 = ORIENTED_EDGE('',*,*,#10075,.T.);
#10424 = ORIENTED_EDGE('',*,*,#10237,.T.);
#10425 = ORIENTED_EDGE('',*,*,#10426,.T.);
#10426 = EDGE_CURVE('',#10238,#10427,#10429,.T.);
#10427 = VERTEX_POINT('',#10428);
#10428 = CARTESIAN_POINT('',(498.475,44.449999769788,6.35));
#10429 = SURFACE_CURVE('',#10430,(#10434,#10441),.PCURVE_S1.);
#10430 = LINE('',#10431,#10432);
#10431 = CARTESIAN_POINT('',(498.475,0.,6.35));
#10432 = VECTOR('',#10433,25.4);
#10433 = DIRECTION('',(0.,1.,0.));
#10434 = PCURVE('',#10091,#10435);
#10435 = DEFINITIONAL_REPRESENTATION('',(#10436),#10440);
#10436 = LINE('',#10437,#10438);
#10437 = CARTESIAN_POINT('',(250.53882585702,-25.39999995605));
#10438 = VECTOR('',#10439,1.);
#10439 = DIRECTION('',(0.,1.));
#10440 = ( GEOMETRIC_REPRESENTATION_CONTEXT(2) 
PARAMETRIC_REPRESENTATION_CONTEXT() REPRESENTATION_CONTEXT('2D SPACE',''
  ) );
#10441 = PCURVE('',#10277,#10442);
#10442 = DEFINITIONAL_REPRESENTATION('',(#10443),#10447);
#10443 = LINE('',#10444,#10445);
#10444 = CARTESIAN_POINT('',(-6.349998569122,-6.35));
#10445 = VECTOR('',#10446,1.);
#10446 = DIRECTION('',(1.,0.));
#10447 = ( GEOMETRIC_REPRESENTATION_CONTEXT(2) 
PARAMETRIC_REPRESENTATION_CONTEXT() REPRESENTATION_CONTEXT('2D SPACE',''
  ) );
#10448 = ORIENTED_EDGE('',*,*,#10449,.T.);
#10449 = EDGE_CURVE('',#10427,#10450,#10452,.T.);
#10450 = VERTEX_POINT('',#10451);
#10451 = CARTESIAN_POINT('',(492.125,50.799999884894,6.35));
#10452 = SURFACE_CURVE('',#10453,(#10458,#10465),.PCURVE_S1.);
#10453 = CIRCLE('',#10454,6.35);
#10454 = AXIS2_PLACEMENT_3D('',#10455,#10456,#10457);
#10455 = CARTESIAN_POINT('',(492.125,44.449999769788,6.35));
#10456 = DIRECTION('',(0.,0.,1.));
#10457 = DIRECTION('',(1.,0.,0.));
#10458 = PCURVE('',#10091,#10459);
#10459 = DEFINITIONAL_REPRESENTATION('',(#10460),#10464);
#10460 = CIRCLE('',#10461,6.35);
#10461 = AXIS2_PLACEMENT_2D('',#10462,#10463);
#10462 = CARTESIAN_POINT('',(244.18882585702,19.049999813731));
#10463 = DIRECTION('',(1.,0.));
#10464 = ( GEOMETRIC_REPRESENTATION_CONTEXT(2) 
PARAMETRIC_REPRESENTATION_CONTEXT() REPRESENTATION_CONTEXT('2D SPACE',''
  ) );
#10465 = PCURVE('',#10356,#10466);
#10466 = DEFINITIONAL_REPRESENTATION('',(#10467),#10471);
#10467 = LINE('',#10468,#10469);
#10468 = CARTESIAN_POINT('',(-0.,-6.35));
#10469 = VECTOR('',#10470,1.);
#10470 = DIRECTION('',(-1.,0.));
#10471 = ( GEOMETRIC_REPRESENTATION_CONTEXT(2) 
PARAMETRIC_REPRESENTATION_CONTEXT() REPRESENTATION_CONTEXT('2D SPACE',''
  ) );
#10472 = ORIENTED_EDGE('',*,*,#10473,.T.);
#10473 = EDGE_CURVE('',#10450,#10163,#10474,.T.);
#10474 = SURFACE_CURVE('',#10475,(#10479,#10486),.PCURVE_S1.);
#10475 = LINE('',#10476,#10477);
#10476 = CARTESIAN_POINT('',(498.475,50.8,6.35));
#10477 = VECTOR('',#10478,25.4);
#10478 = DIRECTION('',(-1.,0.,0.));
#10479 = PCURVE('',#10091,#10480);
#10480 = DEFINITIONAL_REPRESENTATION('',(#10481),#10485);
#10481 = LINE('',#10482,#10483);
#10482 = CARTESIAN_POINT('',(250.53882585702,25.400000043943));
#10483 = VECTOR('',#10484,1.);
#10484 = DIRECTION('',(-1.,0.));
#10485 = ( GEOMETRIC_REPRESENTATION_CONTEXT(2) 
PARAMETRIC_REPRESENTATION_CONTEXT() REPRESENTATION_CONTEXT('2D SPACE',''
  ) );
#10486 = PCURVE('',#10178,#10487);
#10487 = DEFINITIONAL_REPRESENTATION('',(#10488),#10492);
#10488 = LINE('',#10489,#10490);
#10489 = CARTESIAN_POINT('',(-6.35,-6.35));
#10490 = VECTOR('',#10491,1.);
#10491 = DIRECTION('',(1.,0.));
#10492 = ( GEOMETRIC_REPRESENTATION_CONTEXT(2) 
PARAMETRIC_REPRESENTATION_CONTEXT() REPRESENTATION_CONTEXT('2D SPACE',''
  ) );
#10493 = ORIENTED_EDGE('',*,*,#10190,.T.);
#10494 = FACE_BOUND('',#10495,.T.);
#10495 = EDGE_LOOP('',(#10496));
#10496 = ORIENTED_EDGE('',*,*,#10497,.F.);
#10497 = EDGE_CURVE('',#10498,#10498,#10500,.T.);
#10498 = VERTEX_POINT('',#10499);
#10499 = CARTESIAN_POINT('',(485.775,25.4,6.35));
#10500 = SURFACE_CURVE('',#10501,(#10506,#10513),.PCURVE_S1.);
#10501 = CIRCLE('',#10502,12.7);
#10502 = AXIS2_PLACEMENT_3D('',#10503,#10504,#10505);
#10503 = CARTESIAN_POINT('',(473.075,25.4,6.35));
#10504 = DIRECTION('',(0.,0.,1.));
#10505 = DIRECTION('',(1.,0.,-0.));
#10506 = PCURVE('',#10091,#10507);
#10507 = DEFINITIONAL_REPRESENTATION('',(#10508),#10512);
#10508 = CIRCLE('',#10509,12.7);
#10509 = AXIS2_PLACEMENT_2D('',#10510,#10511);
#10510 = CARTESIAN_POINT('',(225.13882585702,4.394272836716E-08));
#10511 = DIRECTION('',(1.,0.));
#10512 = ( GEOMETRIC_REPRESENTATION_CONTEXT(2) 
PARAMETRIC_REPRESENTATION_CONTEXT() REPRESENTATION_CONTEXT('2D SPACE',''
  ) );
#10513 = PCURVE('',#10409,#10514);
#10514 = DEFINITIONAL_REPRESENTATION('',(#10515),#10519);
#10515 = LINE('',#10516,#10517);
#10516 = CARTESIAN_POINT('',(0.,6.604));
#10517 = VECTOR('',#10518,1.);
#10518 = DIRECTION('',(1.,0.));
#10519 = ( GEOMETRIC_REPRESENTATION_CONTEXT(2) 
PARAMETRIC_REPRESENTATION_CONTEXT() REPRESENTATION_CONTEXT('2D SPACE',''
  ) );
#10520 = ADVANCED_FACE('',(#10521),#10178,.F.);
#10521 = FACE_BOUND('',#10522,.F.);
#10522 = EDGE_LOOP('',(#10523,#10544,#10545,#10546));
#10523 = ORIENTED_EDGE('',*,*,#10524,.T.);
#10524 = EDGE_CURVE('',#10340,#10450,#10525,.T.);
#10525 = SURFACE_CURVE('',#10526,(#10530,#10537),.PCURVE_S1.);
#10526 = LINE('',#10527,#10528);
#10527 = CARTESIAN_POINT('',(492.125,50.799999884894,0.));
#10528 = VECTOR('',#10529,25.4);
#10529 = DIRECTION('',(0.,0.,1.));
#10530 = PCURVE('',#10178,#10531);
#10531 = DEFINITIONAL_REPRESENTATION('',(#10532),#10536);
#10532 = LINE('',#10533,#10534);
#10533 = CARTESIAN_POINT('',(0.,-0.));
#10534 = VECTOR('',#10535,1.);
#10535 = DIRECTION('',(0.,-1.));
#10536 = ( GEOMETRIC_REPRESENTATION_CONTEXT(2) 
PARAMETRIC_REPRESENTATION_CONTEXT() REPRESENTATION_CONTEXT('2D SPACE',''
  ) );
#10537 = PCURVE('',#10356,#10538);
#10538 = DEFINITIONAL_REPRESENTATION('',(#10539),#10543);
#10539 = LINE('',#10540,#10541);
#10540 = CARTESIAN_POINT('',(-1.570796326795,0.));
#10541 = VECTOR('',#10542,1.);
#10542 = DIRECTION('',(-0.,-1.));
#10543 = ( GEOMETRIC_REPRESENTATION_CONTEXT(2) 
PARAMETRIC_REPRESENTATION_CONTEXT() REPRESENTATION_CONTEXT('2D SPACE',''
  ) );
#10544 = ORIENTED_EDGE('',*,*,#10473,.T.);
#10545 = ORIENTED_EDGE('',*,*,#10160,.F.);
#10546 = ORIENTED_EDGE('',*,*,#10368,.F.);
#10547 = ADVANCED_FACE('',(#10548),#10277,.F.);
#10548 = FACE_BOUND('',#10549,.F.);
#10549 = EDGE_LOOP('',(#10550,#10551,#10552,#10573));
#10550 = ORIENTED_EDGE('',*,*,#10261,.T.);
#10551 = ORIENTED_EDGE('',*,*,#10426,.T.);
#10552 = ORIENTED_EDGE('',*,*,#10553,.F.);
#10553 = EDGE_CURVE('',#10317,#10427,#10554,.T.);
#10554 = SURFACE_CURVE('',#10555,(#10559,#10566),.PCURVE_S1.);
#10555 = LINE('',#10556,#10557);
#10556 = CARTESIAN_POINT('',(498.475,44.449999769788,0.));
#10557 = VECTOR('',#10558,25.4);
#10558 = DIRECTION('',(0.,0.,1.));
#10559 = PCURVE('',#10277,#10560);
#10560 = DEFINITIONAL_REPRESENTATION('',(#10561),#10565);
#10561 = LINE('',#10562,#10563);
#10562 = CARTESIAN_POINT('',(38.100001200667,0.));
#10563 = VECTOR('',#10564,1.);
#10564 = DIRECTION('',(0.,-1.));
#10565 = ( GEOMETRIC_REPRESENTATION_CONTEXT(2) 
PARAMETRIC_REPRESENTATION_CONTEXT() REPRESENTATION_CONTEXT('2D SPACE',''
  ) );
#10566 = PCURVE('',#10356,#10567);
#10567 = DEFINITIONAL_REPRESENTATION('',(#10568),#10572);
#10568 = LINE('',#10569,#10570);
#10569 = CARTESIAN_POINT('',(-0.,0.));
#10570 = VECTOR('',#10571,1.);
#10571 = DIRECTION('',(-0.,-1.));
#10572 = ( GEOMETRIC_REPRESENTATION_CONTEXT(2) 
PARAMETRIC_REPRESENTATION_CONTEXT() REPRESENTATION_CONTEXT('2D SPACE',''
  ) );
#10573 = ORIENTED_EDGE('',*,*,#10316,.F.);
#10574 = ADVANCED_FACE('',(#10575),#10356,.T.);
#10575 = FACE_BOUND('',#10576,.F.);
#10576 = EDGE_LOOP('',(#10577,#10578,#10579,#10580));
#10577 = ORIENTED_EDGE('',*,*,#10553,.T.);
#10578 = ORIENTED_EDGE('',*,*,#10449,.T.);
#10579 = ORIENTED_EDGE('',*,*,#10524,.F.);
#10580 = ORIENTED_EDGE('',*,*,#10339,.F.);
#10581 = ADVANCED_FACE('',(#10582),#10409,.F.);
#10582 = FACE_BOUND('',#10583,.F.);
#10583 = EDGE_LOOP('',(#10584,#10585,#10606,#10607));
#10584 = ORIENTED_EDGE('',*,*,#10497,.F.);
#10585 = ORIENTED_EDGE('',*,*,#10586,.F.);
#10586 = EDGE_CURVE('',#10393,#10498,#10587,.T.);
#10587 = SEAM_CURVE('',#10588,(#10592,#10599),.PCURVE_S1.);
#10588 = LINE('',#10589,#10590);
#10589 = CARTESIAN_POINT('',(485.775,25.4,-0.254));
#10590 = VECTOR('',#10591,25.4);
#10591 = DIRECTION('',(0.,0.,1.));
#10592 = PCURVE('',#10409,#10593);
#10593 = DEFINITIONAL_REPRESENTATION('',(#10594),#10598);
#10594 = LINE('',#10595,#10596);
#10595 = CARTESIAN_POINT('',(6.28318530718,-0.));
#10596 = VECTOR('',#10597,1.);
#10597 = DIRECTION('',(0.,1.));
#10598 = ( GEOMETRIC_REPRESENTATION_CONTEXT(2) 
PARAMETRIC_REPRESENTATION_CONTEXT() REPRESENTATION_CONTEXT('2D SPACE',''
  ) );
#10599 = PCURVE('',#10409,#10600);
#10600 = DEFINITIONAL_REPRESENTATION('',(#10601),#10605);
#10601 = LINE('',#10602,#10603);
#10602 = CARTESIAN_POINT('',(0.,-0.));
#10603 = VECTOR('',#10604,1.);
#10604 = DIRECTION('',(0.,1.));
#10605 = ( GEOMETRIC_REPRESENTATION_CONTEXT(2) 
PARAMETRIC_REPRESENTATION_CONTEXT() REPRESENTATION_CONTEXT('2D SPACE',''
  ) );
#10606 = ORIENTED_EDGE('',*,*,#10392,.T.);
#10607 = ORIENTED_EDGE('',*,*,#10586,.T.);
#10608 = ( GEOMETRIC_REPRESENTATION_CONTEXT(3) 
GLOBAL_UNCERTAINTY_ASSIGNED_CONTEXT((#10612)) 
GLOBAL_UNIT_ASSIGNED_CONTEXT((#10609,#10610,#10611)) 
REPRESENTATION_CONTEXT('Context #1',
  '3D Context with UNIT and UNCERTAINTY') );
#10609 = ( LENGTH_UNIT() NAMED_UNIT(*) SI_UNIT(.MILLI.,.METRE.) );
#10610 = ( NAMED_UNIT(*) PLANE_ANGLE_UNIT() SI_UNIT($,.RADIAN.) );
#10611 = ( NAMED_UNIT(*) SI_UNIT($,.STERADIAN.) SOLID_ANGLE_UNIT() );
#10612 = UNCERTAINTY_MEASURE_WITH_UNIT(LENGTH_MEASURE(2.54E-06),#10609,
  'distance_accuracy_value','confusion accuracy');
#10613 = CONTEXT_DEPENDENT_SHAPE_REPRESENTATION(#10614,#10616);
#10614 = ( REPRESENTATION_RELATIONSHIP('','',#10033,#10) 
REPRESENTATION_RELATIONSHIP_WITH_TRANSFORMATION(#10615) 
SHAPE_REPRESENTATION_RELATIONSHIP() );
#10615 = ITEM_DEFINED_TRANSFORMATION('','',#11,#103);
#10616 = PRODUCT_DEFINITION_SHAPE('Placement','Placement of an item',
  #10617);
#10617 = NEXT_ASSEMBLY_USAGE_OCCURRENCE('23','Lever Bar','',#5,#10028,$
  );
#10618 = PRODUCT_RELATED_PRODUCT_CATEGORY('part',$,(#10030));
#10619 = SHAPE_DEFINITION_REPRESENTATION(#10620,#10626);
#10620 = PRODUCT_DEFINITION_SHAPE('','',#10621);
#10621 = PRODUCT_DEFINITION('design','',#10622,#10625);
#10622 = PRODUCT_DEFINITION_FORMATION('','',#10623);
#10623 = PRODUCT('Lever Bar (mirror)','Lever Bar (mirror)','',(#10624));
#10624 = PRODUCT_CONTEXT('',#2,'mechanical');
#10625 = PRODUCT_DEFINITION_CONTEXT('part definition',#2,'design');
#10626 = ADVANCED_BREP_SHAPE_REPRESENTATION('',(#11,#10627),#11225);
#10627 = MANIFOLD_SOLID_BREP('',#10628);
#10628 = CLOSED_SHELL('',(#10629,#10749,#10825,#10911,#11029,#11137,
    #11164,#11191,#11198));
#10629 = ADVANCED_FACE('',(#10630),#10644,.F.);
#10630 = FACE_BOUND('',#10631,.T.);
#10631 = EDGE_LOOP('',(#10632,#10667,#10695,#10723));
#10632 = ORIENTED_EDGE('',*,*,#10633,.T.);
#10633 = EDGE_CURVE('',#10634,#10636,#10638,.T.);
#10634 = VERTEX_POINT('',#10635);
#10635 = CARTESIAN_POINT('',(0.,-4.793943020331E-14,228.6));
#10636 = VERTEX_POINT('',#10637);
#10637 = CARTESIAN_POINT('',(0.,-4.793943020331E-14,222.25));
#10638 = SURFACE_CURVE('',#10639,(#10643,#10655),.PCURVE_S1.);
#10639 = LINE('',#10640,#10641);
#10640 = CARTESIAN_POINT('',(0.,-4.793943020331E-14,228.6));
#10641 = VECTOR('',#10642,25.4);
#10642 = DIRECTION('',(-0.,4.440892098501E-16,-1.));
#10643 = PCURVE('',#10644,#10649);
#10644 = PLANE('',#10645);
#10645 = AXIS2_PLACEMENT_3D('',#10646,#10647,#10648);
#10646 = CARTESIAN_POINT('',(0.,-4.793943020331E-14,228.6));
#10647 = DIRECTION('',(-0.,1.,4.440892098501E-16));
#10648 = DIRECTION('',(-1.,0.,0.));
#10649 = DEFINITIONAL_REPRESENTATION('',(#10650),#10654);
#10650 = LINE('',#10651,#10652);
#10651 = CARTESIAN_POINT('',(-0.,0.));
#10652 = VECTOR('',#10653,1.);
#10653 = DIRECTION('',(-0.,-1.));
#10654 = ( GEOMETRIC_REPRESENTATION_CONTEXT(2) 
PARAMETRIC_REPRESENTATION_CONTEXT() REPRESENTATION_CONTEXT('2D SPACE',''
  ) );
#10655 = PCURVE('',#10656,#10661);
#10656 = PLANE('',#10657);
#10657 = AXIS2_PLACEMENT_3D('',#10658,#10659,#10660);
#10658 = CARTESIAN_POINT('',(0.,50.8,228.6));
#10659 = DIRECTION('',(1.,-0.,-0.));
#10660 = DIRECTION('',(0.,1.,4.440892098501E-16));
#10661 = DEFINITIONAL_REPRESENTATION('',(#10662),#10666);
#10662 = LINE('',#10663,#10664);
#10663 = CARTESIAN_POINT('',(-50.8,2.255973186038E-14));
#10664 = VECTOR('',#10665,1.);
#10665 = DIRECTION('',(-0.,-1.));
#10666 = ( GEOMETRIC_REPRESENTATION_CONTEXT(2) 
PARAMETRIC_REPRESENTATION_CONTEXT() REPRESENTATION_CONTEXT('2D SPACE',''
  ) );
#10667 = ORIENTED_EDGE('',*,*,#10668,.T.);
#10668 = EDGE_CURVE('',#10636,#10669,#10671,.T.);
#10669 = VERTEX_POINT('',#10670);
#10670 = CARTESIAN_POINT('',(492.125,-7.154391480801E-07,222.25));
#10671 = SURFACE_CURVE('',#10672,(#10676,#10683),.PCURVE_S1.);
#10672 = LINE('',#10673,#10674);
#10673 = CARTESIAN_POINT('',(0.,-4.511946372077E-14,222.25));
#10674 = VECTOR('',#10675,25.4);
#10675 = DIRECTION('',(1.,0.,0.));
#10676 = PCURVE('',#10644,#10677);
#10677 = DEFINITIONAL_REPRESENTATION('',(#10678),#10682);
#10678 = LINE('',#10679,#10680);
#10679 = CARTESIAN_POINT('',(-0.,-6.35));
#10680 = VECTOR('',#10681,1.);
#10681 = DIRECTION('',(-1.,0.));
#10682 = ( GEOMETRIC_REPRESENTATION_CONTEXT(2) 
PARAMETRIC_REPRESENTATION_CONTEXT() REPRESENTATION_CONTEXT('2D SPACE',''
  ) );
#10683 = PCURVE('',#10684,#10689);
#10684 = PLANE('',#10685);
#10685 = AXIS2_PLACEMENT_3D('',#10686,#10687,#10688);
#10686 = CARTESIAN_POINT('',(247.93617414297,25.399999956057,222.25));
#10687 = DIRECTION('',(-0.,4.440892098501E-16,-1.));
#10688 = DIRECTION('',(-1.,0.,0.));
#10689 = DEFINITIONAL_REPRESENTATION('',(#10690),#10694);
#10690 = LINE('',#10691,#10692);
#10691 = CARTESIAN_POINT('',(247.93617414297,-25.39999995605));
#10692 = VECTOR('',#10693,1.);
#10693 = DIRECTION('',(-1.,0.));
#10694 = ( GEOMETRIC_REPRESENTATION_CONTEXT(2) 
PARAMETRIC_REPRESENTATION_CONTEXT() REPRESENTATION_CONTEXT('2D SPACE',''
  ) );
#10695 = ORIENTED_EDGE('',*,*,#10696,.F.);
#10696 = EDGE_CURVE('',#10697,#10669,#10699,.T.);
#10697 = VERTEX_POINT('',#10698);
#10698 = CARTESIAN_POINT('',(492.125,-7.154391480801E-07,228.6));
#10699 = SURFACE_CURVE('',#10700,(#10704,#10711),.PCURVE_S1.);
#10700 = LINE('',#10701,#10702);
#10701 = CARTESIAN_POINT('',(492.125,-7.154391480801E-07,228.6));
#10702 = VECTOR('',#10703,25.4);
#10703 = DIRECTION('',(-0.,4.440892098501E-16,-1.));
#10704 = PCURVE('',#10644,#10705);
#10705 = DEFINITIONAL_REPRESENTATION('',(#10706),#10710);
#10706 = LINE('',#10707,#10708);
#10707 = CARTESIAN_POINT('',(-492.125,0.));
#10708 = VECTOR('',#10709,1.);
#10709 = DIRECTION('',(-0.,-1.));
#10710 = ( GEOMETRIC_REPRESENTATION_CONTEXT(2) 
PARAMETRIC_REPRESENTATION_CONTEXT() REPRESENTATION_CONTEXT('2D SPACE',''
  ) );
#10711 = PCURVE('',#10712,#10717);
#10712 = CYLINDRICAL_SURFACE('',#10713,6.35);
#10713 = AXIS2_PLACEMENT_3D('',#10714,#10715,#10716);
#10714 = CARTESIAN_POINT('',(492.125,6.349998569122,228.6));
#10715 = DIRECTION('',(-0.,-4.440892098501E-16,1.));
#10716 = DIRECTION('',(1.,-0.,-0.));
#10717 = DEFINITIONAL_REPRESENTATION('',(#10718),#10722);
#10718 = LINE('',#10719,#10720);
#10719 = CARTESIAN_POINT('',(4.712388980385,0.));
#10720 = VECTOR('',#10721,1.);
#10721 = DIRECTION('',(0.,-1.));
#10722 = ( GEOMETRIC_REPRESENTATION_CONTEXT(2) 
PARAMETRIC_REPRESENTATION_CONTEXT() REPRESENTATION_CONTEXT('2D SPACE',''
  ) );
#10723 = ORIENTED_EDGE('',*,*,#10724,.F.);
#10724 = EDGE_CURVE('',#10634,#10697,#10725,.T.);
#10725 = SURFACE_CURVE('',#10726,(#10730,#10737),.PCURVE_S1.);
#10726 = LINE('',#10727,#10728);
#10727 = CARTESIAN_POINT('',(0.,-4.511946372077E-14,228.6));
#10728 = VECTOR('',#10729,25.4);
#10729 = DIRECTION('',(1.,0.,0.));
#10730 = PCURVE('',#10644,#10731);
#10731 = DEFINITIONAL_REPRESENTATION('',(#10732),#10736);
#10732 = LINE('',#10733,#10734);
#10733 = CARTESIAN_POINT('',(-0.,0.));
#10734 = VECTOR('',#10735,1.);
#10735 = DIRECTION('',(-1.,0.));
#10736 = ( GEOMETRIC_REPRESENTATION_CONTEXT(2) 
PARAMETRIC_REPRESENTATION_CONTEXT() REPRESENTATION_CONTEXT('2D SPACE',''
  ) );
#10737 = PCURVE('',#10738,#10743);
#10738 = PLANE('',#10739);
#10739 = AXIS2_PLACEMENT_3D('',#10740,#10741,#10742);
#10740 = CARTESIAN_POINT('',(247.93617414297,25.399999956057,228.6));
#10741 = DIRECTION('',(-0.,4.440892098501E-16,-1.));
#10742 = DIRECTION('',(-1.,0.,0.));
#10743 = DEFINITIONAL_REPRESENTATION('',(#10744),#10748);
#10744 = LINE('',#10745,#10746);
#10745 = CARTESIAN_POINT('',(247.93617414297,-25.39999995605));
#10746 = VECTOR('',#10747,1.);
#10747 = DIRECTION('',(-1.,0.));
#10748 = ( GEOMETRIC_REPRESENTATION_CONTEXT(2) 
PARAMETRIC_REPRESENTATION_CONTEXT() REPRESENTATION_CONTEXT('2D SPACE',''
  ) );
#10749 = ADVANCED_FACE('',(#10750),#10656,.F.);
#10750 = FACE_BOUND('',#10751,.T.);
#10751 = EDGE_LOOP('',(#10752,#10782,#10803,#10804));
#10752 = ORIENTED_EDGE('',*,*,#10753,.T.);
#10753 = EDGE_CURVE('',#10754,#10756,#10758,.T.);
#10754 = VERTEX_POINT('',#10755);
#10755 = CARTESIAN_POINT('',(0.,50.8,228.6));
#10756 = VERTEX_POINT('',#10757);
#10757 = CARTESIAN_POINT('',(0.,50.8,222.25));
#10758 = SURFACE_CURVE('',#10759,(#10763,#10770),.PCURVE_S1.);
#10759 = LINE('',#10760,#10761);
#10760 = CARTESIAN_POINT('',(0.,50.8,228.6));
#10761 = VECTOR('',#10762,25.4);
#10762 = DIRECTION('',(-0.,4.440892098501E-16,-1.));
#10763 = PCURVE('',#10656,#10764);
#10764 = DEFINITIONAL_REPRESENTATION('',(#10765),#10769);
#10765 = LINE('',#10766,#10767);
#10766 = CARTESIAN_POINT('',(0.,-0.));
#10767 = VECTOR('',#10768,1.);
#10768 = DIRECTION('',(-0.,-1.));
#10769 = ( GEOMETRIC_REPRESENTATION_CONTEXT(2) 
PARAMETRIC_REPRESENTATION_CONTEXT() REPRESENTATION_CONTEXT('2D SPACE',''
  ) );
#10770 = PCURVE('',#10771,#10776);
#10771 = PLANE('',#10772);
#10772 = AXIS2_PLACEMENT_3D('',#10773,#10774,#10775);
#10773 = CARTESIAN_POINT('',(492.125,50.8,228.6));
#10774 = DIRECTION('',(-0.,-1.,-4.440892098501E-16));
#10775 = DIRECTION('',(1.,-0.,0.));
#10776 = DEFINITIONAL_REPRESENTATION('',(#10777),#10781);
#10777 = LINE('',#10778,#10779);
#10778 = CARTESIAN_POINT('',(-492.125,0.));
#10779 = VECTOR('',#10780,1.);
#10780 = DIRECTION('',(-0.,-1.));
#10781 = ( GEOMETRIC_REPRESENTATION_CONTEXT(2) 
PARAMETRIC_REPRESENTATION_CONTEXT() REPRESENTATION_CONTEXT('2D SPACE',''
  ) );
#10782 = ORIENTED_EDGE('',*,*,#10783,.T.);
#10783 = EDGE_CURVE('',#10756,#10636,#10784,.T.);
#10784 = SURFACE_CURVE('',#10785,(#10789,#10796),.PCURVE_S1.);
#10785 = LINE('',#10786,#10787);
#10786 = CARTESIAN_POINT('',(0.,50.8,222.25));
#10787 = VECTOR('',#10788,25.4);
#10788 = DIRECTION('',(-0.,-1.,-4.440892098501E-16));
#10789 = PCURVE('',#10656,#10790);
#10790 = DEFINITIONAL_REPRESENTATION('',(#10791),#10795);
#10791 = LINE('',#10792,#10793);
#10792 = CARTESIAN_POINT('',(-2.819966482548E-15,-6.35));
#10793 = VECTOR('',#10794,1.);
#10794 = DIRECTION('',(-1.,0.));
#10795 = ( GEOMETRIC_REPRESENTATION_CONTEXT(2) 
PARAMETRIC_REPRESENTATION_CONTEXT() REPRESENTATION_CONTEXT('2D SPACE',''
  ) );
#10796 = PCURVE('',#10684,#10797);
#10797 = DEFINITIONAL_REPRESENTATION('',(#10798),#10802);
#10798 = LINE('',#10799,#10800);
#10799 = CARTESIAN_POINT('',(247.93617414297,25.400000043943));
#10800 = VECTOR('',#10801,1.);
#10801 = DIRECTION('',(-0.,-1.));
#10802 = ( GEOMETRIC_REPRESENTATION_CONTEXT(2) 
PARAMETRIC_REPRESENTATION_CONTEXT() REPRESENTATION_CONTEXT('2D SPACE',''
  ) );
#10803 = ORIENTED_EDGE('',*,*,#10633,.F.);
#10804 = ORIENTED_EDGE('',*,*,#10805,.F.);
#10805 = EDGE_CURVE('',#10754,#10634,#10806,.T.);
#10806 = SURFACE_CURVE('',#10807,(#10811,#10818),.PCURVE_S1.);
#10807 = LINE('',#10808,#10809);
#10808 = CARTESIAN_POINT('',(0.,50.8,228.6));
#10809 = VECTOR('',#10810,25.4);
#10810 = DIRECTION('',(-0.,-1.,-4.440892098501E-16));
#10811 = PCURVE('',#10656,#10812);
#10812 = DEFINITIONAL_REPRESENTATION('',(#10813),#10817);
#10813 = LINE('',#10814,#10815);
#10814 = CARTESIAN_POINT('',(4.007413398523E-29,9.023892744153E-14));
#10815 = VECTOR('',#10816,1.);
#10816 = DIRECTION('',(-1.,0.));
#10817 = ( GEOMETRIC_REPRESENTATION_CONTEXT(2) 
PARAMETRIC_REPRESENTATION_CONTEXT() REPRESENTATION_CONTEXT('2D SPACE',''
  ) );
#10818 = PCURVE('',#10738,#10819);
#10819 = DEFINITIONAL_REPRESENTATION('',(#10820),#10824);
#10820 = LINE('',#10821,#10822);
#10821 = CARTESIAN_POINT('',(247.93617414297,25.400000043943));
#10822 = VECTOR('',#10823,1.);
#10823 = DIRECTION('',(-0.,-1.));
#10824 = ( GEOMETRIC_REPRESENTATION_CONTEXT(2) 
PARAMETRIC_REPRESENTATION_CONTEXT() REPRESENTATION_CONTEXT('2D SPACE',''
  ) );
#10825 = ADVANCED_FACE('',(#10826),#10712,.T.);
#10826 = FACE_BOUND('',#10827,.T.);
#10827 = EDGE_LOOP('',(#10828,#10829,#10857,#10885));
#10828 = ORIENTED_EDGE('',*,*,#10696,.T.);
#10829 = ORIENTED_EDGE('',*,*,#10830,.T.);
#10830 = EDGE_CURVE('',#10669,#10831,#10833,.T.);
#10831 = VERTEX_POINT('',#10832);
#10832 = CARTESIAN_POINT('',(498.475,6.349998569122,222.25));
#10833 = SURFACE_CURVE('',#10834,(#10839,#10846),.PCURVE_S1.);
#10834 = CIRCLE('',#10835,6.35);
#10835 = AXIS2_PLACEMENT_3D('',#10836,#10837,#10838);
#10836 = CARTESIAN_POINT('',(492.125,6.349998569122,222.25));
#10837 = DIRECTION('',(0.,-4.440892098501E-16,1.));
#10838 = DIRECTION('',(1.,0.,0.));
#10839 = PCURVE('',#10712,#10840);
#10840 = DEFINITIONAL_REPRESENTATION('',(#10841),#10845);
#10841 = LINE('',#10842,#10843);
#10842 = CARTESIAN_POINT('',(0.,-6.35));
#10843 = VECTOR('',#10844,1.);
#10844 = DIRECTION('',(1.,0.));
#10845 = ( GEOMETRIC_REPRESENTATION_CONTEXT(2) 
PARAMETRIC_REPRESENTATION_CONTEXT() REPRESENTATION_CONTEXT('2D SPACE',''
  ) );
#10846 = PCURVE('',#10684,#10847);
#10847 = DEFINITIONAL_REPRESENTATION('',(#10848),#10856);
#10848 = ( BOUNDED_CURVE() B_SPLINE_CURVE(2,(#10849,#10850,#10851,#10852
    ,#10853,#10854,#10855),.UNSPECIFIED.,.T.,.F.) 
B_SPLINE_CURVE_WITH_KNOTS((1,2,2,2,2,1),(-2.094395102393,0.,
    2.094395102393,4.188790204786,6.28318530718,8.377580409573),
.UNSPECIFIED.) CURVE() GEOMETRIC_REPRESENTATION_ITEM() 
RATIONAL_B_SPLINE_CURVE((1.,0.5,1.,0.5,1.,0.5,1.)) REPRESENTATION_ITEM(
  '') );
#10849 = CARTESIAN_POINT('',(-250.538825857,-19.05000138693));
#10850 = CARTESIAN_POINT('',(-250.538825857,-8.051478758873));
#10851 = CARTESIAN_POINT('',(-241.013825857,-13.5507400729));
#10852 = CARTESIAN_POINT('',(-231.488825857,-19.05000138693));
#10853 = CARTESIAN_POINT('',(-241.013825857,-24.54926270096));
#10854 = CARTESIAN_POINT('',(-250.538825857,-30.04852401499));
#10855 = CARTESIAN_POINT('',(-250.538825857,-19.05000138693));
#10856 = ( GEOMETRIC_REPRESENTATION_CONTEXT(2) 
PARAMETRIC_REPRESENTATION_CONTEXT() REPRESENTATION_CONTEXT('2D SPACE',''
  ) );
#10857 = ORIENTED_EDGE('',*,*,#10858,.F.);
#10858 = EDGE_CURVE('',#10859,#10831,#10861,.T.);
#10859 = VERTEX_POINT('',#10860);
#10860 = CARTESIAN_POINT('',(498.475,6.349998569122,228.6));
#10861 = SURFACE_CURVE('',#10862,(#10866,#10873),.PCURVE_S1.);
#10862 = LINE('',#10863,#10864);
#10863 = CARTESIAN_POINT('',(498.475,6.349998569122,228.6));
#10864 = VECTOR('',#10865,25.4);
#10865 = DIRECTION('',(-0.,4.440892098501E-16,-1.));
#10866 = PCURVE('',#10712,#10867);
#10867 = DEFINITIONAL_REPRESENTATION('',(#10868),#10872);
#10868 = LINE('',#10869,#10870);
#10869 = CARTESIAN_POINT('',(6.28318530718,0.));
#10870 = VECTOR('',#10871,1.);
#10871 = DIRECTION('',(0.,-1.));
#10872 = ( GEOMETRIC_REPRESENTATION_CONTEXT(2) 
PARAMETRIC_REPRESENTATION_CONTEXT() REPRESENTATION_CONTEXT('2D SPACE',''
  ) );
#10873 = PCURVE('',#10874,#10879);
#10874 = PLANE('',#10875);
#10875 = AXIS2_PLACEMENT_3D('',#10876,#10877,#10878);
#10876 = CARTESIAN_POINT('',(498.475,6.349998569122,228.6));
#10877 = DIRECTION('',(-1.,0.,-0.));
#10878 = DIRECTION('',(0.,-1.,-4.440892098501E-16));
#10879 = DEFINITIONAL_REPRESENTATION('',(#10880),#10884);
#10880 = LINE('',#10881,#10882);
#10881 = CARTESIAN_POINT('',(7.04991620637E-16,3.130791717596E-31));
#10882 = VECTOR('',#10883,1.);
#10883 = DIRECTION('',(-0.,-1.));
#10884 = ( GEOMETRIC_REPRESENTATION_CONTEXT(2) 
PARAMETRIC_REPRESENTATION_CONTEXT() REPRESENTATION_CONTEXT('2D SPACE',''
  ) );
#10885 = ORIENTED_EDGE('',*,*,#10886,.F.);
#10886 = EDGE_CURVE('',#10697,#10859,#10887,.T.);
#10887 = SURFACE_CURVE('',#10888,(#10893,#10900),.PCURVE_S1.);
#10888 = CIRCLE('',#10889,6.35);
#10889 = AXIS2_PLACEMENT_3D('',#10890,#10891,#10892);
#10890 = CARTESIAN_POINT('',(492.125,6.349998569122,228.6));
#10891 = DIRECTION('',(0.,-4.440892098501E-16,1.));
#10892 = DIRECTION('',(1.,0.,0.));
#10893 = PCURVE('',#10712,#10894);
#10894 = DEFINITIONAL_REPRESENTATION('',(#10895),#10899);
#10895 = LINE('',#10896,#10897);
#10896 = CARTESIAN_POINT('',(0.,0.));
#10897 = VECTOR('',#10898,1.);
#10898 = DIRECTION('',(1.,0.));
#10899 = ( GEOMETRIC_REPRESENTATION_CONTEXT(2) 
PARAMETRIC_REPRESENTATION_CONTEXT() REPRESENTATION_CONTEXT('2D SPACE',''
  ) );
#10900 = PCURVE('',#10738,#10901);
#10901 = DEFINITIONAL_REPRESENTATION('',(#10902),#10910);
#10902 = ( BOUNDED_CURVE() B_SPLINE_CURVE(2,(#10903,#10904,#10905,#10906
    ,#10907,#10908,#10909),.UNSPECIFIED.,.T.,.F.) 
B_SPLINE_CURVE_WITH_KNOTS((1,2,2,2,2,1),(-2.094395102393,0.,
    2.094395102393,4.188790204786,6.28318530718,8.377580409573),
.UNSPECIFIED.) CURVE() GEOMETRIC_REPRESENTATION_ITEM() 
RATIONAL_B_SPLINE_CURVE((1.,0.5,1.,0.5,1.,0.5,1.)) REPRESENTATION_ITEM(
  '') );
#10903 = CARTESIAN_POINT('',(-250.538825857,-19.05000138693));
#10904 = CARTESIAN_POINT('',(-250.538825857,-8.051478758873));
#10905 = CARTESIAN_POINT('',(-241.013825857,-13.5507400729));
#10906 = CARTESIAN_POINT('',(-231.488825857,-19.05000138693));
#10907 = CARTESIAN_POINT('',(-241.013825857,-24.54926270096));
#10908 = CARTESIAN_POINT('',(-250.538825857,-30.04852401499));
#10909 = CARTESIAN_POINT('',(-250.538825857,-19.05000138693));
#10910 = ( GEOMETRIC_REPRESENTATION_CONTEXT(2) 
PARAMETRIC_REPRESENTATION_CONTEXT() REPRESENTATION_CONTEXT('2D SPACE',''
  ) );
#10911 = ADVANCED_FACE('',(#10912,#10994),#10738,.F.);
#10912 = FACE_BOUND('',#10913,.T.);
#10913 = EDGE_LOOP('',(#10914,#10915,#10916,#10939,#10972,#10993));
#10914 = ORIENTED_EDGE('',*,*,#10724,.T.);
#10915 = ORIENTED_EDGE('',*,*,#10886,.T.);
#10916 = ORIENTED_EDGE('',*,*,#10917,.T.);
#10917 = EDGE_CURVE('',#10859,#10918,#10920,.T.);
#10918 = VERTEX_POINT('',#10919);
#10919 = CARTESIAN_POINT('',(498.475,44.449999769788,228.6));
#10920 = SURFACE_CURVE('',#10921,(#10925,#10932),.PCURVE_S1.);
#10921 = LINE('',#10922,#10923);
#10922 = CARTESIAN_POINT('',(498.475,-4.793943020331E-14,228.6));
#10923 = VECTOR('',#10924,25.4);
#10924 = DIRECTION('',(-0.,1.,4.440892098501E-16));
#10925 = PCURVE('',#10738,#10926);
#10926 = DEFINITIONAL_REPRESENTATION('',(#10927),#10931);
#10927 = LINE('',#10928,#10929);
#10928 = CARTESIAN_POINT('',(-250.538825857,-25.39999995605));
#10929 = VECTOR('',#10930,1.);
#10930 = DIRECTION('',(-0.,1.));
#10931 = ( GEOMETRIC_REPRESENTATION_CONTEXT(2) 
PARAMETRIC_REPRESENTATION_CONTEXT() REPRESENTATION_CONTEXT('2D SPACE',''
  ) );
#10932 = PCURVE('',#10874,#10933);
#10933 = DEFINITIONAL_REPRESENTATION('',(#10934),#10938);
#10934 = LINE('',#10935,#10936);
#10935 = CARTESIAN_POINT('',(6.349998569122,2.81996584711E-15));
#10936 = VECTOR('',#10937,1.);
#10937 = DIRECTION('',(-1.,0.));
#10938 = ( GEOMETRIC_REPRESENTATION_CONTEXT(2) 
PARAMETRIC_REPRESENTATION_CONTEXT() REPRESENTATION_CONTEXT('2D SPACE',''
  ) );
#10939 = ORIENTED_EDGE('',*,*,#10940,.T.);
#10940 = EDGE_CURVE('',#10918,#10941,#10943,.T.);
#10941 = VERTEX_POINT('',#10942);
#10942 = CARTESIAN_POINT('',(492.125,50.799999884894,228.6));
#10943 = SURFACE_CURVE('',#10944,(#10949,#10960),.PCURVE_S1.);
#10944 = CIRCLE('',#10945,6.35);
#10945 = AXIS2_PLACEMENT_3D('',#10946,#10947,#10948);
#10946 = CARTESIAN_POINT('',(492.125,44.449999769788,228.6));
#10947 = DIRECTION('',(0.,-4.440892098501E-16,1.));
#10948 = DIRECTION('',(1.,-0.,-0.));
#10949 = PCURVE('',#10738,#10950);
#10950 = DEFINITIONAL_REPRESENTATION('',(#10951),#10959);
#10951 = ( BOUNDED_CURVE() B_SPLINE_CURVE(2,(#10952,#10953,#10954,#10955
    ,#10956,#10957,#10958),.UNSPECIFIED.,.T.,.F.) 
B_SPLINE_CURVE_WITH_KNOTS((1,2,2,2,2,1),(-2.094395102393,0.,
    2.094395102393,4.188790204786,6.28318530718,8.377580409573),
.UNSPECIFIED.) CURVE() GEOMETRIC_REPRESENTATION_ITEM() 
RATIONAL_B_SPLINE_CURVE((1.,0.5,1.,0.5,1.,0.5,1.)) REPRESENTATION_ITEM(
  '') );
#10952 = CARTESIAN_POINT('',(-250.538825857,19.049999813731));
#10953 = CARTESIAN_POINT('',(-250.538825857,30.048522441794));
#10954 = CARTESIAN_POINT('',(-241.013825857,24.549261127762));
#10955 = CARTESIAN_POINT('',(-231.488825857,19.049999813731));
#10956 = CARTESIAN_POINT('',(-241.013825857,13.5507384997));
#10957 = CARTESIAN_POINT('',(-250.538825857,8.051477185669));
#10958 = CARTESIAN_POINT('',(-250.538825857,19.049999813731));
#10959 = ( GEOMETRIC_REPRESENTATION_CONTEXT(2) 
PARAMETRIC_REPRESENTATION_CONTEXT() REPRESENTATION_CONTEXT('2D SPACE',''
  ) );
#10960 = PCURVE('',#10961,#10966);
#10961 = CYLINDRICAL_SURFACE('',#10962,6.35);
#10962 = AXIS2_PLACEMENT_3D('',#10963,#10964,#10965);
#10963 = CARTESIAN_POINT('',(492.125,44.449999769788,228.6));
#10964 = DIRECTION('',(-0.,-4.440892098501E-16,1.));
#10965 = DIRECTION('',(1.,-0.,-0.));
#10966 = DEFINITIONAL_REPRESENTATION('',(#10967),#10971);
#10967 = LINE('',#10968,#10969);
#10968 = CARTESIAN_POINT('',(0.,0.));
#10969 = VECTOR('',#10970,1.);
#10970 = DIRECTION('',(1.,0.));
#10971 = ( GEOMETRIC_REPRESENTATION_CONTEXT(2) 
PARAMETRIC_REPRESENTATION_CONTEXT() REPRESENTATION_CONTEXT('2D SPACE',''
  ) );
#10972 = ORIENTED_EDGE('',*,*,#10973,.T.);
#10973 = EDGE_CURVE('',#10941,#10754,#10974,.T.);
#10974 = SURFACE_CURVE('',#10975,(#10979,#10986),.PCURVE_S1.);
#10975 = LINE('',#10976,#10977);
#10976 = CARTESIAN_POINT('',(498.475,50.8,228.6));
#10977 = VECTOR('',#10978,25.4);
#10978 = DIRECTION('',(-1.,0.,-0.));
#10979 = PCURVE('',#10738,#10980);
#10980 = DEFINITIONAL_REPRESENTATION('',(#10981),#10985);
#10981 = LINE('',#10982,#10983);
#10982 = CARTESIAN_POINT('',(-250.538825857,25.400000043943));
#10983 = VECTOR('',#10984,1.);
#10984 = DIRECTION('',(1.,-0.));
#10985 = ( GEOMETRIC_REPRESENTATION_CONTEXT(2) 
PARAMETRIC_REPRESENTATION_CONTEXT() REPRESENTATION_CONTEXT('2D SPACE',''
  ) );
#10986 = PCURVE('',#10771,#10987);
#10987 = DEFINITIONAL_REPRESENTATION('',(#10988),#10992);
#10988 = LINE('',#10989,#10990);
#10989 = CARTESIAN_POINT('',(6.35,-0.));
#10990 = VECTOR('',#10991,1.);
#10991 = DIRECTION('',(-1.,0.));
#10992 = ( GEOMETRIC_REPRESENTATION_CONTEXT(2) 
PARAMETRIC_REPRESENTATION_CONTEXT() REPRESENTATION_CONTEXT('2D SPACE',''
  ) );
#10993 = ORIENTED_EDGE('',*,*,#10805,.T.);
#10994 = FACE_BOUND('',#10995,.T.);
#10995 = EDGE_LOOP('',(#10996));
#10996 = ORIENTED_EDGE('',*,*,#10997,.F.);
#10997 = EDGE_CURVE('',#10998,#10998,#11000,.T.);
#10998 = VERTEX_POINT('',#10999);
#10999 = CARTESIAN_POINT('',(485.775,25.4,228.6));
#11000 = SURFACE_CURVE('',#11001,(#11006,#11017),.PCURVE_S1.);
#11001 = CIRCLE('',#11002,12.7);
#11002 = AXIS2_PLACEMENT_3D('',#11003,#11004,#11005);
#11003 = CARTESIAN_POINT('',(473.075,25.4,228.6));
#11004 = DIRECTION('',(0.,-4.440892098501E-16,1.));
#11005 = DIRECTION('',(1.,-0.,-0.));
#11006 = PCURVE('',#10738,#11007);
#11007 = DEFINITIONAL_REPRESENTATION('',(#11008),#11016);
#11008 = ( BOUNDED_CURVE() B_SPLINE_CURVE(2,(#11009,#11010,#11011,#11012
    ,#11013,#11014,#11015),.UNSPECIFIED.,.T.,.F.) 
B_SPLINE_CURVE_WITH_KNOTS((1,2,2,2,2,1),(-2.094395102393,0.,
    2.094395102393,4.188790204786,6.28318530718,8.377580409573),
.UNSPECIFIED.) CURVE() GEOMETRIC_REPRESENTATION_ITEM() 
RATIONAL_B_SPLINE_CURVE((1.,0.5,1.,0.5,1.,0.5,1.)) REPRESENTATION_ITEM(
  '') );
#11009 = CARTESIAN_POINT('',(-237.838825857,4.394272836716E-08));
#11010 = CARTESIAN_POINT('',(-237.838825857,21.997045300067));
#11011 = CARTESIAN_POINT('',(-218.788825857,10.998522672005));
#11012 = CARTESIAN_POINT('',(-199.738825857,4.394273147777E-08));
#11013 = CARTESIAN_POINT('',(-218.788825857,-10.99852258412));
#11014 = CARTESIAN_POINT('',(-237.838825857,-21.99704521218));
#11015 = CARTESIAN_POINT('',(-237.838825857,4.394272836716E-08));
#11016 = ( GEOMETRIC_REPRESENTATION_CONTEXT(2) 
PARAMETRIC_REPRESENTATION_CONTEXT() REPRESENTATION_CONTEXT('2D SPACE',''
  ) );
#11017 = PCURVE('',#11018,#11023);
#11018 = CYLINDRICAL_SURFACE('',#11019,12.7);
#11019 = AXIS2_PLACEMENT_3D('',#11020,#11021,#11022);
#11020 = CARTESIAN_POINT('',(473.075,25.4,228.854));
#11021 = DIRECTION('',(-0.,4.440892098501E-16,-1.));
#11022 = DIRECTION('',(1.,-0.,-0.));
#11023 = DEFINITIONAL_REPRESENTATION('',(#11024),#11028);
#11024 = LINE('',#11025,#11026);
#11025 = CARTESIAN_POINT('',(-0.,0.254));
#11026 = VECTOR('',#11027,1.);
#11027 = DIRECTION('',(-1.,0.));
#11028 = ( GEOMETRIC_REPRESENTATION_CONTEXT(2) 
PARAMETRIC_REPRESENTATION_CONTEXT() REPRESENTATION_CONTEXT('2D SPACE',''
  ) );
#11029 = ADVANCED_FACE('',(#11030,#11107),#10684,.T.);
#11030 = FACE_BOUND('',#11031,.F.);
#11031 = EDGE_LOOP('',(#11032,#11033,#11034,#11057,#11085,#11106));
#11032 = ORIENTED_EDGE('',*,*,#10668,.T.);
#11033 = ORIENTED_EDGE('',*,*,#10830,.T.);
#11034 = ORIENTED_EDGE('',*,*,#11035,.T.);
#11035 = EDGE_CURVE('',#10831,#11036,#11038,.T.);
#11036 = VERTEX_POINT('',#11037);
#11037 = CARTESIAN_POINT('',(498.475,44.449999769788,222.25));
#11038 = SURFACE_CURVE('',#11039,(#11043,#11050),.PCURVE_S1.);
#11039 = LINE('',#11040,#11041);
#11040 = CARTESIAN_POINT('',(498.475,-4.511946372077E-14,222.25));
#11041 = VECTOR('',#11042,25.4);
#11042 = DIRECTION('',(-0.,1.,4.440892098501E-16));
#11043 = PCURVE('',#10684,#11044);
#11044 = DEFINITIONAL_REPRESENTATION('',(#11045),#11049);
#11045 = LINE('',#11046,#11047);
#11046 = CARTESIAN_POINT('',(-250.538825857,-25.39999995605));
#11047 = VECTOR('',#11048,1.);
#11048 = DIRECTION('',(-0.,1.));
#11049 = ( GEOMETRIC_REPRESENTATION_CONTEXT(2) 
PARAMETRIC_REPRESENTATION_CONTEXT() REPRESENTATION_CONTEXT('2D SPACE',''
  ) );
#11050 = PCURVE('',#10874,#11051);
#11051 = DEFINITIONAL_REPRESENTATION('',(#11052),#11056);
#11052 = LINE('',#11053,#11054);
#11053 = CARTESIAN_POINT('',(6.349998569122,-6.35));
#11054 = VECTOR('',#11055,1.);
#11055 = DIRECTION('',(-1.,0.));
#11056 = ( GEOMETRIC_REPRESENTATION_CONTEXT(2) 
PARAMETRIC_REPRESENTATION_CONTEXT() REPRESENTATION_CONTEXT('2D SPACE',''
  ) );
#11057 = ORIENTED_EDGE('',*,*,#11058,.T.);
#11058 = EDGE_CURVE('',#11036,#11059,#11061,.T.);
#11059 = VERTEX_POINT('',#11060);
#11060 = CARTESIAN_POINT('',(492.125,50.799999884894,222.25));
#11061 = SURFACE_CURVE('',#11062,(#11067,#11078),.PCURVE_S1.);
#11062 = CIRCLE('',#11063,6.35);
#11063 = AXIS2_PLACEMENT_3D('',#11064,#11065,#11066);
#11064 = CARTESIAN_POINT('',(492.125,44.449999769788,222.25));
#11065 = DIRECTION('',(0.,-4.440892098501E-16,1.));
#11066 = DIRECTION('',(1.,-0.,-0.));
#11067 = PCURVE('',#10684,#11068);
#11068 = DEFINITIONAL_REPRESENTATION('',(#11069),#11077);
#11069 = ( BOUNDED_CURVE() B_SPLINE_CURVE(2,(#11070,#11071,#11072,#11073
    ,#11074,#11075,#11076),.UNSPECIFIED.,.T.,.F.) 
B_SPLINE_CURVE_WITH_KNOTS((1,2,2,2,2,1),(-2.094395102393,0.,
    2.094395102393,4.188790204786,6.28318530718,8.377580409573),
.UNSPECIFIED.) CURVE() GEOMETRIC_REPRESENTATION_ITEM() 
RATIONAL_B_SPLINE_CURVE((1.,0.5,1.,0.5,1.,0.5,1.)) REPRESENTATION_ITEM(
  '') );
#11070 = CARTESIAN_POINT('',(-250.538825857,19.049999813731));
#11071 = CARTESIAN_POINT('',(-250.538825857,30.048522441793));
#11072 = CARTESIAN_POINT('',(-241.013825857,24.549261127762));
#11073 = CARTESIAN_POINT('',(-231.488825857,19.049999813731));
#11074 = CARTESIAN_POINT('',(-241.013825857,13.5507384997));
#11075 = CARTESIAN_POINT('',(-250.538825857,8.051477185669));
#11076 = CARTESIAN_POINT('',(-250.538825857,19.049999813731));
#11077 = ( GEOMETRIC_REPRESENTATION_CONTEXT(2) 
PARAMETRIC_REPRESENTATION_CONTEXT() REPRESENTATION_CONTEXT('2D SPACE',''
  ) );
#11078 = PCURVE('',#10961,#11079);
#11079 = DEFINITIONAL_REPRESENTATION('',(#11080),#11084);
#11080 = LINE('',#11081,#11082);
#11081 = CARTESIAN_POINT('',(0.,-6.35));
#11082 = VECTOR('',#11083,1.);
#11083 = DIRECTION('',(1.,0.));
#11084 = ( GEOMETRIC_REPRESENTATION_CONTEXT(2) 
PARAMETRIC_REPRESENTATION_CONTEXT() REPRESENTATION_CONTEXT('2D SPACE',''
  ) );
#11085 = ORIENTED_EDGE('',*,*,#11086,.T.);
#11086 = EDGE_CURVE('',#11059,#10756,#11087,.T.);
#11087 = SURFACE_CURVE('',#11088,(#11092,#11099),.PCURVE_S1.);
#11088 = LINE('',#11089,#11090);
#11089 = CARTESIAN_POINT('',(498.475,50.8,222.25));
#11090 = VECTOR('',#11091,25.4);
#11091 = DIRECTION('',(-1.,0.,-0.));
#11092 = PCURVE('',#10684,#11093);
#11093 = DEFINITIONAL_REPRESENTATION('',(#11094),#11098);
#11094 = LINE('',#11095,#11096);
#11095 = CARTESIAN_POINT('',(-250.538825857,25.400000043943));
#11096 = VECTOR('',#11097,1.);
#11097 = DIRECTION('',(1.,-0.));
#11098 = ( GEOMETRIC_REPRESENTATION_CONTEXT(2) 
PARAMETRIC_REPRESENTATION_CONTEXT() REPRESENTATION_CONTEXT('2D SPACE',''
  ) );
#11099 = PCURVE('',#10771,#11100);
#11100 = DEFINITIONAL_REPRESENTATION('',(#11101),#11105);
#11101 = LINE('',#11102,#11103);
#11102 = CARTESIAN_POINT('',(6.35,-6.35));
#11103 = VECTOR('',#11104,1.);
#11104 = DIRECTION('',(-1.,0.));
#11105 = ( GEOMETRIC_REPRESENTATION_CONTEXT(2) 
PARAMETRIC_REPRESENTATION_CONTEXT() REPRESENTATION_CONTEXT('2D SPACE',''
  ) );
#11106 = ORIENTED_EDGE('',*,*,#10783,.T.);
#11107 = FACE_BOUND('',#11108,.F.);
#11108 = EDGE_LOOP('',(#11109));
#11109 = ORIENTED_EDGE('',*,*,#11110,.F.);
#11110 = EDGE_CURVE('',#11111,#11111,#11113,.T.);
#11111 = VERTEX_POINT('',#11112);
#11112 = CARTESIAN_POINT('',(485.775,25.4,222.25));
#11113 = SURFACE_CURVE('',#11114,(#11119,#11130),.PCURVE_S1.);
#11114 = CIRCLE('',#11115,12.7);
#11115 = AXIS2_PLACEMENT_3D('',#11116,#11117,#11118);
#11116 = CARTESIAN_POINT('',(473.075,25.4,222.25));
#11117 = DIRECTION('',(0.,-4.440892098501E-16,1.));
#11118 = DIRECTION('',(1.,-0.,-0.));
#11119 = PCURVE('',#10684,#11120);
#11120 = DEFINITIONAL_REPRESENTATION('',(#11121),#11129);
#11121 = ( BOUNDED_CURVE() B_SPLINE_CURVE(2,(#11122,#11123,#11124,#11125
    ,#11126,#11127,#11128),.UNSPECIFIED.,.T.,.F.) 
B_SPLINE_CURVE_WITH_KNOTS((1,2,2,2,2,1),(-2.094395102393,0.,
    2.094395102393,4.188790204786,6.28318530718,8.377580409573),
.UNSPECIFIED.) CURVE() GEOMETRIC_REPRESENTATION_ITEM() 
RATIONAL_B_SPLINE_CURVE((1.,0.5,1.,0.5,1.,0.5,1.)) REPRESENTATION_ITEM(
  '') );
#11122 = CARTESIAN_POINT('',(-237.838825857,4.39427255472E-08));
#11123 = CARTESIAN_POINT('',(-237.838825857,21.997045300067));
#11124 = CARTESIAN_POINT('',(-218.788825857,10.998522672005));
#11125 = CARTESIAN_POINT('',(-199.738825857,4.39427286578E-08));
#11126 = CARTESIAN_POINT('',(-218.788825857,-10.99852258412));
#11127 = CARTESIAN_POINT('',(-237.838825857,-21.99704521218));
#11128 = CARTESIAN_POINT('',(-237.838825857,4.39427255472E-08));
#11129 = ( GEOMETRIC_REPRESENTATION_CONTEXT(2) 
PARAMETRIC_REPRESENTATION_CONTEXT() REPRESENTATION_CONTEXT('2D SPACE',''
  ) );
#11130 = PCURVE('',#11018,#11131);
#11131 = DEFINITIONAL_REPRESENTATION('',(#11132),#11136);
#11132 = LINE('',#11133,#11134);
#11133 = CARTESIAN_POINT('',(-0.,6.604));
#11134 = VECTOR('',#11135,1.);
#11135 = DIRECTION('',(-1.,0.));
#11136 = ( GEOMETRIC_REPRESENTATION_CONTEXT(2) 
PARAMETRIC_REPRESENTATION_CONTEXT() REPRESENTATION_CONTEXT('2D SPACE',''
  ) );
#11137 = ADVANCED_FACE('',(#11138),#10771,.F.);
#11138 = FACE_BOUND('',#11139,.T.);
#11139 = EDGE_LOOP('',(#11140,#11161,#11162,#11163));
#11140 = ORIENTED_EDGE('',*,*,#11141,.T.);
#11141 = EDGE_CURVE('',#10941,#11059,#11142,.T.);
#11142 = SURFACE_CURVE('',#11143,(#11147,#11154),.PCURVE_S1.);
#11143 = LINE('',#11144,#11145);
#11144 = CARTESIAN_POINT('',(492.125,50.799999884894,228.6));
#11145 = VECTOR('',#11146,25.4);
#11146 = DIRECTION('',(-0.,4.440892098501E-16,-1.));
#11147 = PCURVE('',#10771,#11148);
#11148 = DEFINITIONAL_REPRESENTATION('',(#11149),#11153);
#11149 = LINE('',#11150,#11151);
#11150 = CARTESIAN_POINT('',(-0.,0.));
#11151 = VECTOR('',#11152,1.);
#11152 = DIRECTION('',(-0.,-1.));
#11153 = ( GEOMETRIC_REPRESENTATION_CONTEXT(2) 
PARAMETRIC_REPRESENTATION_CONTEXT() REPRESENTATION_CONTEXT('2D SPACE',''
  ) );
#11154 = PCURVE('',#10961,#11155);
#11155 = DEFINITIONAL_REPRESENTATION('',(#11156),#11160);
#11156 = LINE('',#11157,#11158);
#11157 = CARTESIAN_POINT('',(1.570796326795,0.));
#11158 = VECTOR('',#11159,1.);
#11159 = DIRECTION('',(0.,-1.));
#11160 = ( GEOMETRIC_REPRESENTATION_CONTEXT(2) 
PARAMETRIC_REPRESENTATION_CONTEXT() REPRESENTATION_CONTEXT('2D SPACE',''
  ) );
#11161 = ORIENTED_EDGE('',*,*,#11086,.T.);
#11162 = ORIENTED_EDGE('',*,*,#10753,.F.);
#11163 = ORIENTED_EDGE('',*,*,#10973,.F.);
#11164 = ADVANCED_FACE('',(#11165),#10874,.F.);
#11165 = FACE_BOUND('',#11166,.T.);
#11166 = EDGE_LOOP('',(#11167,#11168,#11169,#11190));
#11167 = ORIENTED_EDGE('',*,*,#10858,.T.);
#11168 = ORIENTED_EDGE('',*,*,#11035,.T.);
#11169 = ORIENTED_EDGE('',*,*,#11170,.F.);
#11170 = EDGE_CURVE('',#10918,#11036,#11171,.T.);
#11171 = SURFACE_CURVE('',#11172,(#11176,#11183),.PCURVE_S1.);
#11172 = LINE('',#11173,#11174);
#11173 = CARTESIAN_POINT('',(498.475,44.449999769788,228.6));
#11174 = VECTOR('',#11175,25.4);
#11175 = DIRECTION('',(-0.,4.440892098501E-16,-1.));
#11176 = PCURVE('',#10874,#11177);
#11177 = DEFINITIONAL_REPRESENTATION('',(#11178),#11182);
#11178 = LINE('',#11179,#11180);
#11179 = CARTESIAN_POINT('',(-38.10000120066,-1.691979942849E-14));
#11180 = VECTOR('',#11181,1.);
#11181 = DIRECTION('',(-0.,-1.));
#11182 = ( GEOMETRIC_REPRESENTATION_CONTEXT(2) 
PARAMETRIC_REPRESENTATION_CONTEXT() REPRESENTATION_CONTEXT('2D SPACE',''
  ) );
#11183 = PCURVE('',#10961,#11184);
#11184 = DEFINITIONAL_REPRESENTATION('',(#11185),#11189);
#11185 = LINE('',#11186,#11187);
#11186 = CARTESIAN_POINT('',(0.,0.));
#11187 = VECTOR('',#11188,1.);
#11188 = DIRECTION('',(0.,-1.));
#11189 = ( GEOMETRIC_REPRESENTATION_CONTEXT(2) 
PARAMETRIC_REPRESENTATION_CONTEXT() REPRESENTATION_CONTEXT('2D SPACE',''
  ) );
#11190 = ORIENTED_EDGE('',*,*,#10917,.F.);
#11191 = ADVANCED_FACE('',(#11192),#10961,.T.);
#11192 = FACE_BOUND('',#11193,.T.);
#11193 = EDGE_LOOP('',(#11194,#11195,#11196,#11197));
#11194 = ORIENTED_EDGE('',*,*,#11170,.T.);
#11195 = ORIENTED_EDGE('',*,*,#11058,.T.);
#11196 = ORIENTED_EDGE('',*,*,#11141,.F.);
#11197 = ORIENTED_EDGE('',*,*,#10940,.F.);
#11198 = ADVANCED_FACE('',(#11199),#11018,.F.);
#11199 = FACE_BOUND('',#11200,.T.);
#11200 = EDGE_LOOP('',(#11201,#11202,#11223,#11224));
#11201 = ORIENTED_EDGE('',*,*,#11110,.F.);
#11202 = ORIENTED_EDGE('',*,*,#11203,.F.);
#11203 = EDGE_CURVE('',#10998,#11111,#11204,.T.);
#11204 = SEAM_CURVE('',#11205,(#11209,#11216),.PCURVE_S1.);
#11205 = LINE('',#11206,#11207);
#11206 = CARTESIAN_POINT('',(485.775,25.4,228.854));
#11207 = VECTOR('',#11208,25.4);
#11208 = DIRECTION('',(-0.,4.440892098501E-16,-1.));
#11209 = PCURVE('',#11018,#11210);
#11210 = DEFINITIONAL_REPRESENTATION('',(#11211),#11215);
#11211 = LINE('',#11212,#11213);
#11212 = CARTESIAN_POINT('',(-6.28318530718,-0.));
#11213 = VECTOR('',#11214,1.);
#11214 = DIRECTION('',(-0.,1.));
#11215 = ( GEOMETRIC_REPRESENTATION_CONTEXT(2) 
PARAMETRIC_REPRESENTATION_CONTEXT() REPRESENTATION_CONTEXT('2D SPACE',''
  ) );
#11216 = PCURVE('',#11018,#11217);
#11217 = DEFINITIONAL_REPRESENTATION('',(#11218),#11222);
#11218 = LINE('',#11219,#11220);
#11219 = CARTESIAN_POINT('',(-0.,-0.));
#11220 = VECTOR('',#11221,1.);
#11221 = DIRECTION('',(-0.,1.));
#11222 = ( GEOMETRIC_REPRESENTATION_CONTEXT(2) 
PARAMETRIC_REPRESENTATION_CONTEXT() REPRESENTATION_CONTEXT('2D SPACE',''
  ) );
#11223 = ORIENTED_EDGE('',*,*,#10997,.T.);
#11224 = ORIENTED_EDGE('',*,*,#11203,.T.);
#11225 = ( GEOMETRIC_REPRESENTATION_CONTEXT(3) 
GLOBAL_UNCERTAINTY_ASSIGNED_CONTEXT((#11229)) 
GLOBAL_UNIT_ASSIGNED_CONTEXT((#11226,#11227,#11228)) 
REPRESENTATION_CONTEXT('Context #1',
  '3D Context with UNIT and UNCERTAINTY') );
#11226 = ( LENGTH_UNIT() NAMED_UNIT(*) SI_UNIT(.MILLI.,.METRE.) );
#11227 = ( NAMED_UNIT(*) PLANE_ANGLE_UNIT() SI_UNIT($,.RADIAN.) );
#11228 = ( NAMED_UNIT(*) SI_UNIT($,.STERADIAN.) SOLID_ANGLE_UNIT() );
#11229 = UNCERTAINTY_MEASURE_WITH_UNIT(LENGTH_MEASURE(2.54E-06),#11226,
  'distance_accuracy_value','confusion accuracy');
#11230 = CONTEXT_DEPENDENT_SHAPE_REPRESENTATION(#11231,#11233);
#11231 = ( REPRESENTATION_RELATIONSHIP('','',#10626,#10) 
REPRESENTATION_RELATIONSHIP_WITH_TRANSFORMATION(#11232) 
SHAPE_REPRESENTATION_RELATIONSHIP() );
#11232 = ITEM_DEFINED_TRANSFORMATION('','',#11,#107);
#11233 = PRODUCT_DEFINITION_SHAPE('Placement','Placement of an item',
  #11234);
#11234 = NEXT_ASSEMBLY_USAGE_OCCURRENCE('24','Lever Bar (mirror)','',#5,
  #10621,$);
#11235 = PRODUCT_RELATED_PRODUCT_CATEGORY('part',$,(#10623));
#11236 = SHAPE_DEFINITION_REPRESENTATION(#11237,#11243);
#11237 = PRODUCT_DEFINITION_SHAPE('','',#11238);
#11238 = PRODUCT_DEFINITION('design','',#11239,#11242);
#11239 = PRODUCT_DEFINITION_FORMATION('','',#11240);
#11240 = PRODUCT('Lever Cross','Lever Cross','',(#11241));
#11241 = PRODUCT_CONTEXT('',#2,'mechanical');
#11242 = PRODUCT_DEFINITION_CONTEXT('part definition',#2,'design');
#11243 = ADVANCED_BREP_SHAPE_REPRESENTATION('',(#11,#11244),#11574);
#11244 = MANIFOLD_SOLID_BREP('',#11245);
#11245 = CLOSED_SHELL('',(#11246,#11366,#11466,#11513,#11560,#11567));
#11246 = ADVANCED_FACE('',(#11247),#11261,.F.);
#11247 = FACE_BOUND('',#11248,.F.);
#11248 = EDGE_LOOP('',(#11249,#11284,#11312,#11340));
#11249 = ORIENTED_EDGE('',*,*,#11250,.F.);
#11250 = EDGE_CURVE('',#11251,#11253,#11255,.T.);
#11251 = VERTEX_POINT('',#11252);
#11252 = CARTESIAN_POINT('',(0.,0.,0.));
#11253 = VERTEX_POINT('',#11254);
#11254 = CARTESIAN_POINT('',(0.,0.,6.35));
#11255 = SURFACE_CURVE('',#11256,(#11260,#11272),.PCURVE_S1.);
#11256 = LINE('',#11257,#11258);
#11257 = CARTESIAN_POINT('',(0.,0.,0.));
#11258 = VECTOR('',#11259,25.4);
#11259 = DIRECTION('',(0.,0.,1.));
#11260 = PCURVE('',#11261,#11266);
#11261 = PLANE('',#11262);
#11262 = AXIS2_PLACEMENT_3D('',#11263,#11264,#11265);
#11263 = CARTESIAN_POINT('',(0.,0.,0.));
#11264 = DIRECTION('',(1.,0.,-0.));
#11265 = DIRECTION('',(0.,0.,1.));
#11266 = DEFINITIONAL_REPRESENTATION('',(#11267),#11271);
#11267 = LINE('',#11268,#11269);
#11268 = CARTESIAN_POINT('',(0.,0.));
#11269 = VECTOR('',#11270,1.);
#11270 = DIRECTION('',(1.,0.));
#11271 = ( GEOMETRIC_REPRESENTATION_CONTEXT(2) 
PARAMETRIC_REPRESENTATION_CONTEXT() REPRESENTATION_CONTEXT('2D SPACE',''
  ) );
#11272 = PCURVE('',#11273,#11278);
#11273 = PLANE('',#11274);
#11274 = AXIS2_PLACEMENT_3D('',#11275,#11276,#11277);
#11275 = CARTESIAN_POINT('',(0.,0.,0.));
#11276 = DIRECTION('',(-0.,1.,0.));
#11277 = DIRECTION('',(0.,0.,1.));
#11278 = DEFINITIONAL_REPRESENTATION('',(#11279),#11283);
#11279 = LINE('',#11280,#11281);
#11280 = CARTESIAN_POINT('',(0.,0.));
#11281 = VECTOR('',#11282,1.);
#11282 = DIRECTION('',(1.,0.));
#11283 = ( GEOMETRIC_REPRESENTATION_CONTEXT(2) 
PARAMETRIC_REPRESENTATION_CONTEXT() REPRESENTATION_CONTEXT('2D SPACE',''
  ) );
#11284 = ORIENTED_EDGE('',*,*,#11285,.T.);
#11285 = EDGE_CURVE('',#11251,#11286,#11288,.T.);
#11286 = VERTEX_POINT('',#11287);
#11287 = CARTESIAN_POINT('',(0.,228.6,0.));
#11288 = SURFACE_CURVE('',#11289,(#11293,#11300),.PCURVE_S1.);
#11289 = LINE('',#11290,#11291);
#11290 = CARTESIAN_POINT('',(0.,0.,0.));
#11291 = VECTOR('',#11292,25.4);
#11292 = DIRECTION('',(-0.,1.,0.));
#11293 = PCURVE('',#11261,#11294);
#11294 = DEFINITIONAL_REPRESENTATION('',(#11295),#11299);
#11295 = LINE('',#11296,#11297);
#11296 = CARTESIAN_POINT('',(0.,0.));
#11297 = VECTOR('',#11298,1.);
#11298 = DIRECTION('',(0.,-1.));
#11299 = ( GEOMETRIC_REPRESENTATION_CONTEXT(2) 
PARAMETRIC_REPRESENTATION_CONTEXT() REPRESENTATION_CONTEXT('2D SPACE',''
  ) );
#11300 = PCURVE('',#11301,#11306);
#11301 = PLANE('',#11302);
#11302 = AXIS2_PLACEMENT_3D('',#11303,#11304,#11305);
#11303 = CARTESIAN_POINT('',(0.,0.,0.));
#11304 = DIRECTION('',(0.,0.,1.));
#11305 = DIRECTION('',(1.,0.,-0.));
#11306 = DEFINITIONAL_REPRESENTATION('',(#11307),#11311);
#11307 = LINE('',#11308,#11309);
#11308 = CARTESIAN_POINT('',(0.,0.));
#11309 = VECTOR('',#11310,1.);
#11310 = DIRECTION('',(0.,1.));
#11311 = ( GEOMETRIC_REPRESENTATION_CONTEXT(2) 
PARAMETRIC_REPRESENTATION_CONTEXT() REPRESENTATION_CONTEXT('2D SPACE',''
  ) );
#11312 = ORIENTED_EDGE('',*,*,#11313,.T.);
#11313 = EDGE_CURVE('',#11286,#11314,#11316,.T.);
#11314 = VERTEX_POINT('',#11315);
#11315 = CARTESIAN_POINT('',(0.,228.6,6.35));
#11316 = SURFACE_CURVE('',#11317,(#11321,#11328),.PCURVE_S1.);
#11317 = LINE('',#11318,#11319);
#11318 = CARTESIAN_POINT('',(0.,228.6,0.));
#11319 = VECTOR('',#11320,25.4);
#11320 = DIRECTION('',(0.,0.,1.));
#11321 = PCURVE('',#11261,#11322);
#11322 = DEFINITIONAL_REPRESENTATION('',(#11323),#11327);
#11323 = LINE('',#11324,#11325);
#11324 = CARTESIAN_POINT('',(0.,-228.6));
#11325 = VECTOR('',#11326,1.);
#11326 = DIRECTION('',(1.,0.));
#11327 = ( GEOMETRIC_REPRESENTATION_CONTEXT(2) 
PARAMETRIC_REPRESENTATION_CONTEXT() REPRESENTATION_CONTEXT('2D SPACE',''
  ) );
#11328 = PCURVE('',#11329,#11334);
#11329 = PLANE('',#11330);
#11330 = AXIS2_PLACEMENT_3D('',#11331,#11332,#11333);
#11331 = CARTESIAN_POINT('',(0.,228.6,0.));
#11332 = DIRECTION('',(-0.,1.,0.));
#11333 = DIRECTION('',(0.,0.,1.));
#11334 = DEFINITIONAL_REPRESENTATION('',(#11335),#11339);
#11335 = LINE('',#11336,#11337);
#11336 = CARTESIAN_POINT('',(0.,0.));
#11337 = VECTOR('',#11338,1.);
#11338 = DIRECTION('',(1.,0.));
#11339 = ( GEOMETRIC_REPRESENTATION_CONTEXT(2) 
PARAMETRIC_REPRESENTATION_CONTEXT() REPRESENTATION_CONTEXT('2D SPACE',''
  ) );
#11340 = ORIENTED_EDGE('',*,*,#11341,.F.);
#11341 = EDGE_CURVE('',#11253,#11314,#11342,.T.);
#11342 = SURFACE_CURVE('',#11343,(#11347,#11354),.PCURVE_S1.);
#11343 = LINE('',#11344,#11345);
#11344 = CARTESIAN_POINT('',(0.,0.,6.35));
#11345 = VECTOR('',#11346,25.4);
#11346 = DIRECTION('',(-0.,1.,0.));
#11347 = PCURVE('',#11261,#11348);
#11348 = DEFINITIONAL_REPRESENTATION('',(#11349),#11353);
#11349 = LINE('',#11350,#11351);
#11350 = CARTESIAN_POINT('',(6.35,0.));
#11351 = VECTOR('',#11352,1.);
#11352 = DIRECTION('',(0.,-1.));
#11353 = ( GEOMETRIC_REPRESENTATION_CONTEXT(2) 
PARAMETRIC_REPRESENTATION_CONTEXT() REPRESENTATION_CONTEXT('2D SPACE',''
  ) );
#11354 = PCURVE('',#11355,#11360);
#11355 = PLANE('',#11356);
#11356 = AXIS2_PLACEMENT_3D('',#11357,#11358,#11359);
#11357 = CARTESIAN_POINT('',(0.,0.,6.35));
#11358 = DIRECTION('',(0.,0.,1.));
#11359 = DIRECTION('',(1.,0.,-0.));
#11360 = DEFINITIONAL_REPRESENTATION('',(#11361),#11365);
#11361 = LINE('',#11362,#11363);
#11362 = CARTESIAN_POINT('',(0.,0.));
#11363 = VECTOR('',#11364,1.);
#11364 = DIRECTION('',(0.,1.));
#11365 = ( GEOMETRIC_REPRESENTATION_CONTEXT(2) 
PARAMETRIC_REPRESENTATION_CONTEXT() REPRESENTATION_CONTEXT('2D SPACE',''
  ) );
#11366 = ADVANCED_FACE('',(#11367),#11381,.T.);
#11367 = FACE_BOUND('',#11368,.T.);
#11368 = EDGE_LOOP('',(#11369,#11399,#11422,#11445));
#11369 = ORIENTED_EDGE('',*,*,#11370,.F.);
#11370 = EDGE_CURVE('',#11371,#11373,#11375,.T.);
#11371 = VERTEX_POINT('',#11372);
#11372 = CARTESIAN_POINT('',(50.8,0.,0.));
#11373 = VERTEX_POINT('',#11374);
#11374 = CARTESIAN_POINT('',(50.8,0.,6.35));
#11375 = SURFACE_CURVE('',#11376,(#11380,#11392),.PCURVE_S1.);
#11376 = LINE('',#11377,#11378);
#11377 = CARTESIAN_POINT('',(50.8,0.,0.));
#11378 = VECTOR('',#11379,25.4);
#11379 = DIRECTION('',(0.,0.,1.));
#11380 = PCURVE('',#11381,#11386);
#11381 = PLANE('',#11382);
#11382 = AXIS2_PLACEMENT_3D('',#11383,#11384,#11385);
#11383 = CARTESIAN_POINT('',(50.8,0.,0.));
#11384 = DIRECTION('',(1.,0.,-0.));
#11385 = DIRECTION('',(0.,0.,1.));
#11386 = DEFINITIONAL_REPRESENTATION('',(#11387),#11391);
#11387 = LINE('',#11388,#11389);
#11388 = CARTESIAN_POINT('',(0.,0.));
#11389 = VECTOR('',#11390,1.);
#11390 = DIRECTION('',(1.,0.));
#11391 = ( GEOMETRIC_REPRESENTATION_CONTEXT(2) 
PARAMETRIC_REPRESENTATION_CONTEXT() REPRESENTATION_CONTEXT('2D SPACE',''
  ) );
#11392 = PCURVE('',#11273,#11393);
#11393 = DEFINITIONAL_REPRESENTATION('',(#11394),#11398);
#11394 = LINE('',#11395,#11396);
#11395 = CARTESIAN_POINT('',(0.,50.8));
#11396 = VECTOR('',#11397,1.);
#11397 = DIRECTION('',(1.,0.));
#11398 = ( GEOMETRIC_REPRESENTATION_CONTEXT(2) 
PARAMETRIC_REPRESENTATION_CONTEXT() REPRESENTATION_CONTEXT('2D SPACE',''
  ) );
#11399 = ORIENTED_EDGE('',*,*,#11400,.T.);
#11400 = EDGE_CURVE('',#11371,#11401,#11403,.T.);
#11401 = VERTEX_POINT('',#11402);
#11402 = CARTESIAN_POINT('',(50.8,228.6,0.));
#11403 = SURFACE_CURVE('',#11404,(#11408,#11415),.PCURVE_S1.);
#11404 = LINE('',#11405,#11406);
#11405 = CARTESIAN_POINT('',(50.8,0.,0.));
#11406 = VECTOR('',#11407,25.4);
#11407 = DIRECTION('',(-0.,1.,0.));
#11408 = PCURVE('',#11381,#11409);
#11409 = DEFINITIONAL_REPRESENTATION('',(#11410),#11414);
#11410 = LINE('',#11411,#11412);
#11411 = CARTESIAN_POINT('',(0.,0.));
#11412 = VECTOR('',#11413,1.);
#11413 = DIRECTION('',(0.,-1.));
#11414 = ( GEOMETRIC_REPRESENTATION_CONTEXT(2) 
PARAMETRIC_REPRESENTATION_CONTEXT() REPRESENTATION_CONTEXT('2D SPACE',''
  ) );
#11415 = PCURVE('',#11301,#11416);
#11416 = DEFINITIONAL_REPRESENTATION('',(#11417),#11421);
#11417 = LINE('',#11418,#11419);
#11418 = CARTESIAN_POINT('',(50.8,0.));
#11419 = VECTOR('',#11420,1.);
#11420 = DIRECTION('',(0.,1.));
#11421 = ( GEOMETRIC_REPRESENTATION_CONTEXT(2) 
PARAMETRIC_REPRESENTATION_CONTEXT() REPRESENTATION_CONTEXT('2D SPACE',''
  ) );
#11422 = ORIENTED_EDGE('',*,*,#11423,.T.);
#11423 = EDGE_CURVE('',#11401,#11424,#11426,.T.);
#11424 = VERTEX_POINT('',#11425);
#11425 = CARTESIAN_POINT('',(50.8,228.6,6.35));
#11426 = SURFACE_CURVE('',#11427,(#11431,#11438),.PCURVE_S1.);
#11427 = LINE('',#11428,#11429);
#11428 = CARTESIAN_POINT('',(50.8,228.6,0.));
#11429 = VECTOR('',#11430,25.4);
#11430 = DIRECTION('',(0.,0.,1.));
#11431 = PCURVE('',#11381,#11432);
#11432 = DEFINITIONAL_REPRESENTATION('',(#11433),#11437);
#11433 = LINE('',#11434,#11435);
#11434 = CARTESIAN_POINT('',(0.,-228.6));
#11435 = VECTOR('',#11436,1.);
#11436 = DIRECTION('',(1.,0.));
#11437 = ( GEOMETRIC_REPRESENTATION_CONTEXT(2) 
PARAMETRIC_REPRESENTATION_CONTEXT() REPRESENTATION_CONTEXT('2D SPACE',''
  ) );
#11438 = PCURVE('',#11329,#11439);
#11439 = DEFINITIONAL_REPRESENTATION('',(#11440),#11444);
#11440 = LINE('',#11441,#11442);
#11441 = CARTESIAN_POINT('',(0.,50.8));
#11442 = VECTOR('',#11443,1.);
#11443 = DIRECTION('',(1.,0.));
#11444 = ( GEOMETRIC_REPRESENTATION_CONTEXT(2) 
PARAMETRIC_REPRESENTATION_CONTEXT() REPRESENTATION_CONTEXT('2D SPACE',''
  ) );
#11445 = ORIENTED_EDGE('',*,*,#11446,.F.);
#11446 = EDGE_CURVE('',#11373,#11424,#11447,.T.);
#11447 = SURFACE_CURVE('',#11448,(#11452,#11459),.PCURVE_S1.);
#11448 = LINE('',#11449,#11450);
#11449 = CARTESIAN_POINT('',(50.8,0.,6.35));
#11450 = VECTOR('',#11451,25.4);
#11451 = DIRECTION('',(-0.,1.,0.));
#11452 = PCURVE('',#11381,#11453);
#11453 = DEFINITIONAL_REPRESENTATION('',(#11454),#11458);
#11454 = LINE('',#11455,#11456);
#11455 = CARTESIAN_POINT('',(6.35,0.));
#11456 = VECTOR('',#11457,1.);
#11457 = DIRECTION('',(0.,-1.));
#11458 = ( GEOMETRIC_REPRESENTATION_CONTEXT(2) 
PARAMETRIC_REPRESENTATION_CONTEXT() REPRESENTATION_CONTEXT('2D SPACE',''
  ) );
#11459 = PCURVE('',#11355,#11460);
#11460 = DEFINITIONAL_REPRESENTATION('',(#11461),#11465);
#11461 = LINE('',#11462,#11463);
#11462 = CARTESIAN_POINT('',(50.8,0.));
#11463 = VECTOR('',#11464,1.);
#11464 = DIRECTION('',(0.,1.));
#11465 = ( GEOMETRIC_REPRESENTATION_CONTEXT(2) 
PARAMETRIC_REPRESENTATION_CONTEXT() REPRESENTATION_CONTEXT('2D SPACE',''
  ) );
#11466 = ADVANCED_FACE('',(#11467),#11273,.F.);
#11467 = FACE_BOUND('',#11468,.F.);
#11468 = EDGE_LOOP('',(#11469,#11490,#11491,#11512));
#11469 = ORIENTED_EDGE('',*,*,#11470,.F.);
#11470 = EDGE_CURVE('',#11251,#11371,#11471,.T.);
#11471 = SURFACE_CURVE('',#11472,(#11476,#11483),.PCURVE_S1.);
#11472 = LINE('',#11473,#11474);
#11473 = CARTESIAN_POINT('',(0.,0.,0.));
#11474 = VECTOR('',#11475,25.4);
#11475 = DIRECTION('',(1.,0.,-0.));
#11476 = PCURVE('',#11273,#11477);
#11477 = DEFINITIONAL_REPRESENTATION('',(#11478),#11482);
#11478 = LINE('',#11479,#11480);
#11479 = CARTESIAN_POINT('',(0.,0.));
#11480 = VECTOR('',#11481,1.);
#11481 = DIRECTION('',(0.,1.));
#11482 = ( GEOMETRIC_REPRESENTATION_CONTEXT(2) 
PARAMETRIC_REPRESENTATION_CONTEXT() REPRESENTATION_CONTEXT('2D SPACE',''
  ) );
#11483 = PCURVE('',#11301,#11484);
#11484 = DEFINITIONAL_REPRESENTATION('',(#11485),#11489);
#11485 = LINE('',#11486,#11487);
#11486 = CARTESIAN_POINT('',(0.,0.));
#11487 = VECTOR('',#11488,1.);
#11488 = DIRECTION('',(1.,0.));
#11489 = ( GEOMETRIC_REPRESENTATION_CONTEXT(2) 
PARAMETRIC_REPRESENTATION_CONTEXT() REPRESENTATION_CONTEXT('2D SPACE',''
  ) );
#11490 = ORIENTED_EDGE('',*,*,#11250,.T.);
#11491 = ORIENTED_EDGE('',*,*,#11492,.T.);
#11492 = EDGE_CURVE('',#11253,#11373,#11493,.T.);
#11493 = SURFACE_CURVE('',#11494,(#11498,#11505),.PCURVE_S1.);
#11494 = LINE('',#11495,#11496);
#11495 = CARTESIAN_POINT('',(0.,0.,6.35));
#11496 = VECTOR('',#11497,25.4);
#11497 = DIRECTION('',(1.,0.,-0.));
#11498 = PCURVE('',#11273,#11499);
#11499 = DEFINITIONAL_REPRESENTATION('',(#11500),#11504);
#11500 = LINE('',#11501,#11502);
#11501 = CARTESIAN_POINT('',(6.35,0.));
#11502 = VECTOR('',#11503,1.);
#11503 = DIRECTION('',(0.,1.));
#11504 = ( GEOMETRIC_REPRESENTATION_CONTEXT(2) 
PARAMETRIC_REPRESENTATION_CONTEXT() REPRESENTATION_CONTEXT('2D SPACE',''
  ) );
#11505 = PCURVE('',#11355,#11506);
#11506 = DEFINITIONAL_REPRESENTATION('',(#11507),#11511);
#11507 = LINE('',#11508,#11509);
#11508 = CARTESIAN_POINT('',(0.,0.));
#11509 = VECTOR('',#11510,1.);
#11510 = DIRECTION('',(1.,0.));
#11511 = ( GEOMETRIC_REPRESENTATION_CONTEXT(2) 
PARAMETRIC_REPRESENTATION_CONTEXT() REPRESENTATION_CONTEXT('2D SPACE',''
  ) );
#11512 = ORIENTED_EDGE('',*,*,#11370,.F.);
#11513 = ADVANCED_FACE('',(#11514),#11329,.T.);
#11514 = FACE_BOUND('',#11515,.T.);
#11515 = EDGE_LOOP('',(#11516,#11537,#11538,#11559));
#11516 = ORIENTED_EDGE('',*,*,#11517,.F.);
#11517 = EDGE_CURVE('',#11286,#11401,#11518,.T.);
#11518 = SURFACE_CURVE('',#11519,(#11523,#11530),.PCURVE_S1.);
#11519 = LINE('',#11520,#11521);
#11520 = CARTESIAN_POINT('',(0.,228.6,0.));
#11521 = VECTOR('',#11522,25.4);
#11522 = DIRECTION('',(1.,0.,-0.));
#11523 = PCURVE('',#11329,#11524);
#11524 = DEFINITIONAL_REPRESENTATION('',(#11525),#11529);
#11525 = LINE('',#11526,#11527);
#11526 = CARTESIAN_POINT('',(0.,0.));
#11527 = VECTOR('',#11528,1.);
#11528 = DIRECTION('',(0.,1.));
#11529 = ( GEOMETRIC_REPRESENTATION_CONTEXT(2) 
PARAMETRIC_REPRESENTATION_CONTEXT() REPRESENTATION_CONTEXT('2D SPACE',''
  ) );
#11530 = PCURVE('',#11301,#11531);
#11531 = DEFINITIONAL_REPRESENTATION('',(#11532),#11536);
#11532 = LINE('',#11533,#11534);
#11533 = CARTESIAN_POINT('',(0.,228.6));
#11534 = VECTOR('',#11535,1.);
#11535 = DIRECTION('',(1.,0.));
#11536 = ( GEOMETRIC_REPRESENTATION_CONTEXT(2) 
PARAMETRIC_REPRESENTATION_CONTEXT() REPRESENTATION_CONTEXT('2D SPACE',''
  ) );
#11537 = ORIENTED_EDGE('',*,*,#11313,.T.);
#11538 = ORIENTED_EDGE('',*,*,#11539,.T.);
#11539 = EDGE_CURVE('',#11314,#11424,#11540,.T.);
#11540 = SURFACE_CURVE('',#11541,(#11545,#11552),.PCURVE_S1.);
#11541 = LINE('',#11542,#11543);
#11542 = CARTESIAN_POINT('',(0.,228.6,6.35));
#11543 = VECTOR('',#11544,25.4);
#11544 = DIRECTION('',(1.,0.,-0.));
#11545 = PCURVE('',#11329,#11546);
#11546 = DEFINITIONAL_REPRESENTATION('',(#11547),#11551);
#11547 = LINE('',#11548,#11549);
#11548 = CARTESIAN_POINT('',(6.35,0.));
#11549 = VECTOR('',#11550,1.);
#11550 = DIRECTION('',(0.,1.));
#11551 = ( GEOMETRIC_REPRESENTATION_CONTEXT(2) 
PARAMETRIC_REPRESENTATION_CONTEXT() REPRESENTATION_CONTEXT('2D SPACE',''
  ) );
#11552 = PCURVE('',#11355,#11553);
#11553 = DEFINITIONAL_REPRESENTATION('',(#11554),#11558);
#11554 = LINE('',#11555,#11556);
#11555 = CARTESIAN_POINT('',(0.,228.6));
#11556 = VECTOR('',#11557,1.);
#11557 = DIRECTION('',(1.,0.));
#11558 = ( GEOMETRIC_REPRESENTATION_CONTEXT(2) 
PARAMETRIC_REPRESENTATION_CONTEXT() REPRESENTATION_CONTEXT('2D SPACE',''
  ) );
#11559 = ORIENTED_EDGE('',*,*,#11423,.F.);
#11560 = ADVANCED_FACE('',(#11561),#11301,.F.);
#11561 = FACE_BOUND('',#11562,.F.);
#11562 = EDGE_LOOP('',(#11563,#11564,#11565,#11566));
#11563 = ORIENTED_EDGE('',*,*,#11285,.F.);
#11564 = ORIENTED_EDGE('',*,*,#11470,.T.);
#11565 = ORIENTED_EDGE('',*,*,#11400,.T.);
#11566 = ORIENTED_EDGE('',*,*,#11517,.F.);
#11567 = ADVANCED_FACE('',(#11568),#11355,.T.);
#11568 = FACE_BOUND('',#11569,.T.);
#11569 = EDGE_LOOP('',(#11570,#11571,#11572,#11573));
#11570 = ORIENTED_EDGE('',*,*,#11341,.F.);
#11571 = ORIENTED_EDGE('',*,*,#11492,.T.);
#11572 = ORIENTED_EDGE('',*,*,#11446,.T.);
#11573 = ORIENTED_EDGE('',*,*,#11539,.F.);
#11574 = ( GEOMETRIC_REPRESENTATION_CONTEXT(3) 
GLOBAL_UNCERTAINTY_ASSIGNED_CONTEXT((#11578)) 
GLOBAL_UNIT_ASSIGNED_CONTEXT((#11575,#11576,#11577)) 
REPRESENTATION_CONTEXT('Context #1',
  '3D Context with UNIT and UNCERTAINTY') );
#11575 = ( LENGTH_UNIT() NAMED_UNIT(*) SI_UNIT(.MILLI.,.METRE.) );
#11576 = ( NAMED_UNIT(*) PLANE_ANGLE_UNIT() SI_UNIT($,.RADIAN.) );
#11577 = ( NAMED_UNIT(*) SI_UNIT($,.STERADIAN.) SOLID_ANGLE_UNIT() );
#11578 = UNCERTAINTY_MEASURE_WITH_UNIT(LENGTH_MEASURE(2.54E-06),#11575,
  'distance_accuracy_value','confusion accuracy');
#11579 = CONTEXT_DEPENDENT_SHAPE_REPRESENTATION(#11580,#11582);
#11580 = ( REPRESENTATION_RELATIONSHIP('','',#11243,#10) 
REPRESENTATION_RELATIONSHIP_WITH_TRANSFORMATION(#11581) 
SHAPE_REPRESENTATION_RELATIONSHIP() );
#11581 = ITEM_DEFINED_TRANSFORMATION('','',#11,#111);
#11582 = PRODUCT_DEFINITION_SHAPE('Placement','Placement of an item',
  #11583);
#11583 = NEXT_ASSEMBLY_USAGE_OCCURRENCE('25','Lever Cross','',#5,#11238,
  $);
#11584 = PRODUCT_RELATED_PRODUCT_CATEGORY('part',$,(#11240));
#11585 = SHAPE_DEFINITION_REPRESENTATION(#11586,#11592);
#11586 = PRODUCT_DEFINITION_SHAPE('','',#11587);
#11587 = PRODUCT_DEFINITION('design','',#11588,#11591);
#11588 = PRODUCT_DEFINITION_FORMATION('','',#11589);
#11589 = PRODUCT('Lever Cross','Lever Cross','',(#11590));
#11590 = PRODUCT_CONTEXT('',#2,'mechanical');
#11591 = PRODUCT_DEFINITION_CONTEXT('part definition',#2,'design');
#11592 = ADVANCED_BREP_SHAPE_REPRESENTATION('',(#11,#11593),#11923);
#11593 = MANIFOLD_SOLID_BREP('',#11594);
#11594 = CLOSED_SHELL('',(#11595,#11715,#11815,#11862,#11909,#11916));
#11595 = ADVANCED_FACE('',(#11596),#11610,.F.);
#11596 = FACE_BOUND('',#11597,.F.);
#11597 = EDGE_LOOP('',(#11598,#11633,#11661,#11689));
#11598 = ORIENTED_EDGE('',*,*,#11599,.F.);
#11599 = EDGE_CURVE('',#11600,#11602,#11604,.T.);
#11600 = VERTEX_POINT('',#11601);
#11601 = CARTESIAN_POINT('',(0.,0.,0.));
#11602 = VERTEX_POINT('',#11603);
#11603 = CARTESIAN_POINT('',(0.,0.,6.35));
#11604 = SURFACE_CURVE('',#11605,(#11609,#11621),.PCURVE_S1.);
#11605 = LINE('',#11606,#11607);
#11606 = CARTESIAN_POINT('',(0.,0.,0.));
#11607 = VECTOR('',#11608,25.4);
#11608 = DIRECTION('',(0.,0.,1.));
#11609 = PCURVE('',#11610,#11615);
#11610 = PLANE('',#11611);
#11611 = AXIS2_PLACEMENT_3D('',#11612,#11613,#11614);
#11612 = CARTESIAN_POINT('',(0.,0.,0.));
#11613 = DIRECTION('',(1.,0.,-0.));
#11614 = DIRECTION('',(0.,0.,1.));
#11615 = DEFINITIONAL_REPRESENTATION('',(#11616),#11620);
#11616 = LINE('',#11617,#11618);
#11617 = CARTESIAN_POINT('',(0.,0.));
#11618 = VECTOR('',#11619,1.);
#11619 = DIRECTION('',(1.,0.));
#11620 = ( GEOMETRIC_REPRESENTATION_CONTEXT(2) 
PARAMETRIC_REPRESENTATION_CONTEXT() REPRESENTATION_CONTEXT('2D SPACE',''
  ) );
#11621 = PCURVE('',#11622,#11627);
#11622 = PLANE('',#11623);
#11623 = AXIS2_PLACEMENT_3D('',#11624,#11625,#11626);
#11624 = CARTESIAN_POINT('',(0.,0.,0.));
#11625 = DIRECTION('',(-0.,1.,0.));
#11626 = DIRECTION('',(0.,0.,1.));
#11627 = DEFINITIONAL_REPRESENTATION('',(#11628),#11632);
#11628 = LINE('',#11629,#11630);
#11629 = CARTESIAN_POINT('',(0.,0.));
#11630 = VECTOR('',#11631,1.);
#11631 = DIRECTION('',(1.,0.));
#11632 = ( GEOMETRIC_REPRESENTATION_CONTEXT(2) 
PARAMETRIC_REPRESENTATION_CONTEXT() REPRESENTATION_CONTEXT('2D SPACE',''
  ) );
#11633 = ORIENTED_EDGE('',*,*,#11634,.T.);
#11634 = EDGE_CURVE('',#11600,#11635,#11637,.T.);
#11635 = VERTEX_POINT('',#11636);
#11636 = CARTESIAN_POINT('',(0.,228.6,0.));
#11637 = SURFACE_CURVE('',#11638,(#11642,#11649),.PCURVE_S1.);
#11638 = LINE('',#11639,#11640);
#11639 = CARTESIAN_POINT('',(0.,0.,0.));
#11640 = VECTOR('',#11641,25.4);
#11641 = DIRECTION('',(-0.,1.,0.));
#11642 = PCURVE('',#11610,#11643);
#11643 = DEFINITIONAL_REPRESENTATION('',(#11644),#11648);
#11644 = LINE('',#11645,#11646);
#11645 = CARTESIAN_POINT('',(0.,0.));
#11646 = VECTOR('',#11647,1.);
#11647 = DIRECTION('',(0.,-1.));
#11648 = ( GEOMETRIC_REPRESENTATION_CONTEXT(2) 
PARAMETRIC_REPRESENTATION_CONTEXT() REPRESENTATION_CONTEXT('2D SPACE',''
  ) );
#11649 = PCURVE('',#11650,#11655);
#11650 = PLANE('',#11651);
#11651 = AXIS2_PLACEMENT_3D('',#11652,#11653,#11654);
#11652 = CARTESIAN_POINT('',(0.,0.,0.));
#11653 = DIRECTION('',(0.,0.,1.));
#11654 = DIRECTION('',(1.,0.,-0.));
#11655 = DEFINITIONAL_REPRESENTATION('',(#11656),#11660);
#11656 = LINE('',#11657,#11658);
#11657 = CARTESIAN_POINT('',(0.,0.));
#11658 = VECTOR('',#11659,1.);
#11659 = DIRECTION('',(0.,1.));
#11660 = ( GEOMETRIC_REPRESENTATION_CONTEXT(2) 
PARAMETRIC_REPRESENTATION_CONTEXT() REPRESENTATION_CONTEXT('2D SPACE',''
  ) );
#11661 = ORIENTED_EDGE('',*,*,#11662,.T.);
#11662 = EDGE_CURVE('',#11635,#11663,#11665,.T.);
#11663 = VERTEX_POINT('',#11664);
#11664 = CARTESIAN_POINT('',(0.,228.6,6.35));
#11665 = SURFACE_CURVE('',#11666,(#11670,#11677),.PCURVE_S1.);
#11666 = LINE('',#11667,#11668);
#11667 = CARTESIAN_POINT('',(0.,228.6,0.));
#11668 = VECTOR('',#11669,25.4);
#11669 = DIRECTION('',(0.,0.,1.));
#11670 = PCURVE('',#11610,#11671);
#11671 = DEFINITIONAL_REPRESENTATION('',(#11672),#11676);
#11672 = LINE('',#11673,#11674);
#11673 = CARTESIAN_POINT('',(0.,-228.6));
#11674 = VECTOR('',#11675,1.);
#11675 = DIRECTION('',(1.,0.));
#11676 = ( GEOMETRIC_REPRESENTATION_CONTEXT(2) 
PARAMETRIC_REPRESENTATION_CONTEXT() REPRESENTATION_CONTEXT('2D SPACE',''
  ) );
#11677 = PCURVE('',#11678,#11683);
#11678 = PLANE('',#11679);
#11679 = AXIS2_PLACEMENT_3D('',#11680,#11681,#11682);
#11680 = CARTESIAN_POINT('',(0.,228.6,0.));
#11681 = DIRECTION('',(-0.,1.,0.));
#11682 = DIRECTION('',(0.,0.,1.));
#11683 = DEFINITIONAL_REPRESENTATION('',(#11684),#11688);
#11684 = LINE('',#11685,#11686);
#11685 = CARTESIAN_POINT('',(0.,0.));
#11686 = VECTOR('',#11687,1.);
#11687 = DIRECTION('',(1.,0.));
#11688 = ( GEOMETRIC_REPRESENTATION_CONTEXT(2) 
PARAMETRIC_REPRESENTATION_CONTEXT() REPRESENTATION_CONTEXT('2D SPACE',''
  ) );
#11689 = ORIENTED_EDGE('',*,*,#11690,.F.);
#11690 = EDGE_CURVE('',#11602,#11663,#11691,.T.);
#11691 = SURFACE_CURVE('',#11692,(#11696,#11703),.PCURVE_S1.);
#11692 = LINE('',#11693,#11694);
#11693 = CARTESIAN_POINT('',(0.,0.,6.35));
#11694 = VECTOR('',#11695,25.4);
#11695 = DIRECTION('',(-0.,1.,0.));
#11696 = PCURVE('',#11610,#11697);
#11697 = DEFINITIONAL_REPRESENTATION('',(#11698),#11702);
#11698 = LINE('',#11699,#11700);
#11699 = CARTESIAN_POINT('',(6.35,0.));
#11700 = VECTOR('',#11701,1.);
#11701 = DIRECTION('',(0.,-1.));
#11702 = ( GEOMETRIC_REPRESENTATION_CONTEXT(2) 
PARAMETRIC_REPRESENTATION_CONTEXT() REPRESENTATION_CONTEXT('2D SPACE',''
  ) );
#11703 = PCURVE('',#11704,#11709);
#11704 = PLANE('',#11705);
#11705 = AXIS2_PLACEMENT_3D('',#11706,#11707,#11708);
#11706 = CARTESIAN_POINT('',(0.,0.,6.35));
#11707 = DIRECTION('',(0.,0.,1.));
#11708 = DIRECTION('',(1.,0.,-0.));
#11709 = DEFINITIONAL_REPRESENTATION('',(#11710),#11714);
#11710 = LINE('',#11711,#11712);
#11711 = CARTESIAN_POINT('',(0.,0.));
#11712 = VECTOR('',#11713,1.);
#11713 = DIRECTION('',(0.,1.));
#11714 = ( GEOMETRIC_REPRESENTATION_CONTEXT(2) 
PARAMETRIC_REPRESENTATION_CONTEXT() REPRESENTATION_CONTEXT('2D SPACE',''
  ) );
#11715 = ADVANCED_FACE('',(#11716),#11730,.T.);
#11716 = FACE_BOUND('',#11717,.T.);
#11717 = EDGE_LOOP('',(#11718,#11748,#11771,#11794));
#11718 = ORIENTED_EDGE('',*,*,#11719,.F.);
#11719 = EDGE_CURVE('',#11720,#11722,#11724,.T.);
#11720 = VERTEX_POINT('',#11721);
#11721 = CARTESIAN_POINT('',(50.8,0.,0.));
#11722 = VERTEX_POINT('',#11723);
#11723 = CARTESIAN_POINT('',(50.8,0.,6.35));
#11724 = SURFACE_CURVE('',#11725,(#11729,#11741),.PCURVE_S1.);
#11725 = LINE('',#11726,#11727);
#11726 = CARTESIAN_POINT('',(50.8,0.,0.));
#11727 = VECTOR('',#11728,25.4);
#11728 = DIRECTION('',(0.,0.,1.));
#11729 = PCURVE('',#11730,#11735);
#11730 = PLANE('',#11731);
#11731 = AXIS2_PLACEMENT_3D('',#11732,#11733,#11734);
#11732 = CARTESIAN_POINT('',(50.8,0.,0.));
#11733 = DIRECTION('',(1.,0.,-0.));
#11734 = DIRECTION('',(0.,0.,1.));
#11735 = DEFINITIONAL_REPRESENTATION('',(#11736),#11740);
#11736 = LINE('',#11737,#11738);
#11737 = CARTESIAN_POINT('',(0.,0.));
#11738 = VECTOR('',#11739,1.);
#11739 = DIRECTION('',(1.,0.));
#11740 = ( GEOMETRIC_REPRESENTATION_CONTEXT(2) 
PARAMETRIC_REPRESENTATION_CONTEXT() REPRESENTATION_CONTEXT('2D SPACE',''
  ) );
#11741 = PCURVE('',#11622,#11742);
#11742 = DEFINITIONAL_REPRESENTATION('',(#11743),#11747);
#11743 = LINE('',#11744,#11745);
#11744 = CARTESIAN_POINT('',(0.,50.8));
#11745 = VECTOR('',#11746,1.);
#11746 = DIRECTION('',(1.,0.));
#11747 = ( GEOMETRIC_REPRESENTATION_CONTEXT(2) 
PARAMETRIC_REPRESENTATION_CONTEXT() REPRESENTATION_CONTEXT('2D SPACE',''
  ) );
#11748 = ORIENTED_EDGE('',*,*,#11749,.T.);
#11749 = EDGE_CURVE('',#11720,#11750,#11752,.T.);
#11750 = VERTEX_POINT('',#11751);
#11751 = CARTESIAN_POINT('',(50.8,228.6,0.));
#11752 = SURFACE_CURVE('',#11753,(#11757,#11764),.PCURVE_S1.);
#11753 = LINE('',#11754,#11755);
#11754 = CARTESIAN_POINT('',(50.8,0.,0.));
#11755 = VECTOR('',#11756,25.4);
#11756 = DIRECTION('',(-0.,1.,0.));
#11757 = PCURVE('',#11730,#11758);
#11758 = DEFINITIONAL_REPRESENTATION('',(#11759),#11763);
#11759 = LINE('',#11760,#11761);
#11760 = CARTESIAN_POINT('',(0.,0.));
#11761 = VECTOR('',#11762,1.);
#11762 = DIRECTION('',(0.,-1.));
#11763 = ( GEOMETRIC_REPRESENTATION_CONTEXT(2) 
PARAMETRIC_REPRESENTATION_CONTEXT() REPRESENTATION_CONTEXT('2D SPACE',''
  ) );
#11764 = PCURVE('',#11650,#11765);
#11765 = DEFINITIONAL_REPRESENTATION('',(#11766),#11770);
#11766 = LINE('',#11767,#11768);
#11767 = CARTESIAN_POINT('',(50.8,0.));
#11768 = VECTOR('',#11769,1.);
#11769 = DIRECTION('',(0.,1.));
#11770 = ( GEOMETRIC_REPRESENTATION_CONTEXT(2) 
PARAMETRIC_REPRESENTATION_CONTEXT() REPRESENTATION_CONTEXT('2D SPACE',''
  ) );
#11771 = ORIENTED_EDGE('',*,*,#11772,.T.);
#11772 = EDGE_CURVE('',#11750,#11773,#11775,.T.);
#11773 = VERTEX_POINT('',#11774);
#11774 = CARTESIAN_POINT('',(50.8,228.6,6.35));
#11775 = SURFACE_CURVE('',#11776,(#11780,#11787),.PCURVE_S1.);
#11776 = LINE('',#11777,#11778);
#11777 = CARTESIAN_POINT('',(50.8,228.6,0.));
#11778 = VECTOR('',#11779,25.4);
#11779 = DIRECTION('',(0.,0.,1.));
#11780 = PCURVE('',#11730,#11781);
#11781 = DEFINITIONAL_REPRESENTATION('',(#11782),#11786);
#11782 = LINE('',#11783,#11784);
#11783 = CARTESIAN_POINT('',(0.,-228.6));
#11784 = VECTOR('',#11785,1.);
#11785 = DIRECTION('',(1.,0.));
#11786 = ( GEOMETRIC_REPRESENTATION_CONTEXT(2) 
PARAMETRIC_REPRESENTATION_CONTEXT() REPRESENTATION_CONTEXT('2D SPACE',''
  ) );
#11787 = PCURVE('',#11678,#11788);
#11788 = DEFINITIONAL_REPRESENTATION('',(#11789),#11793);
#11789 = LINE('',#11790,#11791);
#11790 = CARTESIAN_POINT('',(0.,50.8));
#11791 = VECTOR('',#11792,1.);
#11792 = DIRECTION('',(1.,0.));
#11793 = ( GEOMETRIC_REPRESENTATION_CONTEXT(2) 
PARAMETRIC_REPRESENTATION_CONTEXT() REPRESENTATION_CONTEXT('2D SPACE',''
  ) );
#11794 = ORIENTED_EDGE('',*,*,#11795,.F.);
#11795 = EDGE_CURVE('',#11722,#11773,#11796,.T.);
#11796 = SURFACE_CURVE('',#11797,(#11801,#11808),.PCURVE_S1.);
#11797 = LINE('',#11798,#11799);
#11798 = CARTESIAN_POINT('',(50.8,0.,6.35));
#11799 = VECTOR('',#11800,25.4);
#11800 = DIRECTION('',(-0.,1.,0.));
#11801 = PCURVE('',#11730,#11802);
#11802 = DEFINITIONAL_REPRESENTATION('',(#11803),#11807);
#11803 = LINE('',#11804,#11805);
#11804 = CARTESIAN_POINT('',(6.35,0.));
#11805 = VECTOR('',#11806,1.);
#11806 = DIRECTION('',(0.,-1.));
#11807 = ( GEOMETRIC_REPRESENTATION_CONTEXT(2) 
PARAMETRIC_REPRESENTATION_CONTEXT() REPRESENTATION_CONTEXT('2D SPACE',''
  ) );
#11808 = PCURVE('',#11704,#11809);
#11809 = DEFINITIONAL_REPRESENTATION('',(#11810),#11814);
#11810 = LINE('',#11811,#11812);
#11811 = CARTESIAN_POINT('',(50.8,0.));
#11812 = VECTOR('',#11813,1.);
#11813 = DIRECTION('',(0.,1.));
#11814 = ( GEOMETRIC_REPRESENTATION_CONTEXT(2) 
PARAMETRIC_REPRESENTATION_CONTEXT() REPRESENTATION_CONTEXT('2D SPACE',''
  ) );
#11815 = ADVANCED_FACE('',(#11816),#11622,.F.);
#11816 = FACE_BOUND('',#11817,.F.);
#11817 = EDGE_LOOP('',(#11818,#11839,#11840,#11861));
#11818 = ORIENTED_EDGE('',*,*,#11819,.F.);
#11819 = EDGE_CURVE('',#11600,#11720,#11820,.T.);
#11820 = SURFACE_CURVE('',#11821,(#11825,#11832),.PCURVE_S1.);
#11821 = LINE('',#11822,#11823);
#11822 = CARTESIAN_POINT('',(0.,0.,0.));
#11823 = VECTOR('',#11824,25.4);
#11824 = DIRECTION('',(1.,0.,-0.));
#11825 = PCURVE('',#11622,#11826);
#11826 = DEFINITIONAL_REPRESENTATION('',(#11827),#11831);
#11827 = LINE('',#11828,#11829);
#11828 = CARTESIAN_POINT('',(0.,0.));
#11829 = VECTOR('',#11830,1.);
#11830 = DIRECTION('',(0.,1.));
#11831 = ( GEOMETRIC_REPRESENTATION_CONTEXT(2) 
PARAMETRIC_REPRESENTATION_CONTEXT() REPRESENTATION_CONTEXT('2D SPACE',''
  ) );
#11832 = PCURVE('',#11650,#11833);
#11833 = DEFINITIONAL_REPRESENTATION('',(#11834),#11838);
#11834 = LINE('',#11835,#11836);
#11835 = CARTESIAN_POINT('',(0.,0.));
#11836 = VECTOR('',#11837,1.);
#11837 = DIRECTION('',(1.,0.));
#11838 = ( GEOMETRIC_REPRESENTATION_CONTEXT(2) 
PARAMETRIC_REPRESENTATION_CONTEXT() REPRESENTATION_CONTEXT('2D SPACE',''
  ) );
#11839 = ORIENTED_EDGE('',*,*,#11599,.T.);
#11840 = ORIENTED_EDGE('',*,*,#11841,.T.);
#11841 = EDGE_CURVE('',#11602,#11722,#11842,.T.);
#11842 = SURFACE_CURVE('',#11843,(#11847,#11854),.PCURVE_S1.);
#11843 = LINE('',#11844,#11845);
#11844 = CARTESIAN_POINT('',(0.,0.,6.35));
#11845 = VECTOR('',#11846,25.4);
#11846 = DIRECTION('',(1.,0.,-0.));
#11847 = PCURVE('',#11622,#11848);
#11848 = DEFINITIONAL_REPRESENTATION('',(#11849),#11853);
#11849 = LINE('',#11850,#11851);
#11850 = CARTESIAN_POINT('',(6.35,0.));
#11851 = VECTOR('',#11852,1.);
#11852 = DIRECTION('',(0.,1.));
#11853 = ( GEOMETRIC_REPRESENTATION_CONTEXT(2) 
PARAMETRIC_REPRESENTATION_CONTEXT() REPRESENTATION_CONTEXT('2D SPACE',''
  ) );
#11854 = PCURVE('',#11704,#11855);
#11855 = DEFINITIONAL_REPRESENTATION('',(#11856),#11860);
#11856 = LINE('',#11857,#11858);
#11857 = CARTESIAN_POINT('',(0.,0.));
#11858 = VECTOR('',#11859,1.);
#11859 = DIRECTION('',(1.,0.));
#11860 = ( GEOMETRIC_REPRESENTATION_CONTEXT(2) 
PARAMETRIC_REPRESENTATION_CONTEXT() REPRESENTATION_CONTEXT('2D SPACE',''
  ) );
#11861 = ORIENTED_EDGE('',*,*,#11719,.F.);
#11862 = ADVANCED_FACE('',(#11863),#11678,.T.);
#11863 = FACE_BOUND('',#11864,.T.);
#11864 = EDGE_LOOP('',(#11865,#11886,#11887,#11908));
#11865 = ORIENTED_EDGE('',*,*,#11866,.F.);
#11866 = EDGE_CURVE('',#11635,#11750,#11867,.T.);
#11867 = SURFACE_CURVE('',#11868,(#11872,#11879),.PCURVE_S1.);
#11868 = LINE('',#11869,#11870);
#11869 = CARTESIAN_POINT('',(0.,228.6,0.));
#11870 = VECTOR('',#11871,25.4);
#11871 = DIRECTION('',(1.,0.,-0.));
#11872 = PCURVE('',#11678,#11873);
#11873 = DEFINITIONAL_REPRESENTATION('',(#11874),#11878);
#11874 = LINE('',#11875,#11876);
#11875 = CARTESIAN_POINT('',(0.,0.));
#11876 = VECTOR('',#11877,1.);
#11877 = DIRECTION('',(0.,1.));
#11878 = ( GEOMETRIC_REPRESENTATION_CONTEXT(2) 
PARAMETRIC_REPRESENTATION_CONTEXT() REPRESENTATION_CONTEXT('2D SPACE',''
  ) );
#11879 = PCURVE('',#11650,#11880);
#11880 = DEFINITIONAL_REPRESENTATION('',(#11881),#11885);
#11881 = LINE('',#11882,#11883);
#11882 = CARTESIAN_POINT('',(0.,228.6));
#11883 = VECTOR('',#11884,1.);
#11884 = DIRECTION('',(1.,0.));
#11885 = ( GEOMETRIC_REPRESENTATION_CONTEXT(2) 
PARAMETRIC_REPRESENTATION_CONTEXT() REPRESENTATION_CONTEXT('2D SPACE',''
  ) );
#11886 = ORIENTED_EDGE('',*,*,#11662,.T.);
#11887 = ORIENTED_EDGE('',*,*,#11888,.T.);
#11888 = EDGE_CURVE('',#11663,#11773,#11889,.T.);
#11889 = SURFACE_CURVE('',#11890,(#11894,#11901),.PCURVE_S1.);
#11890 = LINE('',#11891,#11892);
#11891 = CARTESIAN_POINT('',(0.,228.6,6.35));
#11892 = VECTOR('',#11893,25.4);
#11893 = DIRECTION('',(1.,0.,-0.));
#11894 = PCURVE('',#11678,#11895);
#11895 = DEFINITIONAL_REPRESENTATION('',(#11896),#11900);
#11896 = LINE('',#11897,#11898);
#11897 = CARTESIAN_POINT('',(6.35,0.));
#11898 = VECTOR('',#11899,1.);
#11899 = DIRECTION('',(0.,1.));
#11900 = ( GEOMETRIC_REPRESENTATION_CONTEXT(2) 
PARAMETRIC_REPRESENTATION_CONTEXT() REPRESENTATION_CONTEXT('2D SPACE',''
  ) );
#11901 = PCURVE('',#11704,#11902);
#11902 = DEFINITIONAL_REPRESENTATION('',(#11903),#11907);
#11903 = LINE('',#11904,#11905);
#11904 = CARTESIAN_POINT('',(0.,228.6));
#11905 = VECTOR('',#11906,1.);
#11906 = DIRECTION('',(1.,0.));
#11907 = ( GEOMETRIC_REPRESENTATION_CONTEXT(2) 
PARAMETRIC_REPRESENTATION_CONTEXT() REPRESENTATION_CONTEXT('2D SPACE',''
  ) );
#11908 = ORIENTED_EDGE('',*,*,#11772,.F.);
#11909 = ADVANCED_FACE('',(#11910),#11650,.F.);
#11910 = FACE_BOUND('',#11911,.F.);
#11911 = EDGE_LOOP('',(#11912,#11913,#11914,#11915));
#11912 = ORIENTED_EDGE('',*,*,#11634,.F.);
#11913 = ORIENTED_EDGE('',*,*,#11819,.T.);
#11914 = ORIENTED_EDGE('',*,*,#11749,.T.);
#11915 = ORIENTED_EDGE('',*,*,#11866,.F.);
#11916 = ADVANCED_FACE('',(#11917),#11704,.T.);
#11917 = FACE_BOUND('',#11918,.T.);
#11918 = EDGE_LOOP('',(#11919,#11920,#11921,#11922));
#11919 = ORIENTED_EDGE('',*,*,#11690,.F.);
#11920 = ORIENTED_EDGE('',*,*,#11841,.T.);
#11921 = ORIENTED_EDGE('',*,*,#11795,.T.);
#11922 = ORIENTED_EDGE('',*,*,#11888,.F.);
#11923 = ( GEOMETRIC_REPRESENTATION_CONTEXT(3) 
GLOBAL_UNCERTAINTY_ASSIGNED_CONTEXT((#11927)) 
GLOBAL_UNIT_ASSIGNED_CONTEXT((#11924,#11925,#11926)) 
REPRESENTATION_CONTEXT('Context #1',
  '3D Context with UNIT and UNCERTAINTY') );
#11924 = ( LENGTH_UNIT() NAMED_UNIT(*) SI_UNIT(.MILLI.,.METRE.) );
#11925 = ( NAMED_UNIT(*) PLANE_ANGLE_UNIT() SI_UNIT($,.RADIAN.) );
#11926 = ( NAMED_UNIT(*) SI_UNIT($,.STERADIAN.) SOLID_ANGLE_UNIT() );
#11927 = UNCERTAINTY_MEASURE_WITH_UNIT(LENGTH_MEASURE(2.54E-06),#11924,
  'distance_accuracy_value','confusion accuracy');
#11928 = CONTEXT_DEPENDENT_SHAPE_REPRESENTATION(#11929,#11931);
#11929 = ( REPRESENTATION_RELATIONSHIP('','',#11592,#10) 
REPRESENTATION_RELATIONSHIP_WITH_TRANSFORMATION(#11930) 
SHAPE_REPRESENTATION_RELATIONSHIP() );
#11930 = ITEM_DEFINED_TRANSFORMATION('','',#11,#115);
#11931 = PRODUCT_DEFINITION_SHAPE('Placement','Placement of an item',
  #11932);
#11932 = NEXT_ASSEMBLY_USAGE_OCCURRENCE('26','Lever Cross','',#5,#11587,
  $);
#11933 = PRODUCT_RELATED_PRODUCT_CATEGORY('part',$,(#11589));
#11934 = SHAPE_DEFINITION_REPRESENTATION(#11935,#11941);
#11935 = PRODUCT_DEFINITION_SHAPE('','',#11936);
#11936 = PRODUCT_DEFINITION('design','',#11937,#11940);
#11937 = PRODUCT_DEFINITION_FORMATION('','',#11938);
#11938 = PRODUCT('Lever Spacer Block','Lever Spacer Block','',(#11939));
#11939 = PRODUCT_CONTEXT('',#2,'mechanical');
#11940 = PRODUCT_DEFINITION_CONTEXT('part definition',#2,'design');
#11941 = ADVANCED_BREP_SHAPE_REPRESENTATION('',(#11,#11942),#12356);
#11942 = MANIFOLD_SOLID_BREP('',#11943);
#11943 = CLOSED_SHELL('',(#11944,#12064,#12171,#12220,#12295,#12322,
    #12329));
#11944 = ADVANCED_FACE('',(#11945),#11959,.F.);
#11945 = FACE_BOUND('',#11946,.F.);
#11946 = EDGE_LOOP('',(#11947,#11982,#12010,#12038));
#11947 = ORIENTED_EDGE('',*,*,#11948,.F.);
#11948 = EDGE_CURVE('',#11949,#11951,#11953,.T.);
#11949 = VERTEX_POINT('',#11950);
#11950 = CARTESIAN_POINT('',(0.,0.,0.));
#11951 = VERTEX_POINT('',#11952);
#11952 = CARTESIAN_POINT('',(0.,0.,50.8));
#11953 = SURFACE_CURVE('',#11954,(#11958,#11970),.PCURVE_S1.);
#11954 = LINE('',#11955,#11956);
#11955 = CARTESIAN_POINT('',(0.,0.,0.));
#11956 = VECTOR('',#11957,25.4);
#11957 = DIRECTION('',(0.,0.,1.));
#11958 = PCURVE('',#11959,#11964);
#11959 = PLANE('',#11960);
#11960 = AXIS2_PLACEMENT_3D('',#11961,#11962,#11963);
#11961 = CARTESIAN_POINT('',(0.,0.,0.));
#11962 = DIRECTION('',(1.,0.,-0.));
#11963 = DIRECTION('',(0.,0.,1.));
#11964 = DEFINITIONAL_REPRESENTATION('',(#11965),#11969);
#11965 = LINE('',#11966,#11967);
#11966 = CARTESIAN_POINT('',(0.,0.));
#11967 = VECTOR('',#11968,1.);
#11968 = DIRECTION('',(1.,0.));
#11969 = ( GEOMETRIC_REPRESENTATION_CONTEXT(2) 
PARAMETRIC_REPRESENTATION_CONTEXT() REPRESENTATION_CONTEXT('2D SPACE',''
  ) );
#11970 = PCURVE('',#11971,#11976);
#11971 = PLANE('',#11972);
#11972 = AXIS2_PLACEMENT_3D('',#11973,#11974,#11975);
#11973 = CARTESIAN_POINT('',(0.,0.,0.));
#11974 = DIRECTION('',(-0.,1.,0.));
#11975 = DIRECTION('',(0.,0.,1.));
#11976 = DEFINITIONAL_REPRESENTATION('',(#11977),#11981);
#11977 = LINE('',#11978,#11979);
#11978 = CARTESIAN_POINT('',(0.,0.));
#11979 = VECTOR('',#11980,1.);
#11980 = DIRECTION('',(1.,0.));
#11981 = ( GEOMETRIC_REPRESENTATION_CONTEXT(2) 
PARAMETRIC_REPRESENTATION_CONTEXT() REPRESENTATION_CONTEXT('2D SPACE',''
  ) );
#11982 = ORIENTED_EDGE('',*,*,#11983,.T.);
#11983 = EDGE_CURVE('',#11949,#11984,#11986,.T.);
#11984 = VERTEX_POINT('',#11985);
#11985 = CARTESIAN_POINT('',(0.,38.1,0.));
#11986 = SURFACE_CURVE('',#11987,(#11991,#11998),.PCURVE_S1.);
#11987 = LINE('',#11988,#11989);
#11988 = CARTESIAN_POINT('',(0.,0.,0.));
#11989 = VECTOR('',#11990,25.4);
#11990 = DIRECTION('',(-0.,1.,0.));
#11991 = PCURVE('',#11959,#11992);
#11992 = DEFINITIONAL_REPRESENTATION('',(#11993),#11997);
#11993 = LINE('',#11994,#11995);
#11994 = CARTESIAN_POINT('',(0.,0.));
#11995 = VECTOR('',#11996,1.);
#11996 = DIRECTION('',(0.,-1.));
#11997 = ( GEOMETRIC_REPRESENTATION_CONTEXT(2) 
PARAMETRIC_REPRESENTATION_CONTEXT() REPRESENTATION_CONTEXT('2D SPACE',''
  ) );
#11998 = PCURVE('',#11999,#12004);
#11999 = PLANE('',#12000);
#12000 = AXIS2_PLACEMENT_3D('',#12001,#12002,#12003);
#12001 = CARTESIAN_POINT('',(0.,0.,0.));
#12002 = DIRECTION('',(0.,0.,1.));
#12003 = DIRECTION('',(1.,0.,-0.));
#12004 = DEFINITIONAL_REPRESENTATION('',(#12005),#12009);
#12005 = LINE('',#12006,#12007);
#12006 = CARTESIAN_POINT('',(0.,0.));
#12007 = VECTOR('',#12008,1.);
#12008 = DIRECTION('',(0.,1.));
#12009 = ( GEOMETRIC_REPRESENTATION_CONTEXT(2) 
PARAMETRIC_REPRESENTATION_CONTEXT() REPRESENTATION_CONTEXT('2D SPACE',''
  ) );
#12010 = ORIENTED_EDGE('',*,*,#12011,.T.);
#12011 = EDGE_CURVE('',#11984,#12012,#12014,.T.);
#12012 = VERTEX_POINT('',#12013);
#12013 = CARTESIAN_POINT('',(0.,38.1,50.8));
#12014 = SURFACE_CURVE('',#12015,(#12019,#12026),.PCURVE_S1.);
#12015 = LINE('',#12016,#12017);
#12016 = CARTESIAN_POINT('',(0.,38.1,0.));
#12017 = VECTOR('',#12018,25.4);
#12018 = DIRECTION('',(0.,0.,1.));
#12019 = PCURVE('',#11959,#12020);
#12020 = DEFINITIONAL_REPRESENTATION('',(#12021),#12025);
#12021 = LINE('',#12022,#12023);
#12022 = CARTESIAN_POINT('',(0.,-38.1));
#12023 = VECTOR('',#12024,1.);
#12024 = DIRECTION('',(1.,0.));
#12025 = ( GEOMETRIC_REPRESENTATION_CONTEXT(2) 
PARAMETRIC_REPRESENTATION_CONTEXT() REPRESENTATION_CONTEXT('2D SPACE',''
  ) );
#12026 = PCURVE('',#12027,#12032);
#12027 = PLANE('',#12028);
#12028 = AXIS2_PLACEMENT_3D('',#12029,#12030,#12031);
#12029 = CARTESIAN_POINT('',(0.,38.1,0.));
#12030 = DIRECTION('',(-0.,1.,0.));
#12031 = DIRECTION('',(0.,0.,1.));
#12032 = DEFINITIONAL_REPRESENTATION('',(#12033),#12037);
#12033 = LINE('',#12034,#12035);
#12034 = CARTESIAN_POINT('',(0.,0.));
#12035 = VECTOR('',#12036,1.);
#12036 = DIRECTION('',(1.,0.));
#12037 = ( GEOMETRIC_REPRESENTATION_CONTEXT(2) 
PARAMETRIC_REPRESENTATION_CONTEXT() REPRESENTATION_CONTEXT('2D SPACE',''
  ) );
#12038 = ORIENTED_EDGE('',*,*,#12039,.F.);
#12039 = EDGE_CURVE('',#11951,#12012,#12040,.T.);
#12040 = SURFACE_CURVE('',#12041,(#12045,#12052),.PCURVE_S1.);
#12041 = LINE('',#12042,#12043);
#12042 = CARTESIAN_POINT('',(0.,0.,50.8));
#12043 = VECTOR('',#12044,25.4);
#12044 = DIRECTION('',(-0.,1.,0.));
#12045 = PCURVE('',#11959,#12046);
#12046 = DEFINITIONAL_REPRESENTATION('',(#12047),#12051);
#12047 = LINE('',#12048,#12049);
#12048 = CARTESIAN_POINT('',(50.8,0.));
#12049 = VECTOR('',#12050,1.);
#12050 = DIRECTION('',(0.,-1.));
#12051 = ( GEOMETRIC_REPRESENTATION_CONTEXT(2) 
PARAMETRIC_REPRESENTATION_CONTEXT() REPRESENTATION_CONTEXT('2D SPACE',''
  ) );
#12052 = PCURVE('',#12053,#12058);
#12053 = PLANE('',#12054);
#12054 = AXIS2_PLACEMENT_3D('',#12055,#12056,#12057);
#12055 = CARTESIAN_POINT('',(0.,0.,50.8));
#12056 = DIRECTION('',(0.,0.,1.));
#12057 = DIRECTION('',(1.,0.,-0.));
#12058 = DEFINITIONAL_REPRESENTATION('',(#12059),#12063);
#12059 = LINE('',#12060,#12061);
#12060 = CARTESIAN_POINT('',(0.,0.));
#12061 = VECTOR('',#12062,1.);
#12062 = DIRECTION('',(0.,1.));
#12063 = ( GEOMETRIC_REPRESENTATION_CONTEXT(2) 
PARAMETRIC_REPRESENTATION_CONTEXT() REPRESENTATION_CONTEXT('2D SPACE',''
  ) );
#12064 = ADVANCED_FACE('',(#12065,#12140),#11971,.F.);
#12065 = FACE_BOUND('',#12066,.F.);
#12066 = EDGE_LOOP('',(#12067,#12090,#12091,#12114));
#12067 = ORIENTED_EDGE('',*,*,#12068,.F.);
#12068 = EDGE_CURVE('',#11949,#12069,#12071,.T.);
#12069 = VERTEX_POINT('',#12070);
#12070 = CARTESIAN_POINT('',(101.6,0.,0.));
#12071 = SURFACE_CURVE('',#12072,(#12076,#12083),.PCURVE_S1.);
#12072 = LINE('',#12073,#12074);
#12073 = CARTESIAN_POINT('',(0.,0.,0.));
#12074 = VECTOR('',#12075,25.4);
#12075 = DIRECTION('',(1.,0.,-0.));
#12076 = PCURVE('',#11971,#12077);
#12077 = DEFINITIONAL_REPRESENTATION('',(#12078),#12082);
#12078 = LINE('',#12079,#12080);
#12079 = CARTESIAN_POINT('',(0.,0.));
#12080 = VECTOR('',#12081,1.);
#12081 = DIRECTION('',(0.,1.));
#12082 = ( GEOMETRIC_REPRESENTATION_CONTEXT(2) 
PARAMETRIC_REPRESENTATION_CONTEXT() REPRESENTATION_CONTEXT('2D SPACE',''
  ) );
#12083 = PCURVE('',#11999,#12084);
#12084 = DEFINITIONAL_REPRESENTATION('',(#12085),#12089);
#12085 = LINE('',#12086,#12087);
#12086 = CARTESIAN_POINT('',(0.,0.));
#12087 = VECTOR('',#12088,1.);
#12088 = DIRECTION('',(1.,0.));
#12089 = ( GEOMETRIC_REPRESENTATION_CONTEXT(2) 
PARAMETRIC_REPRESENTATION_CONTEXT() REPRESENTATION_CONTEXT('2D SPACE',''
  ) );
#12090 = ORIENTED_EDGE('',*,*,#11948,.T.);
#12091 = ORIENTED_EDGE('',*,*,#12092,.T.);
#12092 = EDGE_CURVE('',#11951,#12093,#12095,.T.);
#12093 = VERTEX_POINT('',#12094);
#12094 = CARTESIAN_POINT('',(101.6,0.,50.8));
#12095 = SURFACE_CURVE('',#12096,(#12100,#12107),.PCURVE_S1.);
#12096 = LINE('',#12097,#12098);
#12097 = CARTESIAN_POINT('',(0.,0.,50.8));
#12098 = VECTOR('',#12099,25.4);
#12099 = DIRECTION('',(1.,0.,-0.));
#12100 = PCURVE('',#11971,#12101);
#12101 = DEFINITIONAL_REPRESENTATION('',(#12102),#12106);
#12102 = LINE('',#12103,#12104);
#12103 = CARTESIAN_POINT('',(50.8,0.));
#12104 = VECTOR('',#12105,1.);
#12105 = DIRECTION('',(0.,1.));
#12106 = ( GEOMETRIC_REPRESENTATION_CONTEXT(2) 
PARAMETRIC_REPRESENTATION_CONTEXT() REPRESENTATION_CONTEXT('2D SPACE',''
  ) );
#12107 = PCURVE('',#12053,#12108);
#12108 = DEFINITIONAL_REPRESENTATION('',(#12109),#12113);
#12109 = LINE('',#12110,#12111);
#12110 = CARTESIAN_POINT('',(0.,0.));
#12111 = VECTOR('',#12112,1.);
#12112 = DIRECTION('',(1.,0.));
#12113 = ( GEOMETRIC_REPRESENTATION_CONTEXT(2) 
PARAMETRIC_REPRESENTATION_CONTEXT() REPRESENTATION_CONTEXT('2D SPACE',''
  ) );
#12114 = ORIENTED_EDGE('',*,*,#12115,.F.);
#12115 = EDGE_CURVE('',#12069,#12093,#12116,.T.);
#12116 = SURFACE_CURVE('',#12117,(#12121,#12128),.PCURVE_S1.);
#12117 = LINE('',#12118,#12119);
#12118 = CARTESIAN_POINT('',(101.6,0.,0.));
#12119 = VECTOR('',#12120,25.4);
#12120 = DIRECTION('',(0.,0.,1.));
#12121 = PCURVE('',#11971,#12122);
#12122 = DEFINITIONAL_REPRESENTATION('',(#12123),#12127);
#12123 = LINE('',#12124,#12125);
#12124 = CARTESIAN_POINT('',(0.,101.6));
#12125 = VECTOR('',#12126,1.);
#12126 = DIRECTION('',(1.,0.));
#12127 = ( GEOMETRIC_REPRESENTATION_CONTEXT(2) 
PARAMETRIC_REPRESENTATION_CONTEXT() REPRESENTATION_CONTEXT('2D SPACE',''
  ) );
#12128 = PCURVE('',#12129,#12134);
#12129 = PLANE('',#12130);
#12130 = AXIS2_PLACEMENT_3D('',#12131,#12132,#12133);
#12131 = CARTESIAN_POINT('',(101.6,0.,0.));
#12132 = DIRECTION('',(1.,0.,-0.));
#12133 = DIRECTION('',(0.,0.,1.));
#12134 = DEFINITIONAL_REPRESENTATION('',(#12135),#12139);
#12135 = LINE('',#12136,#12137);
#12136 = CARTESIAN_POINT('',(0.,0.));
#12137 = VECTOR('',#12138,1.);
#12138 = DIRECTION('',(1.,0.));
#12139 = ( GEOMETRIC_REPRESENTATION_CONTEXT(2) 
PARAMETRIC_REPRESENTATION_CONTEXT() REPRESENTATION_CONTEXT('2D SPACE',''
  ) );
#12140 = FACE_BOUND('',#12141,.F.);
#12141 = EDGE_LOOP('',(#12142));
#12142 = ORIENTED_EDGE('',*,*,#12143,.F.);
#12143 = EDGE_CURVE('',#12144,#12144,#12146,.T.);
#12144 = VERTEX_POINT('',#12145);
#12145 = CARTESIAN_POINT('',(88.9,0.,25.4));
#12146 = SURFACE_CURVE('',#12147,(#12152,#12159),.PCURVE_S1.);
#12147 = CIRCLE('',#12148,12.7);
#12148 = AXIS2_PLACEMENT_3D('',#12149,#12150,#12151);
#12149 = CARTESIAN_POINT('',(76.2,0.,25.4));
#12150 = DIRECTION('',(0.,1.,2.22044604925E-16));
#12151 = DIRECTION('',(1.,0.,-0.));
#12152 = PCURVE('',#11971,#12153);
#12153 = DEFINITIONAL_REPRESENTATION('',(#12154),#12158);
#12154 = CIRCLE('',#12155,12.7);
#12155 = AXIS2_PLACEMENT_2D('',#12156,#12157);
#12156 = CARTESIAN_POINT('',(25.4,76.2));
#12157 = DIRECTION('',(0.,1.));
#12158 = ( GEOMETRIC_REPRESENTATION_CONTEXT(2) 
PARAMETRIC_REPRESENTATION_CONTEXT() REPRESENTATION_CONTEXT('2D SPACE',''
  ) );
#12159 = PCURVE('',#12160,#12165);
#12160 = CYLINDRICAL_SURFACE('',#12161,12.7);
#12161 = AXIS2_PLACEMENT_3D('',#12162,#12163,#12164);
#12162 = CARTESIAN_POINT('',(76.2,-0.254,25.4));
#12163 = DIRECTION('',(0.,1.,2.22044604925E-16));
#12164 = DIRECTION('',(1.,0.,-0.));
#12165 = DEFINITIONAL_REPRESENTATION('',(#12166),#12170);
#12166 = LINE('',#12167,#12168);
#12167 = CARTESIAN_POINT('',(0.,0.254));
#12168 = VECTOR('',#12169,1.);
#12169 = DIRECTION('',(1.,0.));
#12170 = ( GEOMETRIC_REPRESENTATION_CONTEXT(2) 
PARAMETRIC_REPRESENTATION_CONTEXT() REPRESENTATION_CONTEXT('2D SPACE',''
  ) );
#12171 = ADVANCED_FACE('',(#12172),#12053,.T.);
#12172 = FACE_BOUND('',#12173,.T.);
#12173 = EDGE_LOOP('',(#12174,#12175,#12176,#12199));
#12174 = ORIENTED_EDGE('',*,*,#12039,.F.);
#12175 = ORIENTED_EDGE('',*,*,#12092,.T.);
#12176 = ORIENTED_EDGE('',*,*,#12177,.T.);
#12177 = EDGE_CURVE('',#12093,#12178,#12180,.T.);
#12178 = VERTEX_POINT('',#12179);
#12179 = CARTESIAN_POINT('',(101.6,38.1,50.8));
#12180 = SURFACE_CURVE('',#12181,(#12185,#12192),.PCURVE_S1.);
#12181 = LINE('',#12182,#12183);
#12182 = CARTESIAN_POINT('',(101.6,0.,50.8));
#12183 = VECTOR('',#12184,25.4);
#12184 = DIRECTION('',(-0.,1.,0.));
#12185 = PCURVE('',#12053,#12186);
#12186 = DEFINITIONAL_REPRESENTATION('',(#12187),#12191);
#12187 = LINE('',#12188,#12189);
#12188 = CARTESIAN_POINT('',(101.6,0.));
#12189 = VECTOR('',#12190,1.);
#12190 = DIRECTION('',(0.,1.));
#12191 = ( GEOMETRIC_REPRESENTATION_CONTEXT(2) 
PARAMETRIC_REPRESENTATION_CONTEXT() REPRESENTATION_CONTEXT('2D SPACE',''
  ) );
#12192 = PCURVE('',#12129,#12193);
#12193 = DEFINITIONAL_REPRESENTATION('',(#12194),#12198);
#12194 = LINE('',#12195,#12196);
#12195 = CARTESIAN_POINT('',(50.8,0.));
#12196 = VECTOR('',#12197,1.);
#12197 = DIRECTION('',(0.,-1.));
#12198 = ( GEOMETRIC_REPRESENTATION_CONTEXT(2) 
PARAMETRIC_REPRESENTATION_CONTEXT() REPRESENTATION_CONTEXT('2D SPACE',''
  ) );
#12199 = ORIENTED_EDGE('',*,*,#12200,.F.);
#12200 = EDGE_CURVE('',#12012,#12178,#12201,.T.);
#12201 = SURFACE_CURVE('',#12202,(#12206,#12213),.PCURVE_S1.);
#12202 = LINE('',#12203,#12204);
#12203 = CARTESIAN_POINT('',(0.,38.1,50.8));
#12204 = VECTOR('',#12205,25.4);
#12205 = DIRECTION('',(1.,0.,-0.));
#12206 = PCURVE('',#12053,#12207);
#12207 = DEFINITIONAL_REPRESENTATION('',(#12208),#12212);
#12208 = LINE('',#12209,#12210);
#12209 = CARTESIAN_POINT('',(0.,38.1));
#12210 = VECTOR('',#12211,1.);
#12211 = DIRECTION('',(1.,0.));
#12212 = ( GEOMETRIC_REPRESENTATION_CONTEXT(2) 
PARAMETRIC_REPRESENTATION_CONTEXT() REPRESENTATION_CONTEXT('2D SPACE',''
  ) );
#12213 = PCURVE('',#12027,#12214);
#12214 = DEFINITIONAL_REPRESENTATION('',(#12215),#12219);
#12215 = LINE('',#12216,#12217);
#12216 = CARTESIAN_POINT('',(50.8,0.));
#12217 = VECTOR('',#12218,1.);
#12218 = DIRECTION('',(0.,1.));
#12219 = ( GEOMETRIC_REPRESENTATION_CONTEXT(2) 
PARAMETRIC_REPRESENTATION_CONTEXT() REPRESENTATION_CONTEXT('2D SPACE',''
  ) );
#12220 = ADVANCED_FACE('',(#12221,#12269),#12027,.T.);
#12221 = FACE_BOUND('',#12222,.T.);
#12222 = EDGE_LOOP('',(#12223,#12246,#12247,#12248));
#12223 = ORIENTED_EDGE('',*,*,#12224,.F.);
#12224 = EDGE_CURVE('',#11984,#12225,#12227,.T.);
#12225 = VERTEX_POINT('',#12226);
#12226 = CARTESIAN_POINT('',(101.6,38.1,0.));
#12227 = SURFACE_CURVE('',#12228,(#12232,#12239),.PCURVE_S1.);
#12228 = LINE('',#12229,#12230);
#12229 = CARTESIAN_POINT('',(0.,38.1,0.));
#12230 = VECTOR('',#12231,25.4);
#12231 = DIRECTION('',(1.,0.,-0.));
#12232 = PCURVE('',#12027,#12233);
#12233 = DEFINITIONAL_REPRESENTATION('',(#12234),#12238);
#12234 = LINE('',#12235,#12236);
#12235 = CARTESIAN_POINT('',(0.,0.));
#12236 = VECTOR('',#12237,1.);
#12237 = DIRECTION('',(0.,1.));
#12238 = ( GEOMETRIC_REPRESENTATION_CONTEXT(2) 
PARAMETRIC_REPRESENTATION_CONTEXT() REPRESENTATION_CONTEXT('2D SPACE',''
  ) );
#12239 = PCURVE('',#11999,#12240);
#12240 = DEFINITIONAL_REPRESENTATION('',(#12241),#12245);
#12241 = LINE('',#12242,#12243);
#12242 = CARTESIAN_POINT('',(0.,38.1));
#12243 = VECTOR('',#12244,1.);
#12244 = DIRECTION('',(1.,0.));
#12245 = ( GEOMETRIC_REPRESENTATION_CONTEXT(2) 
PARAMETRIC_REPRESENTATION_CONTEXT() REPRESENTATION_CONTEXT('2D SPACE',''
  ) );
#12246 = ORIENTED_EDGE('',*,*,#12011,.T.);
#12247 = ORIENTED_EDGE('',*,*,#12200,.T.);
#12248 = ORIENTED_EDGE('',*,*,#12249,.F.);
#12249 = EDGE_CURVE('',#12225,#12178,#12250,.T.);
#12250 = SURFACE_CURVE('',#12251,(#12255,#12262),.PCURVE_S1.);
#12251 = LINE('',#12252,#12253);
#12252 = CARTESIAN_POINT('',(101.6,38.1,0.));
#12253 = VECTOR('',#12254,25.4);
#12254 = DIRECTION('',(0.,0.,1.));
#12255 = PCURVE('',#12027,#12256);
#12256 = DEFINITIONAL_REPRESENTATION('',(#12257),#12261);
#12257 = LINE('',#12258,#12259);
#12258 = CARTESIAN_POINT('',(0.,101.6));
#12259 = VECTOR('',#12260,1.);
#12260 = DIRECTION('',(1.,0.));
#12261 = ( GEOMETRIC_REPRESENTATION_CONTEXT(2) 
PARAMETRIC_REPRESENTATION_CONTEXT() REPRESENTATION_CONTEXT('2D SPACE',''
  ) );
#12262 = PCURVE('',#12129,#12263);
#12263 = DEFINITIONAL_REPRESENTATION('',(#12264),#12268);
#12264 = LINE('',#12265,#12266);
#12265 = CARTESIAN_POINT('',(0.,-38.1));
#12266 = VECTOR('',#12267,1.);
#12267 = DIRECTION('',(1.,0.));
#12268 = ( GEOMETRIC_REPRESENTATION_CONTEXT(2) 
PARAMETRIC_REPRESENTATION_CONTEXT() REPRESENTATION_CONTEXT('2D SPACE',''
  ) );
#12269 = FACE_BOUND('',#12270,.T.);
#12270 = EDGE_LOOP('',(#12271));
#12271 = ORIENTED_EDGE('',*,*,#12272,.F.);
#12272 = EDGE_CURVE('',#12273,#12273,#12275,.T.);
#12273 = VERTEX_POINT('',#12274);
#12274 = CARTESIAN_POINT('',(88.9,38.1,25.4));
#12275 = SURFACE_CURVE('',#12276,(#12281,#12288),.PCURVE_S1.);
#12276 = CIRCLE('',#12277,12.7);
#12277 = AXIS2_PLACEMENT_3D('',#12278,#12279,#12280);
#12278 = CARTESIAN_POINT('',(76.2,38.1,25.4));
#12279 = DIRECTION('',(0.,1.,2.22044604925E-16));
#12280 = DIRECTION('',(1.,0.,-0.));
#12281 = PCURVE('',#12027,#12282);
#12282 = DEFINITIONAL_REPRESENTATION('',(#12283),#12287);
#12283 = CIRCLE('',#12284,12.7);
#12284 = AXIS2_PLACEMENT_2D('',#12285,#12286);
#12285 = CARTESIAN_POINT('',(25.4,76.2));
#12286 = DIRECTION('',(0.,1.));
#12287 = ( GEOMETRIC_REPRESENTATION_CONTEXT(2) 
PARAMETRIC_REPRESENTATION_CONTEXT() REPRESENTATION_CONTEXT('2D SPACE',''
  ) );
#12288 = PCURVE('',#12160,#12289);
#12289 = DEFINITIONAL_REPRESENTATION('',(#12290),#12294);
#12290 = LINE('',#12291,#12292);
#12291 = CARTESIAN_POINT('',(0.,38.354));
#12292 = VECTOR('',#12293,1.);
#12293 = DIRECTION('',(1.,0.));
#12294 = ( GEOMETRIC_REPRESENTATION_CONTEXT(2) 
PARAMETRIC_REPRESENTATION_CONTEXT() REPRESENTATION_CONTEXT('2D SPACE',''
  ) );
#12295 = ADVANCED_FACE('',(#12296),#11999,.F.);
#12296 = FACE_BOUND('',#12297,.F.);
#12297 = EDGE_LOOP('',(#12298,#12299,#12300,#12321));
#12298 = ORIENTED_EDGE('',*,*,#11983,.F.);
#12299 = ORIENTED_EDGE('',*,*,#12068,.T.);
#12300 = ORIENTED_EDGE('',*,*,#12301,.T.);
#12301 = EDGE_CURVE('',#12069,#12225,#12302,.T.);
#12302 = SURFACE_CURVE('',#12303,(#12307,#12314),.PCURVE_S1.);
#12303 = LINE('',#12304,#12305);
#12304 = CARTESIAN_POINT('',(101.6,0.,0.));
#12305 = VECTOR('',#12306,25.4);
#12306 = DIRECTION('',(-0.,1.,0.));
#12307 = PCURVE('',#11999,#12308);
#12308 = DEFINITIONAL_REPRESENTATION('',(#12309),#12313);
#12309 = LINE('',#12310,#12311);
#12310 = CARTESIAN_POINT('',(101.6,0.));
#12311 = VECTOR('',#12312,1.);
#12312 = DIRECTION('',(0.,1.));
#12313 = ( GEOMETRIC_REPRESENTATION_CONTEXT(2) 
PARAMETRIC_REPRESENTATION_CONTEXT() REPRESENTATION_CONTEXT('2D SPACE',''
  ) );
#12314 = PCURVE('',#12129,#12315);
#12315 = DEFINITIONAL_REPRESENTATION('',(#12316),#12320);
#12316 = LINE('',#12317,#12318);
#12317 = CARTESIAN_POINT('',(0.,0.));
#12318 = VECTOR('',#12319,1.);
#12319 = DIRECTION('',(0.,-1.));
#12320 = ( GEOMETRIC_REPRESENTATION_CONTEXT(2) 
PARAMETRIC_REPRESENTATION_CONTEXT() REPRESENTATION_CONTEXT('2D SPACE',''
  ) );
#12321 = ORIENTED_EDGE('',*,*,#12224,.F.);
#12322 = ADVANCED_FACE('',(#12323),#12129,.T.);
#12323 = FACE_BOUND('',#12324,.T.);
#12324 = EDGE_LOOP('',(#12325,#12326,#12327,#12328));
#12325 = ORIENTED_EDGE('',*,*,#12115,.F.);
#12326 = ORIENTED_EDGE('',*,*,#12301,.T.);
#12327 = ORIENTED_EDGE('',*,*,#12249,.T.);
#12328 = ORIENTED_EDGE('',*,*,#12177,.F.);
#12329 = ADVANCED_FACE('',(#12330),#12160,.F.);
#12330 = FACE_BOUND('',#12331,.F.);
#12331 = EDGE_LOOP('',(#12332,#12333,#12354,#12355));
#12332 = ORIENTED_EDGE('',*,*,#12272,.F.);
#12333 = ORIENTED_EDGE('',*,*,#12334,.F.);
#12334 = EDGE_CURVE('',#12144,#12273,#12335,.T.);
#12335 = SEAM_CURVE('',#12336,(#12340,#12347),.PCURVE_S1.);
#12336 = LINE('',#12337,#12338);
#12337 = CARTESIAN_POINT('',(88.9,-0.254,25.4));
#12338 = VECTOR('',#12339,25.4);
#12339 = DIRECTION('',(0.,1.,2.22044604925E-16));
#12340 = PCURVE('',#12160,#12341);
#12341 = DEFINITIONAL_REPRESENTATION('',(#12342),#12346);
#12342 = LINE('',#12343,#12344);
#12343 = CARTESIAN_POINT('',(6.28318530718,-0.));
#12344 = VECTOR('',#12345,1.);
#12345 = DIRECTION('',(0.,1.));
#12346 = ( GEOMETRIC_REPRESENTATION_CONTEXT(2) 
PARAMETRIC_REPRESENTATION_CONTEXT() REPRESENTATION_CONTEXT('2D SPACE',''
  ) );
#12347 = PCURVE('',#12160,#12348);
#12348 = DEFINITIONAL_REPRESENTATION('',(#12349),#12353);
#12349 = LINE('',#12350,#12351);
#12350 = CARTESIAN_POINT('',(0.,-0.));
#12351 = VECTOR('',#12352,1.);
#12352 = DIRECTION('',(0.,1.));
#12353 = ( GEOMETRIC_REPRESENTATION_CONTEXT(2) 
PARAMETRIC_REPRESENTATION_CONTEXT() REPRESENTATION_CONTEXT('2D SPACE',''
  ) );
#12354 = ORIENTED_EDGE('',*,*,#12143,.T.);
#12355 = ORIENTED_EDGE('',*,*,#12334,.T.);
#12356 = ( GEOMETRIC_REPRESENTATION_CONTEXT(3) 
GLOBAL_UNCERTAINTY_ASSIGNED_CONTEXT((#12360)) 
GLOBAL_UNIT_ASSIGNED_CONTEXT((#12357,#12358,#12359)) 
REPRESENTATION_CONTEXT('Context #1',
  '3D Context with UNIT and UNCERTAINTY') );
#12357 = ( LENGTH_UNIT() NAMED_UNIT(*) SI_UNIT(.MILLI.,.METRE.) );
#12358 = ( NAMED_UNIT(*) PLANE_ANGLE_UNIT() SI_UNIT($,.RADIAN.) );
#12359 = ( NAMED_UNIT(*) SI_UNIT($,.STERADIAN.) SOLID_ANGLE_UNIT() );
#12360 = UNCERTAINTY_MEASURE_WITH_UNIT(LENGTH_MEASURE(2.54E-06),#12357,
  'distance_accuracy_value','confusion accuracy');
#12361 = CONTEXT_DEPENDENT_SHAPE_REPRESENTATION(#12362,#12364);
#12362 = ( REPRESENTATION_RELATIONSHIP('','',#11941,#10) 
REPRESENTATION_RELATIONSHIP_WITH_TRANSFORMATION(#12363) 
SHAPE_REPRESENTATION_RELATIONSHIP() );
#12363 = ITEM_DEFINED_TRANSFORMATION('','',#11,#119);
#12364 = PRODUCT_DEFINITION_SHAPE('Placement','Placement of an item',
  #12365);
#12365 = NEXT_ASSEMBLY_USAGE_OCCURRENCE('27','Lever Spacer Block','',#5,
  #11936,$);
#12366 = PRODUCT_RELATED_PRODUCT_CATEGORY('part',$,(#11938));
#12367 = SHAPE_DEFINITION_REPRESENTATION(#12368,#12374);
#12368 = PRODUCT_DEFINITION_SHAPE('','',#12369);
#12369 = PRODUCT_DEFINITION('design','',#12370,#12373);
#12370 = PRODUCT_DEFINITION_FORMATION('','',#12371);
#12371 = PRODUCT('Spacer Pin','Spacer Pin','',(#12372));
#12372 = PRODUCT_CONTEXT('',#2,'mechanical');
#12373 = PRODUCT_DEFINITION_CONTEXT('part definition',#2,'design');
#12374 = ADVANCED_BREP_SHAPE_REPRESENTATION('',(#11,#12375),#12473);
#12375 = MANIFOLD_SOLID_BREP('',#12376);
#12376 = CLOSED_SHELL('',(#12377,#12465,#12469));
#12377 = ADVANCED_FACE('',(#12378),#12391,.T.);
#12378 = FACE_BOUND('',#12379,.T.);
#12379 = EDGE_LOOP('',(#12380,#12414,#12437,#12464));
#12380 = ORIENTED_EDGE('',*,*,#12381,.F.);
#12381 = EDGE_CURVE('',#12382,#12382,#12384,.T.);
#12382 = VERTEX_POINT('',#12383);
#12383 = CARTESIAN_POINT('',(12.7,-3.110602869834E-15,76.2));
#12384 = SURFACE_CURVE('',#12385,(#12390,#12402),.PCURVE_S1.);
#12385 = CIRCLE('',#12386,12.7);
#12386 = AXIS2_PLACEMENT_3D('',#12387,#12388,#12389);
#12387 = CARTESIAN_POINT('',(0.,0.,76.2));
#12388 = DIRECTION('',(0.,0.,1.));
#12389 = DIRECTION('',(1.,0.,-0.));
#12390 = PCURVE('',#12391,#12396);
#12391 = CYLINDRICAL_SURFACE('',#12392,12.7);
#12392 = AXIS2_PLACEMENT_3D('',#12393,#12394,#12395);
#12393 = CARTESIAN_POINT('',(0.,0.,0.));
#12394 = DIRECTION('',(0.,0.,1.));
#12395 = DIRECTION('',(1.,0.,-0.));
#12396 = DEFINITIONAL_REPRESENTATION('',(#12397),#12401);
#12397 = LINE('',#12398,#12399);
#12398 = CARTESIAN_POINT('',(0.,76.2));
#12399 = VECTOR('',#12400,1.);
#12400 = DIRECTION('',(1.,0.));
#12401 = ( GEOMETRIC_REPRESENTATION_CONTEXT(2) 
PARAMETRIC_REPRESENTATION_CONTEXT() REPRESENTATION_CONTEXT('2D SPACE',''
  ) );
#12402 = PCURVE('',#12403,#12408);
#12403 = PLANE('',#12404);
#12404 = AXIS2_PLACEMENT_3D('',#12405,#12406,#12407);
#12405 = CARTESIAN_POINT('',(0.,0.,76.2));
#12406 = DIRECTION('',(0.,0.,1.));
#12407 = DIRECTION('',(1.,0.,-0.));
#12408 = DEFINITIONAL_REPRESENTATION('',(#12409),#12413);
#12409 = CIRCLE('',#12410,12.7);
#12410 = AXIS2_PLACEMENT_2D('',#12411,#12412);
#12411 = CARTESIAN_POINT('',(0.,0.));
#12412 = DIRECTION('',(1.,0.));
#12413 = ( GEOMETRIC_REPRESENTATION_CONTEXT(2) 
PARAMETRIC_REPRESENTATION_CONTEXT() REPRESENTATION_CONTEXT('2D SPACE',''
  ) );
#12414 = ORIENTED_EDGE('',*,*,#12415,.F.);
#12415 = EDGE_CURVE('',#12416,#12382,#12418,.T.);
#12416 = VERTEX_POINT('',#12417);
#12417 = CARTESIAN_POINT('',(12.7,-3.110602869834E-15,0.));
#12418 = SEAM_CURVE('',#12419,(#12423,#12430),.PCURVE_S1.);
#12419 = LINE('',#12420,#12421);
#12420 = CARTESIAN_POINT('',(12.7,-3.110602869834E-15,0.));
#12421 = VECTOR('',#12422,25.4);
#12422 = DIRECTION('',(0.,0.,1.));
#12423 = PCURVE('',#12391,#12424);
#12424 = DEFINITIONAL_REPRESENTATION('',(#12425),#12429);
#12425 = LINE('',#12426,#12427);
#12426 = CARTESIAN_POINT('',(6.28318530718,-0.));
#12427 = VECTOR('',#12428,1.);
#12428 = DIRECTION('',(0.,1.));
#12429 = ( GEOMETRIC_REPRESENTATION_CONTEXT(2) 
PARAMETRIC_REPRESENTATION_CONTEXT() REPRESENTATION_CONTEXT('2D SPACE',''
  ) );
#12430 = PCURVE('',#12391,#12431);
#12431 = DEFINITIONAL_REPRESENTATION('',(#12432),#12436);
#12432 = LINE('',#12433,#12434);
#12433 = CARTESIAN_POINT('',(0.,-0.));
#12434 = VECTOR('',#12435,1.);
#12435 = DIRECTION('',(0.,1.));
#12436 = ( GEOMETRIC_REPRESENTATION_CONTEXT(2) 
PARAMETRIC_REPRESENTATION_CONTEXT() REPRESENTATION_CONTEXT('2D SPACE',''
  ) );
#12437 = ORIENTED_EDGE('',*,*,#12438,.T.);
#12438 = EDGE_CURVE('',#12416,#12416,#12439,.T.);
#12439 = SURFACE_CURVE('',#12440,(#12445,#12452),.PCURVE_S1.);
#12440 = CIRCLE('',#12441,12.7);
#12441 = AXIS2_PLACEMENT_3D('',#12442,#12443,#12444);
#12442 = CARTESIAN_POINT('',(0.,0.,0.));
#12443 = DIRECTION('',(0.,0.,1.));
#12444 = DIRECTION('',(1.,0.,-0.));
#12445 = PCURVE('',#12391,#12446);
#12446 = DEFINITIONAL_REPRESENTATION('',(#12447),#12451);
#12447 = LINE('',#12448,#12449);
#12448 = CARTESIAN_POINT('',(0.,0.));
#12449 = VECTOR('',#12450,1.);
#12450 = DIRECTION('',(1.,0.));
#12451 = ( GEOMETRIC_REPRESENTATION_CONTEXT(2) 
PARAMETRIC_REPRESENTATION_CONTEXT() REPRESENTATION_CONTEXT('2D SPACE',''
  ) );
#12452 = PCURVE('',#12453,#12458);
#12453 = PLANE('',#12454);
#12454 = AXIS2_PLACEMENT_3D('',#12455,#12456,#12457);
#12455 = CARTESIAN_POINT('',(0.,0.,0.));
#12456 = DIRECTION('',(0.,0.,1.));
#12457 = DIRECTION('',(1.,0.,-0.));
#12458 = DEFINITIONAL_REPRESENTATION('',(#12459),#12463);
#12459 = CIRCLE('',#12460,12.7);
#12460 = AXIS2_PLACEMENT_2D('',#12461,#12462);
#12461 = CARTESIAN_POINT('',(0.,0.));
#12462 = DIRECTION('',(1.,0.));
#12463 = ( GEOMETRIC_REPRESENTATION_CONTEXT(2) 
PARAMETRIC_REPRESENTATION_CONTEXT() REPRESENTATION_CONTEXT('2D SPACE',''
  ) );
#12464 = ORIENTED_EDGE('',*,*,#12415,.T.);
#12465 = ADVANCED_FACE('',(#12466),#12403,.T.);
#12466 = FACE_BOUND('',#12467,.T.);
#12467 = EDGE_LOOP('',(#12468));
#12468 = ORIENTED_EDGE('',*,*,#12381,.T.);
#12469 = ADVANCED_FACE('',(#12470),#12453,.F.);
#12470 = FACE_BOUND('',#12471,.T.);
#12471 = EDGE_LOOP('',(#12472));
#12472 = ORIENTED_EDGE('',*,*,#12438,.F.);
#12473 = ( GEOMETRIC_REPRESENTATION_CONTEXT(3) 
GLOBAL_UNCERTAINTY_ASSIGNED_CONTEXT((#12477)) 
GLOBAL_UNIT_ASSIGNED_CONTEXT((#12474,#12475,#12476)) 
REPRESENTATION_CONTEXT('Context #1',
  '3D Context with UNIT and UNCERTAINTY') );
#12474 = ( LENGTH_UNIT() NAMED_UNIT(*) SI_UNIT(.MILLI.,.METRE.) );
#12475 = ( NAMED_UNIT(*) PLANE_ANGLE_UNIT() SI_UNIT($,.RADIAN.) );
#12476 = ( NAMED_UNIT(*) SI_UNIT($,.STERADIAN.) SOLID_ANGLE_UNIT() );
#12477 = UNCERTAINTY_MEASURE_WITH_UNIT(LENGTH_MEASURE(2.54E-06),#12474,
  'distance_accuracy_value','confusion accuracy');
#12478 = CONTEXT_DEPENDENT_SHAPE_REPRESENTATION(#12479,#12481);
#12479 = ( REPRESENTATION_RELATIONSHIP('','',#12374,#10) 
REPRESENTATION_RELATIONSHIP_WITH_TRANSFORMATION(#12480) 
SHAPE_REPRESENTATION_RELATIONSHIP() );
#12480 = ITEM_DEFINED_TRANSFORMATION('','',#11,#123);
#12481 = PRODUCT_DEFINITION_SHAPE('Placement','Placement of an item',
  #12482);
#12482 = NEXT_ASSEMBLY_USAGE_OCCURRENCE('28','Spacer Pin','',#5,#12369,$
  );
#12483 = PRODUCT_RELATED_PRODUCT_CATEGORY('part',$,(#12371));
#12484 = SHAPE_DEFINITION_REPRESENTATION(#12485,#12491);
#12485 = PRODUCT_DEFINITION_SHAPE('','',#12486);
#12486 = PRODUCT_DEFINITION('design','',#12487,#12490);
#12487 = PRODUCT_DEFINITION_FORMATION('','',#12488);
#12488 = PRODUCT('Pivot Block','Pivot Block','',(#12489));
#12489 = PRODUCT_CONTEXT('',#2,'mechanical');
#12490 = PRODUCT_DEFINITION_CONTEXT('part definition',#2,'design');
#12491 = ADVANCED_BREP_SHAPE_REPRESENTATION('',(#11,#12492),#13236);
#12492 = MANIFOLD_SOLID_BREP('',#12493);
#12493 = CLOSED_SHELL('',(#12494,#12614,#12808,#12857,#13004,#13031,
    #13058,#13116,#13123,#13150,#13177,#13232));
#12494 = ADVANCED_FACE('',(#12495),#12509,.F.);
#12495 = FACE_BOUND('',#12496,.F.);
#12496 = EDGE_LOOP('',(#12497,#12532,#12560,#12588));
#12497 = ORIENTED_EDGE('',*,*,#12498,.F.);
#12498 = EDGE_CURVE('',#12499,#12501,#12503,.T.);
#12499 = VERTEX_POINT('',#12500);
#12500 = CARTESIAN_POINT('',(0.,0.,0.));
#12501 = VERTEX_POINT('',#12502);
#12502 = CARTESIAN_POINT('',(0.,0.,127.));
#12503 = SURFACE_CURVE('',#12504,(#12508,#12520),.PCURVE_S1.);
#12504 = LINE('',#12505,#12506);
#12505 = CARTESIAN_POINT('',(0.,0.,0.));
#12506 = VECTOR('',#12507,25.4);
#12507 = DIRECTION('',(0.,0.,1.));
#12508 = PCURVE('',#12509,#12514);
#12509 = PLANE('',#12510);
#12510 = AXIS2_PLACEMENT_3D('',#12511,#12512,#12513);
#12511 = CARTESIAN_POINT('',(0.,0.,0.));
#12512 = DIRECTION('',(1.,0.,-0.));
#12513 = DIRECTION('',(0.,0.,1.));
#12514 = DEFINITIONAL_REPRESENTATION('',(#12515),#12519);
#12515 = LINE('',#12516,#12517);
#12516 = CARTESIAN_POINT('',(0.,0.));
#12517 = VECTOR('',#12518,1.);
#12518 = DIRECTION('',(1.,0.));
#12519 = ( GEOMETRIC_REPRESENTATION_CONTEXT(2) 
PARAMETRIC_REPRESENTATION_CONTEXT() REPRESENTATION_CONTEXT('2D SPACE',''
  ) );
#12520 = PCURVE('',#12521,#12526);
#12521 = PLANE('',#12522);
#12522 = AXIS2_PLACEMENT_3D('',#12523,#12524,#12525);
#12523 = CARTESIAN_POINT('',(0.,0.,0.));
#12524 = DIRECTION('',(-0.,1.,0.));
#12525 = DIRECTION('',(0.,0.,1.));
#12526 = DEFINITIONAL_REPRESENTATION('',(#12527),#12531);
#12527 = LINE('',#12528,#12529);
#12528 = CARTESIAN_POINT('',(0.,0.));
#12529 = VECTOR('',#12530,1.);
#12530 = DIRECTION('',(1.,0.));
#12531 = ( GEOMETRIC_REPRESENTATION_CONTEXT(2) 
PARAMETRIC_REPRESENTATION_CONTEXT() REPRESENTATION_CONTEXT('2D SPACE',''
  ) );
#12532 = ORIENTED_EDGE('',*,*,#12533,.T.);
#12533 = EDGE_CURVE('',#12499,#12534,#12536,.T.);
#12534 = VERTEX_POINT('',#12535);
#12535 = CARTESIAN_POINT('',(0.,50.8,0.));
#12536 = SURFACE_CURVE('',#12537,(#12541,#12548),.PCURVE_S1.);
#12537 = LINE('',#12538,#12539);
#12538 = CARTESIAN_POINT('',(0.,0.,0.));
#12539 = VECTOR('',#12540,25.4);
#12540 = DIRECTION('',(-0.,1.,0.));
#12541 = PCURVE('',#12509,#12542);
#12542 = DEFINITIONAL_REPRESENTATION('',(#12543),#12547);
#12543 = LINE('',#12544,#12545);
#12544 = CARTESIAN_POINT('',(0.,0.));
#12545 = VECTOR('',#12546,1.);
#12546 = DIRECTION('',(0.,-1.));
#12547 = ( GEOMETRIC_REPRESENTATION_CONTEXT(2) 
PARAMETRIC_REPRESENTATION_CONTEXT() REPRESENTATION_CONTEXT('2D SPACE',''
  ) );
#12548 = PCURVE('',#12549,#12554);
#12549 = PLANE('',#12550);
#12550 = AXIS2_PLACEMENT_3D('',#12551,#12552,#12553);
#12551 = CARTESIAN_POINT('',(0.,0.,0.));
#12552 = DIRECTION('',(0.,0.,1.));
#12553 = DIRECTION('',(1.,0.,-0.));
#12554 = DEFINITIONAL_REPRESENTATION('',(#12555),#12559);
#12555 = LINE('',#12556,#12557);
#12556 = CARTESIAN_POINT('',(0.,0.));
#12557 = VECTOR('',#12558,1.);
#12558 = DIRECTION('',(0.,1.));
#12559 = ( GEOMETRIC_REPRESENTATION_CONTEXT(2) 
PARAMETRIC_REPRESENTATION_CONTEXT() REPRESENTATION_CONTEXT('2D SPACE',''
  ) );
#12560 = ORIENTED_EDGE('',*,*,#12561,.T.);
#12561 = EDGE_CURVE('',#12534,#12562,#12564,.T.);
#12562 = VERTEX_POINT('',#12563);
#12563 = CARTESIAN_POINT('',(0.,50.8,127.));
#12564 = SURFACE_CURVE('',#12565,(#12569,#12576),.PCURVE_S1.);
#12565 = LINE('',#12566,#12567);
#12566 = CARTESIAN_POINT('',(0.,50.8,0.));
#12567 = VECTOR('',#12568,25.4);
#12568 = DIRECTION('',(0.,0.,1.));
#12569 = PCURVE('',#12509,#12570);
#12570 = DEFINITIONAL_REPRESENTATION('',(#12571),#12575);
#12571 = LINE('',#12572,#12573);
#12572 = CARTESIAN_POINT('',(0.,-50.8));
#12573 = VECTOR('',#12574,1.);
#12574 = DIRECTION('',(1.,0.));
#12575 = ( GEOMETRIC_REPRESENTATION_CONTEXT(2) 
PARAMETRIC_REPRESENTATION_CONTEXT() REPRESENTATION_CONTEXT('2D SPACE',''
  ) );
#12576 = PCURVE('',#12577,#12582);
#12577 = PLANE('',#12578);
#12578 = AXIS2_PLACEMENT_3D('',#12579,#12580,#12581);
#12579 = CARTESIAN_POINT('',(0.,50.8,0.));
#12580 = DIRECTION('',(-0.,1.,0.));
#12581 = DIRECTION('',(0.,0.,1.));
#12582 = DEFINITIONAL_REPRESENTATION('',(#12583),#12587);
#12583 = LINE('',#12584,#12585);
#12584 = CARTESIAN_POINT('',(0.,0.));
#12585 = VECTOR('',#12586,1.);
#12586 = DIRECTION('',(1.,0.));
#12587 = ( GEOMETRIC_REPRESENTATION_CONTEXT(2) 
PARAMETRIC_REPRESENTATION_CONTEXT() REPRESENTATION_CONTEXT('2D SPACE',''
  ) );
#12588 = ORIENTED_EDGE('',*,*,#12589,.F.);
#12589 = EDGE_CURVE('',#12501,#12562,#12590,.T.);
#12590 = SURFACE_CURVE('',#12591,(#12595,#12602),.PCURVE_S1.);
#12591 = LINE('',#12592,#12593);
#12592 = CARTESIAN_POINT('',(0.,0.,127.));
#12593 = VECTOR('',#12594,25.4);
#12594 = DIRECTION('',(-0.,1.,0.));
#12595 = PCURVE('',#12509,#12596);
#12596 = DEFINITIONAL_REPRESENTATION('',(#12597),#12601);
#12597 = LINE('',#12598,#12599);
#12598 = CARTESIAN_POINT('',(127.,0.));
#12599 = VECTOR('',#12600,1.);
#12600 = DIRECTION('',(0.,-1.));
#12601 = ( GEOMETRIC_REPRESENTATION_CONTEXT(2) 
PARAMETRIC_REPRESENTATION_CONTEXT() REPRESENTATION_CONTEXT('2D SPACE',''
  ) );
#12602 = PCURVE('',#12603,#12608);
#12603 = PLANE('',#12604);
#12604 = AXIS2_PLACEMENT_3D('',#12605,#12606,#12607);
#12605 = CARTESIAN_POINT('',(-25.4,0.,127.));
#12606 = DIRECTION('',(0.,0.,1.));
#12607 = DIRECTION('',(1.,0.,-0.));
#12608 = DEFINITIONAL_REPRESENTATION('',(#12609),#12613);
#12609 = LINE('',#12610,#12611);
#12610 = CARTESIAN_POINT('',(25.4,0.));
#12611 = VECTOR('',#12612,1.);
#12612 = DIRECTION('',(0.,1.));
#12613 = ( GEOMETRIC_REPRESENTATION_CONTEXT(2) 
PARAMETRIC_REPRESENTATION_CONTEXT() REPRESENTATION_CONTEXT('2D SPACE',''
  ) );
#12614 = ADVANCED_FACE('',(#12615,#12746,#12777),#12521,.F.);
#12615 = FACE_BOUND('',#12616,.F.);
#12616 = EDGE_LOOP('',(#12617,#12640,#12641,#12664,#12692,#12720));
#12617 = ORIENTED_EDGE('',*,*,#12618,.F.);
#12618 = EDGE_CURVE('',#12499,#12619,#12621,.T.);
#12619 = VERTEX_POINT('',#12620);
#12620 = CARTESIAN_POINT('',(50.8,0.,0.));
#12621 = SURFACE_CURVE('',#12622,(#12626,#12633),.PCURVE_S1.);
#12622 = LINE('',#12623,#12624);
#12623 = CARTESIAN_POINT('',(0.,0.,0.));
#12624 = VECTOR('',#12625,25.4);
#12625 = DIRECTION('',(1.,0.,-0.));
#12626 = PCURVE('',#12521,#12627);
#12627 = DEFINITIONAL_REPRESENTATION('',(#12628),#12632);
#12628 = LINE('',#12629,#12630);
#12629 = CARTESIAN_POINT('',(0.,0.));
#12630 = VECTOR('',#12631,1.);
#12631 = DIRECTION('',(0.,1.));
#12632 = ( GEOMETRIC_REPRESENTATION_CONTEXT(2) 
PARAMETRIC_REPRESENTATION_CONTEXT() REPRESENTATION_CONTEXT('2D SPACE',''
  ) );
#12633 = PCURVE('',#12549,#12634);
#12634 = DEFINITIONAL_REPRESENTATION('',(#12635),#12639);
#12635 = LINE('',#12636,#12637);
#12636 = CARTESIAN_POINT('',(0.,0.));
#12637 = VECTOR('',#12638,1.);
#12638 = DIRECTION('',(1.,0.));
#12639 = ( GEOMETRIC_REPRESENTATION_CONTEXT(2) 
PARAMETRIC_REPRESENTATION_CONTEXT() REPRESENTATION_CONTEXT('2D SPACE',''
  ) );
#12640 = ORIENTED_EDGE('',*,*,#12498,.T.);
#12641 = ORIENTED_EDGE('',*,*,#12642,.F.);
#12642 = EDGE_CURVE('',#12643,#12501,#12645,.T.);
#12643 = VERTEX_POINT('',#12644);
#12644 = CARTESIAN_POINT('',(-25.4,0.,127.));
#12645 = SURFACE_CURVE('',#12646,(#12650,#12657),.PCURVE_S1.);
#12646 = LINE('',#12647,#12648);
#12647 = CARTESIAN_POINT('',(-25.4,0.,127.));
#12648 = VECTOR('',#12649,25.4);
#12649 = DIRECTION('',(1.,0.,-0.));
#12650 = PCURVE('',#12521,#12651);
#12651 = DEFINITIONAL_REPRESENTATION('',(#12652),#12656);
#12652 = LINE('',#12653,#12654);
#12653 = CARTESIAN_POINT('',(127.,-25.4));
#12654 = VECTOR('',#12655,1.);
#12655 = DIRECTION('',(0.,1.));
#12656 = ( GEOMETRIC_REPRESENTATION_CONTEXT(2) 
PARAMETRIC_REPRESENTATION_CONTEXT() REPRESENTATION_CONTEXT('2D SPACE',''
  ) );
#12657 = PCURVE('',#12603,#12658);
#12658 = DEFINITIONAL_REPRESENTATION('',(#12659),#12663);
#12659 = LINE('',#12660,#12661);
#12660 = CARTESIAN_POINT('',(0.,0.));
#12661 = VECTOR('',#12662,1.);
#12662 = DIRECTION('',(1.,0.));
#12663 = ( GEOMETRIC_REPRESENTATION_CONTEXT(2) 
PARAMETRIC_REPRESENTATION_CONTEXT() REPRESENTATION_CONTEXT('2D SPACE',''
  ) );
#12664 = ORIENTED_EDGE('',*,*,#12665,.T.);
#12665 = EDGE_CURVE('',#12643,#12666,#12668,.T.);
#12666 = VERTEX_POINT('',#12667);
#12667 = CARTESIAN_POINT('',(-25.4,0.,152.4));
#12668 = SURFACE_CURVE('',#12669,(#12673,#12680),.PCURVE_S1.);
#12669 = LINE('',#12670,#12671);
#12670 = CARTESIAN_POINT('',(-25.4,0.,127.));
#12671 = VECTOR('',#12672,25.4);
#12672 = DIRECTION('',(0.,0.,1.));
#12673 = PCURVE('',#12521,#12674);
#12674 = DEFINITIONAL_REPRESENTATION('',(#12675),#12679);
#12675 = LINE('',#12676,#12677);
#12676 = CARTESIAN_POINT('',(127.,-25.4));
#12677 = VECTOR('',#12678,1.);
#12678 = DIRECTION('',(1.,0.));
#12679 = ( GEOMETRIC_REPRESENTATION_CONTEXT(2) 
PARAMETRIC_REPRESENTATION_CONTEXT() REPRESENTATION_CONTEXT('2D SPACE',''
  ) );
#12680 = PCURVE('',#12681,#12686);
#12681 = PLANE('',#12682);
#12682 = AXIS2_PLACEMENT_3D('',#12683,#12684,#12685);
#12683 = CARTESIAN_POINT('',(-25.4,0.,127.));
#12684 = DIRECTION('',(1.,0.,-0.));
#12685 = DIRECTION('',(0.,0.,1.));
#12686 = DEFINITIONAL_REPRESENTATION('',(#12687),#12691);
#12687 = LINE('',#12688,#12689);
#12688 = CARTESIAN_POINT('',(0.,0.));
#12689 = VECTOR('',#12690,1.);
#12690 = DIRECTION('',(1.,0.));
#12691 = ( GEOMETRIC_REPRESENTATION_CONTEXT(2) 
PARAMETRIC_REPRESENTATION_CONTEXT() REPRESENTATION_CONTEXT('2D SPACE',''
  ) );
#12692 = ORIENTED_EDGE('',*,*,#12693,.F.);
#12693 = EDGE_CURVE('',#12694,#12666,#12696,.T.);
#12694 = VERTEX_POINT('',#12695);
#12695 = CARTESIAN_POINT('',(50.8,0.,152.4));
#12696 = SURFACE_CURVE('',#12697,(#12701,#12708),.PCURVE_S1.);
#12697 = LINE('',#12698,#12699);
#12698 = CARTESIAN_POINT('',(50.8,0.,152.4));
#12699 = VECTOR('',#12700,25.4);
#12700 = DIRECTION('',(-1.,0.,0.));
#12701 = PCURVE('',#12521,#12702);
#12702 = DEFINITIONAL_REPRESENTATION('',(#12703),#12707);
#12703 = LINE('',#12704,#12705);
#12704 = CARTESIAN_POINT('',(152.4,50.8));
#12705 = VECTOR('',#12706,1.);
#12706 = DIRECTION('',(0.,-1.));
#12707 = ( GEOMETRIC_REPRESENTATION_CONTEXT(2) 
PARAMETRIC_REPRESENTATION_CONTEXT() REPRESENTATION_CONTEXT('2D SPACE',''
  ) );
#12708 = PCURVE('',#12709,#12714);
#12709 = PLANE('',#12710);
#12710 = AXIS2_PLACEMENT_3D('',#12711,#12712,#12713);
#12711 = CARTESIAN_POINT('',(0.,0.,152.4));
#12712 = DIRECTION('',(0.,0.,1.));
#12713 = DIRECTION('',(1.,0.,-0.));
#12714 = DEFINITIONAL_REPRESENTATION('',(#12715),#12719);
#12715 = LINE('',#12716,#12717);
#12716 = CARTESIAN_POINT('',(50.8,0.));
#12717 = VECTOR('',#12718,1.);
#12718 = DIRECTION('',(-1.,0.));
#12719 = ( GEOMETRIC_REPRESENTATION_CONTEXT(2) 
PARAMETRIC_REPRESENTATION_CONTEXT() REPRESENTATION_CONTEXT('2D SPACE',''
  ) );
#12720 = ORIENTED_EDGE('',*,*,#12721,.F.);
#12721 = EDGE_CURVE('',#12619,#12694,#12722,.T.);
#12722 = SURFACE_CURVE('',#12723,(#12727,#12734),.PCURVE_S1.);
#12723 = LINE('',#12724,#12725);
#12724 = CARTESIAN_POINT('',(50.8,0.,0.));
#12725 = VECTOR('',#12726,25.4);
#12726 = DIRECTION('',(0.,0.,1.));
#12727 = PCURVE('',#12521,#12728);
#12728 = DEFINITIONAL_REPRESENTATION('',(#12729),#12733);
#12729 = LINE('',#12730,#12731);
#12730 = CARTESIAN_POINT('',(0.,50.8));
#12731 = VECTOR('',#12732,1.);
#12732 = DIRECTION('',(1.,0.));
#12733 = ( GEOMETRIC_REPRESENTATION_CONTEXT(2) 
PARAMETRIC_REPRESENTATION_CONTEXT() REPRESENTATION_CONTEXT('2D SPACE',''
  ) );
#12734 = PCURVE('',#12735,#12740);
#12735 = PLANE('',#12736);
#12736 = AXIS2_PLACEMENT_3D('',#12737,#12738,#12739);
#12737 = CARTESIAN_POINT('',(50.8,0.,0.));
#12738 = DIRECTION('',(1.,0.,-0.));
#12739 = DIRECTION('',(0.,0.,1.));
#12740 = DEFINITIONAL_REPRESENTATION('',(#12741),#12745);
#12741 = LINE('',#12742,#12743);
#12742 = CARTESIAN_POINT('',(0.,0.));
#12743 = VECTOR('',#12744,1.);
#12744 = DIRECTION('',(1.,0.));
#12745 = ( GEOMETRIC_REPRESENTATION_CONTEXT(2) 
PARAMETRIC_REPRESENTATION_CONTEXT() REPRESENTATION_CONTEXT('2D SPACE',''
  ) );
#12746 = FACE_BOUND('',#12747,.F.);
#12747 = EDGE_LOOP('',(#12748));
#12748 = ORIENTED_EDGE('',*,*,#12749,.F.);
#12749 = EDGE_CURVE('',#12750,#12750,#12752,.T.);
#12750 = VERTEX_POINT('',#12751);
#12751 = CARTESIAN_POINT('',(-9.7663,0.,139.7));
#12752 = SURFACE_CURVE('',#12753,(#12758,#12765),.PCURVE_S1.);
#12753 = CIRCLE('',#12754,5.5499);
#12754 = AXIS2_PLACEMENT_3D('',#12755,#12756,#12757);
#12755 = CARTESIAN_POINT('',(-15.3162,0.,139.7));
#12756 = DIRECTION('',(0.,1.,2.22044604925E-16));
#12757 = DIRECTION('',(1.,0.,-0.));
#12758 = PCURVE('',#12521,#12759);
#12759 = DEFINITIONAL_REPRESENTATION('',(#12760),#12764);
#12760 = CIRCLE('',#12761,5.5499);
#12761 = AXIS2_PLACEMENT_2D('',#12762,#12763);
#12762 = CARTESIAN_POINT('',(139.7,-15.3162));
#12763 = DIRECTION('',(0.,1.));
#12764 = ( GEOMETRIC_REPRESENTATION_CONTEXT(2) 
PARAMETRIC_REPRESENTATION_CONTEXT() REPRESENTATION_CONTEXT('2D SPACE',''
  ) );
#12765 = PCURVE('',#12766,#12771);
#12766 = CYLINDRICAL_SURFACE('',#12767,5.5499);
#12767 = AXIS2_PLACEMENT_3D('',#12768,#12769,#12770);
#12768 = CARTESIAN_POINT('',(-15.3162,-0.254,139.7));
#12769 = DIRECTION('',(0.,1.,2.22044604925E-16));
#12770 = DIRECTION('',(1.,0.,-0.));
#12771 = DEFINITIONAL_REPRESENTATION('',(#12772),#12776);
#12772 = LINE('',#12773,#12774);
#12773 = CARTESIAN_POINT('',(0.,0.254));
#12774 = VECTOR('',#12775,1.);
#12775 = DIRECTION('',(1.,0.));
#12776 = ( GEOMETRIC_REPRESENTATION_CONTEXT(2) 
PARAMETRIC_REPRESENTATION_CONTEXT() REPRESENTATION_CONTEXT('2D SPACE',''
  ) );
#12777 = FACE_BOUND('',#12778,.F.);
#12778 = EDGE_LOOP('',(#12779));
#12779 = ORIENTED_EDGE('',*,*,#12780,.F.);
#12780 = EDGE_CURVE('',#12781,#12781,#12783,.T.);
#12781 = VERTEX_POINT('',#12782);
#12782 = CARTESIAN_POINT('',(38.1,0.,25.4));
#12783 = SURFACE_CURVE('',#12784,(#12789,#12796),.PCURVE_S1.);
#12784 = CIRCLE('',#12785,12.7);
#12785 = AXIS2_PLACEMENT_3D('',#12786,#12787,#12788);
#12786 = CARTESIAN_POINT('',(25.4,0.,25.4));
#12787 = DIRECTION('',(0.,1.,2.22044604925E-16));
#12788 = DIRECTION('',(1.,0.,-0.));
#12789 = PCURVE('',#12521,#12790);
#12790 = DEFINITIONAL_REPRESENTATION('',(#12791),#12795);
#12791 = CIRCLE('',#12792,12.7);
#12792 = AXIS2_PLACEMENT_2D('',#12793,#12794);
#12793 = CARTESIAN_POINT('',(25.4,25.4));
#12794 = DIRECTION('',(0.,1.));
#12795 = ( GEOMETRIC_REPRESENTATION_CONTEXT(2) 
PARAMETRIC_REPRESENTATION_CONTEXT() REPRESENTATION_CONTEXT('2D SPACE',''
  ) );
#12796 = PCURVE('',#12797,#12802);
#12797 = CYLINDRICAL_SURFACE('',#12798,12.7);
#12798 = AXIS2_PLACEMENT_3D('',#12799,#12800,#12801);
#12799 = CARTESIAN_POINT('',(25.4,-0.254,25.4));
#12800 = DIRECTION('',(0.,1.,2.22044604925E-16));
#12801 = DIRECTION('',(1.,0.,-0.));
#12802 = DEFINITIONAL_REPRESENTATION('',(#12803),#12807);
#12803 = LINE('',#12804,#12805);
#12804 = CARTESIAN_POINT('',(0.,0.254));
#12805 = VECTOR('',#12806,1.);
#12806 = DIRECTION('',(1.,0.));
#12807 = ( GEOMETRIC_REPRESENTATION_CONTEXT(2) 
PARAMETRIC_REPRESENTATION_CONTEXT() REPRESENTATION_CONTEXT('2D SPACE',''
  ) );
#12808 = ADVANCED_FACE('',(#12809),#12603,.F.);
#12809 = FACE_BOUND('',#12810,.F.);
#12810 = EDGE_LOOP('',(#12811,#12834,#12835,#12836));
#12811 = ORIENTED_EDGE('',*,*,#12812,.F.);
#12812 = EDGE_CURVE('',#12643,#12813,#12815,.T.);
#12813 = VERTEX_POINT('',#12814);
#12814 = CARTESIAN_POINT('',(-25.4,50.8,127.));
#12815 = SURFACE_CURVE('',#12816,(#12820,#12827),.PCURVE_S1.);
#12816 = LINE('',#12817,#12818);
#12817 = CARTESIAN_POINT('',(-25.4,0.,127.));
#12818 = VECTOR('',#12819,25.4);
#12819 = DIRECTION('',(-0.,1.,0.));
#12820 = PCURVE('',#12603,#12821);
#12821 = DEFINITIONAL_REPRESENTATION('',(#12822),#12826);
#12822 = LINE('',#12823,#12824);
#12823 = CARTESIAN_POINT('',(0.,0.));
#12824 = VECTOR('',#12825,1.);
#12825 = DIRECTION('',(0.,1.));
#12826 = ( GEOMETRIC_REPRESENTATION_CONTEXT(2) 
PARAMETRIC_REPRESENTATION_CONTEXT() REPRESENTATION_CONTEXT('2D SPACE',''
  ) );
#12827 = PCURVE('',#12681,#12828);
#12828 = DEFINITIONAL_REPRESENTATION('',(#12829),#12833);
#12829 = LINE('',#12830,#12831);
#12830 = CARTESIAN_POINT('',(0.,0.));
#12831 = VECTOR('',#12832,1.);
#12832 = DIRECTION('',(0.,-1.));
#12833 = ( GEOMETRIC_REPRESENTATION_CONTEXT(2) 
PARAMETRIC_REPRESENTATION_CONTEXT() REPRESENTATION_CONTEXT('2D SPACE',''
  ) );
#12834 = ORIENTED_EDGE('',*,*,#12642,.T.);
#12835 = ORIENTED_EDGE('',*,*,#12589,.T.);
#12836 = ORIENTED_EDGE('',*,*,#12837,.F.);
#12837 = EDGE_CURVE('',#12813,#12562,#12838,.T.);
#12838 = SURFACE_CURVE('',#12839,(#12843,#12850),.PCURVE_S1.);
#12839 = LINE('',#12840,#12841);
#12840 = CARTESIAN_POINT('',(-25.4,50.8,127.));
#12841 = VECTOR('',#12842,25.4);
#12842 = DIRECTION('',(1.,0.,-0.));
#12843 = PCURVE('',#12603,#12844);
#12844 = DEFINITIONAL_REPRESENTATION('',(#12845),#12849);
#12845 = LINE('',#12846,#12847);
#12846 = CARTESIAN_POINT('',(0.,50.8));
#12847 = VECTOR('',#12848,1.);
#12848 = DIRECTION('',(1.,0.));
#12849 = ( GEOMETRIC_REPRESENTATION_CONTEXT(2) 
PARAMETRIC_REPRESENTATION_CONTEXT() REPRESENTATION_CONTEXT('2D SPACE',''
  ) );
#12850 = PCURVE('',#12577,#12851);
#12851 = DEFINITIONAL_REPRESENTATION('',(#12852),#12856);
#12852 = LINE('',#12853,#12854);
#12853 = CARTESIAN_POINT('',(127.,-25.4));
#12854 = VECTOR('',#12855,1.);
#12855 = DIRECTION('',(0.,1.));
#12856 = ( GEOMETRIC_REPRESENTATION_CONTEXT(2) 
PARAMETRIC_REPRESENTATION_CONTEXT() REPRESENTATION_CONTEXT('2D SPACE',''
  ) );
#12857 = ADVANCED_FACE('',(#12858,#12952,#12978),#12577,.T.);
#12858 = FACE_BOUND('',#12859,.T.);
#12859 = EDGE_LOOP('',(#12860,#12883,#12884,#12885,#12908,#12931));
#12860 = ORIENTED_EDGE('',*,*,#12861,.F.);
#12861 = EDGE_CURVE('',#12534,#12862,#12864,.T.);
#12862 = VERTEX_POINT('',#12863);
#12863 = CARTESIAN_POINT('',(50.8,50.8,0.));
#12864 = SURFACE_CURVE('',#12865,(#12869,#12876),.PCURVE_S1.);
#12865 = LINE('',#12866,#12867);
#12866 = CARTESIAN_POINT('',(0.,50.8,0.));
#12867 = VECTOR('',#12868,25.4);
#12868 = DIRECTION('',(1.,0.,-0.));
#12869 = PCURVE('',#12577,#12870);
#12870 = DEFINITIONAL_REPRESENTATION('',(#12871),#12875);
#12871 = LINE('',#12872,#12873);
#12872 = CARTESIAN_POINT('',(0.,0.));
#12873 = VECTOR('',#12874,1.);
#12874 = DIRECTION('',(0.,1.));
#12875 = ( GEOMETRIC_REPRESENTATION_CONTEXT(2) 
PARAMETRIC_REPRESENTATION_CONTEXT() REPRESENTATION_CONTEXT('2D SPACE',''
  ) );
#12876 = PCURVE('',#12549,#12877);
#12877 = DEFINITIONAL_REPRESENTATION('',(#12878),#12882);
#12878 = LINE('',#12879,#12880);
#12879 = CARTESIAN_POINT('',(0.,50.8));
#12880 = VECTOR('',#12881,1.);
#12881 = DIRECTION('',(1.,0.));
#12882 = ( GEOMETRIC_REPRESENTATION_CONTEXT(2) 
PARAMETRIC_REPRESENTATION_CONTEXT() REPRESENTATION_CONTEXT('2D SPACE',''
  ) );
#12883 = ORIENTED_EDGE('',*,*,#12561,.T.);
#12884 = ORIENTED_EDGE('',*,*,#12837,.F.);
#12885 = ORIENTED_EDGE('',*,*,#12886,.T.);
#12886 = EDGE_CURVE('',#12813,#12887,#12889,.T.);
#12887 = VERTEX_POINT('',#12888);
#12888 = CARTESIAN_POINT('',(-25.4,50.8,152.4));
#12889 = SURFACE_CURVE('',#12890,(#12894,#12901),.PCURVE_S1.);
#12890 = LINE('',#12891,#12892);
#12891 = CARTESIAN_POINT('',(-25.4,50.8,127.));
#12892 = VECTOR('',#12893,25.4);
#12893 = DIRECTION('',(0.,0.,1.));
#12894 = PCURVE('',#12577,#12895);
#12895 = DEFINITIONAL_REPRESENTATION('',(#12896),#12900);
#12896 = LINE('',#12897,#12898);
#12897 = CARTESIAN_POINT('',(127.,-25.4));
#12898 = VECTOR('',#12899,1.);
#12899 = DIRECTION('',(1.,0.));
#12900 = ( GEOMETRIC_REPRESENTATION_CONTEXT(2) 
PARAMETRIC_REPRESENTATION_CONTEXT() REPRESENTATION_CONTEXT('2D SPACE',''
  ) );
#12901 = PCURVE('',#12681,#12902);
#12902 = DEFINITIONAL_REPRESENTATION('',(#12903),#12907);
#12903 = LINE('',#12904,#12905);
#12904 = CARTESIAN_POINT('',(0.,-50.8));
#12905 = VECTOR('',#12906,1.);
#12906 = DIRECTION('',(1.,0.));
#12907 = ( GEOMETRIC_REPRESENTATION_CONTEXT(2) 
PARAMETRIC_REPRESENTATION_CONTEXT() REPRESENTATION_CONTEXT('2D SPACE',''
  ) );
#12908 = ORIENTED_EDGE('',*,*,#12909,.T.);
#12909 = EDGE_CURVE('',#12887,#12910,#12912,.T.);
#12910 = VERTEX_POINT('',#12911);
#12911 = CARTESIAN_POINT('',(50.8,50.8,152.4));
#12912 = SURFACE_CURVE('',#12913,(#12917,#12924),.PCURVE_S1.);
#12913 = LINE('',#12914,#12915);
#12914 = CARTESIAN_POINT('',(-25.4,50.8,152.4));
#12915 = VECTOR('',#12916,25.4);
#12916 = DIRECTION('',(1.,0.,0.));
#12917 = PCURVE('',#12577,#12918);
#12918 = DEFINITIONAL_REPRESENTATION('',(#12919),#12923);
#12919 = LINE('',#12920,#12921);
#12920 = CARTESIAN_POINT('',(152.4,-25.4));
#12921 = VECTOR('',#12922,1.);
#12922 = DIRECTION('',(0.,1.));
#12923 = ( GEOMETRIC_REPRESENTATION_CONTEXT(2) 
PARAMETRIC_REPRESENTATION_CONTEXT() REPRESENTATION_CONTEXT('2D SPACE',''
  ) );
#12924 = PCURVE('',#12709,#12925);
#12925 = DEFINITIONAL_REPRESENTATION('',(#12926),#12930);
#12926 = LINE('',#12927,#12928);
#12927 = CARTESIAN_POINT('',(-25.4,50.8));
#12928 = VECTOR('',#12929,1.);
#12929 = DIRECTION('',(1.,0.));
#12930 = ( GEOMETRIC_REPRESENTATION_CONTEXT(2) 
PARAMETRIC_REPRESENTATION_CONTEXT() REPRESENTATION_CONTEXT('2D SPACE',''
  ) );
#12931 = ORIENTED_EDGE('',*,*,#12932,.F.);
#12932 = EDGE_CURVE('',#12862,#12910,#12933,.T.);
#12933 = SURFACE_CURVE('',#12934,(#12938,#12945),.PCURVE_S1.);
#12934 = LINE('',#12935,#12936);
#12935 = CARTESIAN_POINT('',(50.8,50.8,0.));
#12936 = VECTOR('',#12937,25.4);
#12937 = DIRECTION('',(0.,0.,1.));
#12938 = PCURVE('',#12577,#12939);
#12939 = DEFINITIONAL_REPRESENTATION('',(#12940),#12944);
#12940 = LINE('',#12941,#12942);
#12941 = CARTESIAN_POINT('',(0.,50.8));
#12942 = VECTOR('',#12943,1.);
#12943 = DIRECTION('',(1.,0.));
#12944 = ( GEOMETRIC_REPRESENTATION_CONTEXT(2) 
PARAMETRIC_REPRESENTATION_CONTEXT() REPRESENTATION_CONTEXT('2D SPACE',''
  ) );
#12945 = PCURVE('',#12735,#12946);
#12946 = DEFINITIONAL_REPRESENTATION('',(#12947),#12951);
#12947 = LINE('',#12948,#12949);
#12948 = CARTESIAN_POINT('',(0.,-50.8));
#12949 = VECTOR('',#12950,1.);
#12950 = DIRECTION('',(1.,0.));
#12951 = ( GEOMETRIC_REPRESENTATION_CONTEXT(2) 
PARAMETRIC_REPRESENTATION_CONTEXT() REPRESENTATION_CONTEXT('2D SPACE',''
  ) );
#12952 = FACE_BOUND('',#12953,.T.);
#12953 = EDGE_LOOP('',(#12954));
#12954 = ORIENTED_EDGE('',*,*,#12955,.F.);
#12955 = EDGE_CURVE('',#12956,#12956,#12958,.T.);
#12956 = VERTEX_POINT('',#12957);
#12957 = CARTESIAN_POINT('',(-9.7663,50.8,139.7));
#12958 = SURFACE_CURVE('',#12959,(#12964,#12971),.PCURVE_S1.);
#12959 = CIRCLE('',#12960,5.5499);
#12960 = AXIS2_PLACEMENT_3D('',#12961,#12962,#12963);
#12961 = CARTESIAN_POINT('',(-15.3162,50.8,139.7));
#12962 = DIRECTION('',(0.,1.,2.22044604925E-16));
#12963 = DIRECTION('',(1.,0.,-0.));
#12964 = PCURVE('',#12577,#12965);
#12965 = DEFINITIONAL_REPRESENTATION('',(#12966),#12970);
#12966 = CIRCLE('',#12967,5.5499);
#12967 = AXIS2_PLACEMENT_2D('',#12968,#12969);
#12968 = CARTESIAN_POINT('',(139.7,-15.3162));
#12969 = DIRECTION('',(0.,1.));
#12970 = ( GEOMETRIC_REPRESENTATION_CONTEXT(2) 
PARAMETRIC_REPRESENTATION_CONTEXT() REPRESENTATION_CONTEXT('2D SPACE',''
  ) );
#12971 = PCURVE('',#12766,#12972);
#12972 = DEFINITIONAL_REPRESENTATION('',(#12973),#12977);
#12973 = LINE('',#12974,#12975);
#12974 = CARTESIAN_POINT('',(0.,51.054));
#12975 = VECTOR('',#12976,1.);
#12976 = DIRECTION('',(1.,0.));
#12977 = ( GEOMETRIC_REPRESENTATION_CONTEXT(2) 
PARAMETRIC_REPRESENTATION_CONTEXT() REPRESENTATION_CONTEXT('2D SPACE',''
  ) );
#12978 = FACE_BOUND('',#12979,.T.);
#12979 = EDGE_LOOP('',(#12980));
#12980 = ORIENTED_EDGE('',*,*,#12981,.F.);
#12981 = EDGE_CURVE('',#12982,#12982,#12984,.T.);
#12982 = VERTEX_POINT('',#12983);
#12983 = CARTESIAN_POINT('',(38.1,50.8,25.4));
#12984 = SURFACE_CURVE('',#12985,(#12990,#12997),.PCURVE_S1.);
#12985 = CIRCLE('',#12986,12.7);
#12986 = AXIS2_PLACEMENT_3D('',#12987,#12988,#12989);
#12987 = CARTESIAN_POINT('',(25.4,50.8,25.4));
#12988 = DIRECTION('',(0.,1.,2.22044604925E-16));
#12989 = DIRECTION('',(1.,0.,-0.));
#12990 = PCURVE('',#12577,#12991);
#12991 = DEFINITIONAL_REPRESENTATION('',(#12992),#12996);
#12992 = CIRCLE('',#12993,12.7);
#12993 = AXIS2_PLACEMENT_2D('',#12994,#12995);
#12994 = CARTESIAN_POINT('',(25.4,25.4));
#12995 = DIRECTION('',(0.,1.));
#12996 = ( GEOMETRIC_REPRESENTATION_CONTEXT(2) 
PARAMETRIC_REPRESENTATION_CONTEXT() REPRESENTATION_CONTEXT('2D SPACE',''
  ) );
#12997 = PCURVE('',#12797,#12998);
#12998 = DEFINITIONAL_REPRESENTATION('',(#12999),#13003);
#12999 = LINE('',#13000,#13001);
#13000 = CARTESIAN_POINT('',(0.,51.054));
#13001 = VECTOR('',#13002,1.);
#13002 = DIRECTION('',(1.,0.));
#13003 = ( GEOMETRIC_REPRESENTATION_CONTEXT(2) 
PARAMETRIC_REPRESENTATION_CONTEXT() REPRESENTATION_CONTEXT('2D SPACE',''
  ) );
#13004 = ADVANCED_FACE('',(#13005),#12549,.F.);
#13005 = FACE_BOUND('',#13006,.F.);
#13006 = EDGE_LOOP('',(#13007,#13008,#13009,#13030));
#13007 = ORIENTED_EDGE('',*,*,#12533,.F.);
#13008 = ORIENTED_EDGE('',*,*,#12618,.T.);
#13009 = ORIENTED_EDGE('',*,*,#13010,.T.);
#13010 = EDGE_CURVE('',#12619,#12862,#13011,.T.);
#13011 = SURFACE_CURVE('',#13012,(#13016,#13023),.PCURVE_S1.);
#13012 = LINE('',#13013,#13014);
#13013 = CARTESIAN_POINT('',(50.8,0.,0.));
#13014 = VECTOR('',#13015,25.4);
#13015 = DIRECTION('',(-0.,1.,0.));
#13016 = PCURVE('',#12549,#13017);
#13017 = DEFINITIONAL_REPRESENTATION('',(#13018),#13022);
#13018 = LINE('',#13019,#13020);
#13019 = CARTESIAN_POINT('',(50.8,0.));
#13020 = VECTOR('',#13021,1.);
#13021 = DIRECTION('',(0.,1.));
#13022 = ( GEOMETRIC_REPRESENTATION_CONTEXT(2) 
PARAMETRIC_REPRESENTATION_CONTEXT() REPRESENTATION_CONTEXT('2D SPACE',''
  ) );
#13023 = PCURVE('',#12735,#13024);
#13024 = DEFINITIONAL_REPRESENTATION('',(#13025),#13029);
#13025 = LINE('',#13026,#13027);
#13026 = CARTESIAN_POINT('',(0.,0.));
#13027 = VECTOR('',#13028,1.);
#13028 = DIRECTION('',(0.,-1.));
#13029 = ( GEOMETRIC_REPRESENTATION_CONTEXT(2) 
PARAMETRIC_REPRESENTATION_CONTEXT() REPRESENTATION_CONTEXT('2D SPACE',''
  ) );
#13030 = ORIENTED_EDGE('',*,*,#12861,.F.);
#13031 = ADVANCED_FACE('',(#13032),#12735,.T.);
#13032 = FACE_BOUND('',#13033,.T.);
#13033 = EDGE_LOOP('',(#13034,#13035,#13036,#13037));
#13034 = ORIENTED_EDGE('',*,*,#12721,.F.);
#13035 = ORIENTED_EDGE('',*,*,#13010,.T.);
#13036 = ORIENTED_EDGE('',*,*,#12932,.T.);
#13037 = ORIENTED_EDGE('',*,*,#13038,.F.);
#13038 = EDGE_CURVE('',#12694,#12910,#13039,.T.);
#13039 = SURFACE_CURVE('',#13040,(#13044,#13051),.PCURVE_S1.);
#13040 = LINE('',#13041,#13042);
#13041 = CARTESIAN_POINT('',(50.8,0.,152.4));
#13042 = VECTOR('',#13043,25.4);
#13043 = DIRECTION('',(-0.,1.,0.));
#13044 = PCURVE('',#12735,#13045);
#13045 = DEFINITIONAL_REPRESENTATION('',(#13046),#13050);
#13046 = LINE('',#13047,#13048);
#13047 = CARTESIAN_POINT('',(152.4,0.));
#13048 = VECTOR('',#13049,1.);
#13049 = DIRECTION('',(0.,-1.));
#13050 = ( GEOMETRIC_REPRESENTATION_CONTEXT(2) 
PARAMETRIC_REPRESENTATION_CONTEXT() REPRESENTATION_CONTEXT('2D SPACE',''
  ) );
#13051 = PCURVE('',#12709,#13052);
#13052 = DEFINITIONAL_REPRESENTATION('',(#13053),#13057);
#13053 = LINE('',#13054,#13055);
#13054 = CARTESIAN_POINT('',(50.8,0.));
#13055 = VECTOR('',#13056,1.);
#13056 = DIRECTION('',(0.,1.));
#13057 = ( GEOMETRIC_REPRESENTATION_CONTEXT(2) 
PARAMETRIC_REPRESENTATION_CONTEXT() REPRESENTATION_CONTEXT('2D SPACE',''
  ) );
#13058 = ADVANCED_FACE('',(#13059,#13085),#12709,.T.);
#13059 = FACE_BOUND('',#13060,.T.);
#13060 = EDGE_LOOP('',(#13061,#13062,#13083,#13084));
#13061 = ORIENTED_EDGE('',*,*,#12909,.F.);
#13062 = ORIENTED_EDGE('',*,*,#13063,.F.);
#13063 = EDGE_CURVE('',#12666,#12887,#13064,.T.);
#13064 = SURFACE_CURVE('',#13065,(#13069,#13076),.PCURVE_S1.);
#13065 = LINE('',#13066,#13067);
#13066 = CARTESIAN_POINT('',(-25.4,0.,152.4));
#13067 = VECTOR('',#13068,25.4);
#13068 = DIRECTION('',(-0.,1.,0.));
#13069 = PCURVE('',#12709,#13070);
#13070 = DEFINITIONAL_REPRESENTATION('',(#13071),#13075);
#13071 = LINE('',#13072,#13073);
#13072 = CARTESIAN_POINT('',(-25.4,0.));
#13073 = VECTOR('',#13074,1.);
#13074 = DIRECTION('',(0.,1.));
#13075 = ( GEOMETRIC_REPRESENTATION_CONTEXT(2) 
PARAMETRIC_REPRESENTATION_CONTEXT() REPRESENTATION_CONTEXT('2D SPACE',''
  ) );
#13076 = PCURVE('',#12681,#13077);
#13077 = DEFINITIONAL_REPRESENTATION('',(#13078),#13082);
#13078 = LINE('',#13079,#13080);
#13079 = CARTESIAN_POINT('',(25.4,0.));
#13080 = VECTOR('',#13081,1.);
#13081 = DIRECTION('',(0.,-1.));
#13082 = ( GEOMETRIC_REPRESENTATION_CONTEXT(2) 
PARAMETRIC_REPRESENTATION_CONTEXT() REPRESENTATION_CONTEXT('2D SPACE',''
  ) );
#13083 = ORIENTED_EDGE('',*,*,#12693,.F.);
#13084 = ORIENTED_EDGE('',*,*,#13038,.T.);
#13085 = FACE_BOUND('',#13086,.T.);
#13086 = EDGE_LOOP('',(#13087));
#13087 = ORIENTED_EDGE('',*,*,#13088,.F.);
#13088 = EDGE_CURVE('',#13089,#13089,#13091,.T.);
#13089 = VERTEX_POINT('',#13090);
#13090 = CARTESIAN_POINT('',(38.1,25.4,152.4));
#13091 = SURFACE_CURVE('',#13092,(#13097,#13104),.PCURVE_S1.);
#13092 = CIRCLE('',#13093,12.7);
#13093 = AXIS2_PLACEMENT_3D('',#13094,#13095,#13096);
#13094 = CARTESIAN_POINT('',(25.4,25.4,152.4));
#13095 = DIRECTION('',(0.,0.,1.));
#13096 = DIRECTION('',(1.,0.,-0.));
#13097 = PCURVE('',#12709,#13098);
#13098 = DEFINITIONAL_REPRESENTATION('',(#13099),#13103);
#13099 = CIRCLE('',#13100,12.7);
#13100 = AXIS2_PLACEMENT_2D('',#13101,#13102);
#13101 = CARTESIAN_POINT('',(25.4,25.4));
#13102 = DIRECTION('',(1.,0.));
#13103 = ( GEOMETRIC_REPRESENTATION_CONTEXT(2) 
PARAMETRIC_REPRESENTATION_CONTEXT() REPRESENTATION_CONTEXT('2D SPACE',''
  ) );
#13104 = PCURVE('',#13105,#13110);
#13105 = CYLINDRICAL_SURFACE('',#13106,12.7);
#13106 = AXIS2_PLACEMENT_3D('',#13107,#13108,#13109);
#13107 = CARTESIAN_POINT('',(25.4,25.4,50.8));
#13108 = DIRECTION('',(0.,0.,1.));
#13109 = DIRECTION('',(1.,0.,-0.));
#13110 = DEFINITIONAL_REPRESENTATION('',(#13111),#13115);
#13111 = LINE('',#13112,#13113);
#13112 = CARTESIAN_POINT('',(0.,101.6));
#13113 = VECTOR('',#13114,1.);
#13114 = DIRECTION('',(1.,0.));
#13115 = ( GEOMETRIC_REPRESENTATION_CONTEXT(2) 
PARAMETRIC_REPRESENTATION_CONTEXT() REPRESENTATION_CONTEXT('2D SPACE',''
  ) );
#13116 = ADVANCED_FACE('',(#13117),#12681,.F.);
#13117 = FACE_BOUND('',#13118,.F.);
#13118 = EDGE_LOOP('',(#13119,#13120,#13121,#13122));
#13119 = ORIENTED_EDGE('',*,*,#12665,.F.);
#13120 = ORIENTED_EDGE('',*,*,#12812,.T.);
#13121 = ORIENTED_EDGE('',*,*,#12886,.T.);
#13122 = ORIENTED_EDGE('',*,*,#13063,.F.);
#13123 = ADVANCED_FACE('',(#13124),#12766,.F.);
#13124 = FACE_BOUND('',#13125,.F.);
#13125 = EDGE_LOOP('',(#13126,#13127,#13148,#13149));
#13126 = ORIENTED_EDGE('',*,*,#12955,.F.);
#13127 = ORIENTED_EDGE('',*,*,#13128,.F.);
#13128 = EDGE_CURVE('',#12750,#12956,#13129,.T.);
#13129 = SEAM_CURVE('',#13130,(#13134,#13141),.PCURVE_S1.);
#13130 = LINE('',#13131,#13132);
#13131 = CARTESIAN_POINT('',(-9.7663,-0.254,139.7));
#13132 = VECTOR('',#13133,25.4);
#13133 = DIRECTION('',(0.,1.,2.22044604925E-16));
#13134 = PCURVE('',#12766,#13135);
#13135 = DEFINITIONAL_REPRESENTATION('',(#13136),#13140);
#13136 = LINE('',#13137,#13138);
#13137 = CARTESIAN_POINT('',(6.28318530718,-0.));
#13138 = VECTOR('',#13139,1.);
#13139 = DIRECTION('',(0.,1.));
#13140 = ( GEOMETRIC_REPRESENTATION_CONTEXT(2) 
PARAMETRIC_REPRESENTATION_CONTEXT() REPRESENTATION_CONTEXT('2D SPACE',''
  ) );
#13141 = PCURVE('',#12766,#13142);
#13142 = DEFINITIONAL_REPRESENTATION('',(#13143),#13147);
#13143 = LINE('',#13144,#13145);
#13144 = CARTESIAN_POINT('',(0.,-0.));
#13145 = VECTOR('',#13146,1.);
#13146 = DIRECTION('',(0.,1.));
#13147 = ( GEOMETRIC_REPRESENTATION_CONTEXT(2) 
PARAMETRIC_REPRESENTATION_CONTEXT() REPRESENTATION_CONTEXT('2D SPACE',''
  ) );
#13148 = ORIENTED_EDGE('',*,*,#12749,.T.);
#13149 = ORIENTED_EDGE('',*,*,#13128,.T.);
#13150 = ADVANCED_FACE('',(#13151),#12797,.F.);
#13151 = FACE_BOUND('',#13152,.F.);
#13152 = EDGE_LOOP('',(#13153,#13154,#13175,#13176));
#13153 = ORIENTED_EDGE('',*,*,#12981,.F.);
#13154 = ORIENTED_EDGE('',*,*,#13155,.F.);
#13155 = EDGE_CURVE('',#12781,#12982,#13156,.T.);
#13156 = SEAM_CURVE('',#13157,(#13161,#13168),.PCURVE_S1.);
#13157 = LINE('',#13158,#13159);
#13158 = CARTESIAN_POINT('',(38.1,-0.254,25.4));
#13159 = VECTOR('',#13160,25.4);
#13160 = DIRECTION('',(0.,1.,2.22044604925E-16));
#13161 = PCURVE('',#12797,#13162);
#13162 = DEFINITIONAL_REPRESENTATION('',(#13163),#13167);
#13163 = LINE('',#13164,#13165);
#13164 = CARTESIAN_POINT('',(6.28318530718,-0.));
#13165 = VECTOR('',#13166,1.);
#13166 = DIRECTION('',(0.,1.));
#13167 = ( GEOMETRIC_REPRESENTATION_CONTEXT(2) 
PARAMETRIC_REPRESENTATION_CONTEXT() REPRESENTATION_CONTEXT('2D SPACE',''
  ) );
#13168 = PCURVE('',#12797,#13169);
#13169 = DEFINITIONAL_REPRESENTATION('',(#13170),#13174);
#13170 = LINE('',#13171,#13172);
#13171 = CARTESIAN_POINT('',(0.,-0.));
#13172 = VECTOR('',#13173,1.);
#13173 = DIRECTION('',(0.,1.));
#13174 = ( GEOMETRIC_REPRESENTATION_CONTEXT(2) 
PARAMETRIC_REPRESENTATION_CONTEXT() REPRESENTATION_CONTEXT('2D SPACE',''
  ) );
#13175 = ORIENTED_EDGE('',*,*,#12780,.T.);
#13176 = ORIENTED_EDGE('',*,*,#13155,.T.);
#13177 = ADVANCED_FACE('',(#13178),#13105,.F.);
#13178 = FACE_BOUND('',#13179,.F.);
#13179 = EDGE_LOOP('',(#13180,#13181,#13204,#13231));
#13180 = ORIENTED_EDGE('',*,*,#13088,.F.);
#13181 = ORIENTED_EDGE('',*,*,#13182,.F.);
#13182 = EDGE_CURVE('',#13183,#13089,#13185,.T.);
#13183 = VERTEX_POINT('',#13184);
#13184 = CARTESIAN_POINT('',(38.1,25.4,50.8));
#13185 = SEAM_CURVE('',#13186,(#13190,#13197),.PCURVE_S1.);
#13186 = LINE('',#13187,#13188);
#13187 = CARTESIAN_POINT('',(38.1,25.4,50.8));
#13188 = VECTOR('',#13189,25.4);
#13189 = DIRECTION('',(0.,0.,1.));
#13190 = PCURVE('',#13105,#13191);
#13191 = DEFINITIONAL_REPRESENTATION('',(#13192),#13196);
#13192 = LINE('',#13193,#13194);
#13193 = CARTESIAN_POINT('',(6.28318530718,-0.));
#13194 = VECTOR('',#13195,1.);
#13195 = DIRECTION('',(0.,1.));
#13196 = ( GEOMETRIC_REPRESENTATION_CONTEXT(2) 
PARAMETRIC_REPRESENTATION_CONTEXT() REPRESENTATION_CONTEXT('2D SPACE',''
  ) );
#13197 = PCURVE('',#13105,#13198);
#13198 = DEFINITIONAL_REPRESENTATION('',(#13199),#13203);
#13199 = LINE('',#13200,#13201);
#13200 = CARTESIAN_POINT('',(0.,-0.));
#13201 = VECTOR('',#13202,1.);
#13202 = DIRECTION('',(0.,1.));
#13203 = ( GEOMETRIC_REPRESENTATION_CONTEXT(2) 
PARAMETRIC_REPRESENTATION_CONTEXT() REPRESENTATION_CONTEXT('2D SPACE',''
  ) );
#13204 = ORIENTED_EDGE('',*,*,#13205,.T.);
#13205 = EDGE_CURVE('',#13183,#13183,#13206,.T.);
#13206 = SURFACE_CURVE('',#13207,(#13212,#13219),.PCURVE_S1.);
#13207 = CIRCLE('',#13208,12.7);
#13208 = AXIS2_PLACEMENT_3D('',#13209,#13210,#13211);
#13209 = CARTESIAN_POINT('',(25.4,25.4,50.8));
#13210 = DIRECTION('',(0.,0.,1.));
#13211 = DIRECTION('',(1.,0.,-0.));
#13212 = PCURVE('',#13105,#13213);
#13213 = DEFINITIONAL_REPRESENTATION('',(#13214),#13218);
#13214 = LINE('',#13215,#13216);
#13215 = CARTESIAN_POINT('',(0.,0.));
#13216 = VECTOR('',#13217,1.);
#13217 = DIRECTION('',(1.,0.));
#13218 = ( GEOMETRIC_REPRESENTATION_CONTEXT(2) 
PARAMETRIC_REPRESENTATION_CONTEXT() REPRESENTATION_CONTEXT('2D SPACE',''
  ) );
#13219 = PCURVE('',#13220,#13225);
#13220 = PLANE('',#13221);
#13221 = AXIS2_PLACEMENT_3D('',#13222,#13223,#13224);
#13222 = CARTESIAN_POINT('',(25.4,25.4,50.8));
#13223 = DIRECTION('',(0.,0.,1.));
#13224 = DIRECTION('',(1.,0.,-0.));
#13225 = DEFINITIONAL_REPRESENTATION('',(#13226),#13230);
#13226 = CIRCLE('',#13227,12.7);
#13227 = AXIS2_PLACEMENT_2D('',#13228,#13229);
#13228 = CARTESIAN_POINT('',(0.,0.));
#13229 = DIRECTION('',(1.,0.));
#13230 = ( GEOMETRIC_REPRESENTATION_CONTEXT(2) 
PARAMETRIC_REPRESENTATION_CONTEXT() REPRESENTATION_CONTEXT('2D SPACE',''
  ) );
#13231 = ORIENTED_EDGE('',*,*,#13182,.T.);
#13232 = ADVANCED_FACE('',(#13233),#13220,.T.);
#13233 = FACE_BOUND('',#13234,.F.);
#13234 = EDGE_LOOP('',(#13235));
#13235 = ORIENTED_EDGE('',*,*,#13205,.F.);
#13236 = ( GEOMETRIC_REPRESENTATION_CONTEXT(3) 
GLOBAL_UNCERTAINTY_ASSIGNED_CONTEXT((#13240)) 
GLOBAL_UNIT_ASSIGNED_CONTEXT((#13237,#13238,#13239)) 
REPRESENTATION_CONTEXT('Context #1',
  '3D Context with UNIT and UNCERTAINTY') );
#13237 = ( LENGTH_UNIT() NAMED_UNIT(*) SI_UNIT(.MILLI.,.METRE.) );
#13238 = ( NAMED_UNIT(*) PLANE_ANGLE_UNIT() SI_UNIT($,.RADIAN.) );
#13239 = ( NAMED_UNIT(*) SI_UNIT($,.STERADIAN.) SOLID_ANGLE_UNIT() );
#13240 = UNCERTAINTY_MEASURE_WITH_UNIT(LENGTH_MEASURE(2.54E-06),#13237,
  'distance_accuracy_value','confusion accuracy');
#13241 = CONTEXT_DEPENDENT_SHAPE_REPRESENTATION(#13242,#13244);
#13242 = ( REPRESENTATION_RELATIONSHIP('','',#12491,#10) 
REPRESENTATION_RELATIONSHIP_WITH_TRANSFORMATION(#13243) 
SHAPE_REPRESENTATION_RELATIONSHIP() );
#13243 = ITEM_DEFINED_TRANSFORMATION('','',#11,#127);
#13244 = PRODUCT_DEFINITION_SHAPE('Placement','Placement of an item',
  #13245);
#13245 = NEXT_ASSEMBLY_USAGE_OCCURRENCE('29','Pivot Block','',#5,#12486,
  $);
#13246 = PRODUCT_RELATED_PRODUCT_CATEGORY('part',$,(#12488));
#13247 = SHAPE_DEFINITION_REPRESENTATION(#13248,#13254);
#13248 = PRODUCT_DEFINITION_SHAPE('','',#13249);
#13249 = PRODUCT_DEFINITION('design','',#13250,#13253);
#13250 = PRODUCT_DEFINITION_FORMATION('','',#13251);
#13251 = PRODUCT('Handle','Handle','',(#13252));
#13252 = PRODUCT_CONTEXT('',#2,'mechanical');
#13253 = PRODUCT_DEFINITION_CONTEXT('part definition',#2,'design');
#13254 = ADVANCED_BREP_SHAPE_REPRESENTATION('',(#11,#13255),#13353);
#13255 = MANIFOLD_SOLID_BREP('',#13256);
#13256 = CLOSED_SHELL('',(#13257,#13345,#13349));
#13257 = ADVANCED_FACE('',(#13258),#13271,.T.);
#13258 = FACE_BOUND('',#13259,.T.);
#13259 = EDGE_LOOP('',(#13260,#13294,#13317,#13344));
#13260 = ORIENTED_EDGE('',*,*,#13261,.F.);
#13261 = EDGE_CURVE('',#13262,#13262,#13264,.T.);
#13262 = VERTEX_POINT('',#13263);
#13263 = CARTESIAN_POINT('',(12.065,-2.955072726343E-15,1.8288E+03));
#13264 = SURFACE_CURVE('',#13265,(#13270,#13282),.PCURVE_S1.);
#13265 = CIRCLE('',#13266,12.065);
#13266 = AXIS2_PLACEMENT_3D('',#13267,#13268,#13269);
#13267 = CARTESIAN_POINT('',(0.,0.,1.8288E+03));
#13268 = DIRECTION('',(0.,0.,1.));
#13269 = DIRECTION('',(1.,0.,-0.));
#13270 = PCURVE('',#13271,#13276);
#13271 = CYLINDRICAL_SURFACE('',#13272,12.065);
#13272 = AXIS2_PLACEMENT_3D('',#13273,#13274,#13275);
#13273 = CARTESIAN_POINT('',(0.,0.,0.));
#13274 = DIRECTION('',(0.,0.,1.));
#13275 = DIRECTION('',(1.,0.,-0.));
#13276 = DEFINITIONAL_REPRESENTATION('',(#13277),#13281);
#13277 = LINE('',#13278,#13279);
#13278 = CARTESIAN_POINT('',(0.,1.8288E+03));
#13279 = VECTOR('',#13280,1.);
#13280 = DIRECTION('',(1.,0.));
#13281 = ( GEOMETRIC_REPRESENTATION_CONTEXT(2) 
PARAMETRIC_REPRESENTATION_CONTEXT() REPRESENTATION_CONTEXT('2D SPACE',''
  ) );
#13282 = PCURVE('',#13283,#13288);
#13283 = PLANE('',#13284);
#13284 = AXIS2_PLACEMENT_3D('',#13285,#13286,#13287);
#13285 = CARTESIAN_POINT('',(0.,0.,1.8288E+03));
#13286 = DIRECTION('',(0.,0.,1.));
#13287 = DIRECTION('',(1.,0.,-0.));
#13288 = DEFINITIONAL_REPRESENTATION('',(#13289),#13293);
#13289 = CIRCLE('',#13290,12.065);
#13290 = AXIS2_PLACEMENT_2D('',#13291,#13292);
#13291 = CARTESIAN_POINT('',(0.,0.));
#13292 = DIRECTION('',(1.,0.));
#13293 = ( GEOMETRIC_REPRESENTATION_CONTEXT(2) 
PARAMETRIC_REPRESENTATION_CONTEXT() REPRESENTATION_CONTEXT('2D SPACE',''
  ) );
#13294 = ORIENTED_EDGE('',*,*,#13295,.F.);
#13295 = EDGE_CURVE('',#13296,#13262,#13298,.T.);
#13296 = VERTEX_POINT('',#13297);
#13297 = CARTESIAN_POINT('',(12.065,-2.955072726343E-15,0.));
#13298 = SEAM_CURVE('',#13299,(#13303,#13310),.PCURVE_S1.);
#13299 = LINE('',#13300,#13301);
#13300 = CARTESIAN_POINT('',(12.065,-2.955072726343E-15,0.));
#13301 = VECTOR('',#13302,25.4);
#13302 = DIRECTION('',(0.,0.,1.));
#13303 = PCURVE('',#13271,#13304);
#13304 = DEFINITIONAL_REPRESENTATION('',(#13305),#13309);
#13305 = LINE('',#13306,#13307);
#13306 = CARTESIAN_POINT('',(6.28318530718,-0.));
#13307 = VECTOR('',#13308,1.);
#13308 = DIRECTION('',(0.,1.));
#13309 = ( GEOMETRIC_REPRESENTATION_CONTEXT(2) 
PARAMETRIC_REPRESENTATION_CONTEXT() REPRESENTATION_CONTEXT('2D SPACE',''
  ) );
#13310 = PCURVE('',#13271,#13311);
#13311 = DEFINITIONAL_REPRESENTATION('',(#13312),#13316);
#13312 = LINE('',#13313,#13314);
#13313 = CARTESIAN_POINT('',(0.,-0.));
#13314 = VECTOR('',#13315,1.);
#13315 = DIRECTION('',(0.,1.));
#13316 = ( GEOMETRIC_REPRESENTATION_CONTEXT(2) 
PARAMETRIC_REPRESENTATION_CONTEXT() REPRESENTATION_CONTEXT('2D SPACE',''
  ) );
#13317 = ORIENTED_EDGE('',*,*,#13318,.T.);
#13318 = EDGE_CURVE('',#13296,#13296,#13319,.T.);
#13319 = SURFACE_CURVE('',#13320,(#13325,#13332),.PCURVE_S1.);
#13320 = CIRCLE('',#13321,12.065);
#13321 = AXIS2_PLACEMENT_3D('',#13322,#13323,#13324);
#13322 = CARTESIAN_POINT('',(0.,0.,0.));
#13323 = DIRECTION('',(0.,0.,1.));
#13324 = DIRECTION('',(1.,0.,-0.));
#13325 = PCURVE('',#13271,#13326);
#13326 = DEFINITIONAL_REPRESENTATION('',(#13327),#13331);
#13327 = LINE('',#13328,#13329);
#13328 = CARTESIAN_POINT('',(0.,0.));
#13329 = VECTOR('',#13330,1.);
#13330 = DIRECTION('',(1.,0.));
#13331 = ( GEOMETRIC_REPRESENTATION_CONTEXT(2) 
PARAMETRIC_REPRESENTATION_CONTEXT() REPRESENTATION_CONTEXT('2D SPACE',''
  ) );
#13332 = PCURVE('',#13333,#13338);
#13333 = PLANE('',#13334);
#13334 = AXIS2_PLACEMENT_3D('',#13335,#13336,#13337);
#13335 = CARTESIAN_POINT('',(0.,0.,0.));
#13336 = DIRECTION('',(0.,0.,1.));
#13337 = DIRECTION('',(1.,0.,-0.));
#13338 = DEFINITIONAL_REPRESENTATION('',(#13339),#13343);
#13339 = CIRCLE('',#13340,12.065);
#13340 = AXIS2_PLACEMENT_2D('',#13341,#13342);
#13341 = CARTESIAN_POINT('',(0.,0.));
#13342 = DIRECTION('',(1.,0.));
#13343 = ( GEOMETRIC_REPRESENTATION_CONTEXT(2) 
PARAMETRIC_REPRESENTATION_CONTEXT() REPRESENTATION_CONTEXT('2D SPACE',''
  ) );
#13344 = ORIENTED_EDGE('',*,*,#13295,.T.);
#13345 = ADVANCED_FACE('',(#13346),#13283,.T.);
#13346 = FACE_BOUND('',#13347,.T.);
#13347 = EDGE_LOOP('',(#13348));
#13348 = ORIENTED_EDGE('',*,*,#13261,.T.);
#13349 = ADVANCED_FACE('',(#13350),#13333,.F.);
#13350 = FACE_BOUND('',#13351,.T.);
#13351 = EDGE_LOOP('',(#13352));
#13352 = ORIENTED_EDGE('',*,*,#13318,.F.);
#13353 = ( GEOMETRIC_REPRESENTATION_CONTEXT(3) 
GLOBAL_UNCERTAINTY_ASSIGNED_CONTEXT((#13357)) 
GLOBAL_UNIT_ASSIGNED_CONTEXT((#13354,#13355,#13356)) 
REPRESENTATION_CONTEXT('Context #1',
  '3D Context with UNIT and UNCERTAINTY') );
#13354 = ( LENGTH_UNIT() NAMED_UNIT(*) SI_UNIT(.MILLI.,.METRE.) );
#13355 = ( NAMED_UNIT(*) PLANE_ANGLE_UNIT() SI_UNIT($,.RADIAN.) );
#13356 = ( NAMED_UNIT(*) SI_UNIT($,.STERADIAN.) SOLID_ANGLE_UNIT() );
#13357 = UNCERTAINTY_MEASURE_WITH_UNIT(LENGTH_MEASURE(2.54E-06),#13354,
  'distance_accuracy_value','confusion accuracy');
#13358 = CONTEXT_DEPENDENT_SHAPE_REPRESENTATION(#13359,#13361);
#13359 = ( REPRESENTATION_RELATIONSHIP('','',#13254,#10) 
REPRESENTATION_RELATIONSHIP_WITH_TRANSFORMATION(#13360) 
SHAPE_REPRESENTATION_RELATIONSHIP() );
#13360 = ITEM_DEFINED_TRANSFORMATION('','',#11,#131);
#13361 = PRODUCT_DEFINITION_SHAPE('Placement','Placement of an item',
  #13362);
#13362 = NEXT_ASSEMBLY_USAGE_OCCURRENCE('30','Handle','',#5,#13249,$);
#13363 = PRODUCT_RELATED_PRODUCT_CATEGORY('part',$,(#13251));
#13364 = SHAPE_DEFINITION_REPRESENTATION(#13365,#13371);
#13365 = PRODUCT_DEFINITION_SHAPE('','',#13366);
#13366 = PRODUCT_DEFINITION('design','',#13367,#13370);
#13367 = PRODUCT_DEFINITION_FORMATION('','',#13368);
#13368 = PRODUCT('Axle','Axle','',(#13369));
#13369 = PRODUCT_CONTEXT('',#2,'mechanical');
#13370 = PRODUCT_DEFINITION_CONTEXT('part definition',#2,'design');
#13371 = ADVANCED_BREP_SHAPE_REPRESENTATION('',(#11,#13372),#13470);
#13372 = MANIFOLD_SOLID_BREP('',#13373);
#13373 = CLOSED_SHELL('',(#13374,#13462,#13466));
#13374 = ADVANCED_FACE('',(#13375),#13388,.T.);
#13375 = FACE_BOUND('',#13376,.T.);
#13376 = EDGE_LOOP('',(#13377,#13411,#13434,#13461));
#13377 = ORIENTED_EDGE('',*,*,#13378,.F.);
#13378 = EDGE_CURVE('',#13379,#13379,#13381,.T.);
#13379 = VERTEX_POINT('',#13380);
#13380 = CARTESIAN_POINT('',(5.5499,-1.359333454118E-15,76.2));
#13381 = SURFACE_CURVE('',#13382,(#13387,#13399),.PCURVE_S1.);
#13382 = CIRCLE('',#13383,5.5499);
#13383 = AXIS2_PLACEMENT_3D('',#13384,#13385,#13386);
#13384 = CARTESIAN_POINT('',(0.,0.,76.2));
#13385 = DIRECTION('',(0.,0.,1.));
#13386 = DIRECTION('',(1.,0.,-0.));
#13387 = PCURVE('',#13388,#13393);
#13388 = CYLINDRICAL_SURFACE('',#13389,5.5499);
#13389 = AXIS2_PLACEMENT_3D('',#13390,#13391,#13392);
#13390 = CARTESIAN_POINT('',(0.,0.,0.));
#13391 = DIRECTION('',(0.,0.,1.));
#13392 = DIRECTION('',(1.,0.,-0.));
#13393 = DEFINITIONAL_REPRESENTATION('',(#13394),#13398);
#13394 = LINE('',#13395,#13396);
#13395 = CARTESIAN_POINT('',(0.,76.2));
#13396 = VECTOR('',#13397,1.);
#13397 = DIRECTION('',(1.,0.));
#13398 = ( GEOMETRIC_REPRESENTATION_CONTEXT(2) 
PARAMETRIC_REPRESENTATION_CONTEXT() REPRESENTATION_CONTEXT('2D SPACE',''
  ) );
#13399 = PCURVE('',#13400,#13405);
#13400 = PLANE('',#13401);
#13401 = AXIS2_PLACEMENT_3D('',#13402,#13403,#13404);
#13402 = CARTESIAN_POINT('',(0.,0.,76.2));
#13403 = DIRECTION('',(0.,0.,1.));
#13404 = DIRECTION('',(1.,0.,-0.));
#13405 = DEFINITIONAL_REPRESENTATION('',(#13406),#13410);
#13406 = CIRCLE('',#13407,5.5499);
#13407 = AXIS2_PLACEMENT_2D('',#13408,#13409);
#13408 = CARTESIAN_POINT('',(0.,0.));
#13409 = DIRECTION('',(1.,0.));
#13410 = ( GEOMETRIC_REPRESENTATION_CONTEXT(2) 
PARAMETRIC_REPRESENTATION_CONTEXT() REPRESENTATION_CONTEXT('2D SPACE',''
  ) );
#13411 = ORIENTED_EDGE('',*,*,#13412,.F.);
#13412 = EDGE_CURVE('',#13413,#13379,#13415,.T.);
#13413 = VERTEX_POINT('',#13414);
#13414 = CARTESIAN_POINT('',(5.5499,-1.359333454118E-15,0.));
#13415 = SEAM_CURVE('',#13416,(#13420,#13427),.PCURVE_S1.);
#13416 = LINE('',#13417,#13418);
#13417 = CARTESIAN_POINT('',(5.5499,-1.359333454118E-15,0.));
#13418 = VECTOR('',#13419,25.4);
#13419 = DIRECTION('',(0.,0.,1.));
#13420 = PCURVE('',#13388,#13421);
#13421 = DEFINITIONAL_REPRESENTATION('',(#13422),#13426);
#13422 = LINE('',#13423,#13424);
#13423 = CARTESIAN_POINT('',(6.28318530718,-0.));
#13424 = VECTOR('',#13425,1.);
#13425 = DIRECTION('',(0.,1.));
#13426 = ( GEOMETRIC_REPRESENTATION_CONTEXT(2) 
PARAMETRIC_REPRESENTATION_CONTEXT() REPRESENTATION_CONTEXT('2D SPACE',''
  ) );
#13427 = PCURVE('',#13388,#13428);
#13428 = DEFINITIONAL_REPRESENTATION('',(#13429),#13433);
#13429 = LINE('',#13430,#13431);
#13430 = CARTESIAN_POINT('',(0.,-0.));
#13431 = VECTOR('',#13432,1.);
#13432 = DIRECTION('',(0.,1.));
#13433 = ( GEOMETRIC_REPRESENTATION_CONTEXT(2) 
PARAMETRIC_REPRESENTATION_CONTEXT() REPRESENTATION_CONTEXT('2D SPACE',''
  ) );
#13434 = ORIENTED_EDGE('',*,*,#13435,.T.);
#13435 = EDGE_CURVE('',#13413,#13413,#13436,.T.);
#13436 = SURFACE_CURVE('',#13437,(#13442,#13449),.PCURVE_S1.);
#13437 = CIRCLE('',#13438,5.5499);
#13438 = AXIS2_PLACEMENT_3D('',#13439,#13440,#13441);
#13439 = CARTESIAN_POINT('',(0.,0.,0.));
#13440 = DIRECTION('',(0.,0.,1.));
#13441 = DIRECTION('',(1.,0.,-0.));
#13442 = PCURVE('',#13388,#13443);
#13443 = DEFINITIONAL_REPRESENTATION('',(#13444),#13448);
#13444 = LINE('',#13445,#13446);
#13445 = CARTESIAN_POINT('',(0.,0.));
#13446 = VECTOR('',#13447,1.);
#13447 = DIRECTION('',(1.,0.));
#13448 = ( GEOMETRIC_REPRESENTATION_CONTEXT(2) 
PARAMETRIC_REPRESENTATION_CONTEXT() REPRESENTATION_CONTEXT('2D SPACE',''
  ) );
#13449 = PCURVE('',#13450,#13455);
#13450 = PLANE('',#13451);
#13451 = AXIS2_PLACEMENT_3D('',#13452,#13453,#13454);
#13452 = CARTESIAN_POINT('',(0.,0.,0.));
#13453 = DIRECTION('',(0.,0.,1.));
#13454 = DIRECTION('',(1.,0.,-0.));
#13455 = DEFINITIONAL_REPRESENTATION('',(#13456),#13460);
#13456 = CIRCLE('',#13457,5.5499);
#13457 = AXIS2_PLACEMENT_2D('',#13458,#13459);
#13458 = CARTESIAN_POINT('',(0.,0.));
#13459 = DIRECTION('',(1.,0.));
#13460 = ( GEOMETRIC_REPRESENTATION_CONTEXT(2) 
PARAMETRIC_REPRESENTATION_CONTEXT() REPRESENTATION_CONTEXT('2D SPACE',''
  ) );
#13461 = ORIENTED_EDGE('',*,*,#13412,.T.);
#13462 = ADVANCED_FACE('',(#13463),#13400,.T.);
#13463 = FACE_BOUND('',#13464,.T.);
#13464 = EDGE_LOOP('',(#13465));
#13465 = ORIENTED_EDGE('',*,*,#13378,.T.);
#13466 = ADVANCED_FACE('',(#13467),#13450,.F.);
#13467 = FACE_BOUND('',#13468,.T.);
#13468 = EDGE_LOOP('',(#13469));
#13469 = ORIENTED_EDGE('',*,*,#13435,.F.);
#13470 = ( GEOMETRIC_REPRESENTATION_CONTEXT(3) 
GLOBAL_UNCERTAINTY_ASSIGNED_CONTEXT((#13474)) 
GLOBAL_UNIT_ASSIGNED_CONTEXT((#13471,#13472,#13473)) 
REPRESENTATION_CONTEXT('Context #1',
  '3D Context with UNIT and UNCERTAINTY') );
#13471 = ( LENGTH_UNIT() NAMED_UNIT(*) SI_UNIT(.MILLI.,.METRE.) );
#13472 = ( NAMED_UNIT(*) PLANE_ANGLE_UNIT() SI_UNIT($,.RADIAN.) );
#13473 = ( NAMED_UNIT(*) SI_UNIT($,.STERADIAN.) SOLID_ANGLE_UNIT() );
#13474 = UNCERTAINTY_MEASURE_WITH_UNIT(LENGTH_MEASURE(2.54E-06),#13471,
  'distance_accuracy_value','confusion accuracy');
#13475 = CONTEXT_DEPENDENT_SHAPE_REPRESENTATION(#13476,#13478);
#13476 = ( REPRESENTATION_RELATIONSHIP('','',#13371,#10) 
REPRESENTATION_RELATIONSHIP_WITH_TRANSFORMATION(#13477) 
SHAPE_REPRESENTATION_RELATIONSHIP() );
#13477 = ITEM_DEFINED_TRANSFORMATION('','',#11,#135);
#13478 = PRODUCT_DEFINITION_SHAPE('Placement','Placement of an item',
  #13479);
#13479 = NEXT_ASSEMBLY_USAGE_OCCURRENCE('31','Axle','',#5,#13366,$);
#13480 = PRODUCT_RELATED_PRODUCT_CATEGORY('part',$,(#13368));
#13481 = SHAPE_DEFINITION_REPRESENTATION(#13482,#13488);
#13482 = PRODUCT_DEFINITION_SHAPE('','',#13483);
#13483 = PRODUCT_DEFINITION('design','',#13484,#13487);
#13484 = PRODUCT_DEFINITION_FORMATION('','',#13485);
#13485 = PRODUCT('Clamp','Clamp','',(#13486));
#13486 = PRODUCT_CONTEXT('',#2,'mechanical');
#13487 = PRODUCT_DEFINITION_CONTEXT('part definition',#2,'design');
#13488 = ADVANCED_BREP_SHAPE_REPRESENTATION('',(#11,#13489),#14383);
#13489 = MANIFOLD_SOLID_BREP('',#13490);
#13490 = CLOSED_SHELL('',(#13491,#13611,#13689,#13765,#13991,#14187,
    #14214,#14241,#14268,#14295,#14322,#14349,#14356));
#13491 = ADVANCED_FACE('',(#13492),#13506,.F.);
#13492 = FACE_BOUND('',#13493,.F.);
#13493 = EDGE_LOOP('',(#13494,#13529,#13557,#13585));
#13494 = ORIENTED_EDGE('',*,*,#13495,.T.);
#13495 = EDGE_CURVE('',#13496,#13498,#13500,.T.);
#13496 = VERTEX_POINT('',#13497);
#13497 = CARTESIAN_POINT('',(6.35,2.860074301836E-08,0.));
#13498 = VERTEX_POINT('',#13499);
#13499 = CARTESIAN_POINT('',(6.35,2.860074301836E-08,6.35));
#13500 = SURFACE_CURVE('',#13501,(#13505,#13517),.PCURVE_S1.);
#13501 = LINE('',#13502,#13503);
#13502 = CARTESIAN_POINT('',(6.35,2.860074301836E-08,0.));
#13503 = VECTOR('',#13504,25.4);
#13504 = DIRECTION('',(0.,0.,1.));
#13505 = PCURVE('',#13506,#13511);
#13506 = PLANE('',#13507);
#13507 = AXIS2_PLACEMENT_3D('',#13508,#13509,#13510);
#13508 = CARTESIAN_POINT('',(6.35,0.,0.));
#13509 = DIRECTION('',(0.,1.,0.));
#13510 = DIRECTION('',(1.,0.,0.));
#13511 = DEFINITIONAL_REPRESENTATION('',(#13512),#13516);
#13512 = LINE('',#13513,#13514);
#13513 = CARTESIAN_POINT('',(0.,0.));
#13514 = VECTOR('',#13515,1.);
#13515 = DIRECTION('',(0.,-1.));
#13516 = ( GEOMETRIC_REPRESENTATION_CONTEXT(2) 
PARAMETRIC_REPRESENTATION_CONTEXT() REPRESENTATION_CONTEXT('2D SPACE',''
  ) );
#13517 = PCURVE('',#13518,#13523);
#13518 = CYLINDRICAL_SURFACE('',#13519,6.35);
#13519 = AXIS2_PLACEMENT_3D('',#13520,#13521,#13522);
#13520 = CARTESIAN_POINT('',(6.35,6.350000057201,0.));
#13521 = DIRECTION('',(-0.,-0.,-1.));
#13522 = DIRECTION('',(1.,0.,0.));
#13523 = DEFINITIONAL_REPRESENTATION('',(#13524),#13528);
#13524 = LINE('',#13525,#13526);
#13525 = CARTESIAN_POINT('',(-4.712388980385,0.));
#13526 = VECTOR('',#13527,1.);
#13527 = DIRECTION('',(-0.,-1.));
#13528 = ( GEOMETRIC_REPRESENTATION_CONTEXT(2) 
PARAMETRIC_REPRESENTATION_CONTEXT() REPRESENTATION_CONTEXT('2D SPACE',''
  ) );
#13529 = ORIENTED_EDGE('',*,*,#13530,.T.);
#13530 = EDGE_CURVE('',#13498,#13531,#13533,.T.);
#13531 = VERTEX_POINT('',#13532);
#13532 = CARTESIAN_POINT('',(74.3966,0.,6.35));
#13533 = SURFACE_CURVE('',#13534,(#13538,#13545),.PCURVE_S1.);
#13534 = LINE('',#13535,#13536);
#13535 = CARTESIAN_POINT('',(0.,0.,6.35));
#13536 = VECTOR('',#13537,25.4);
#13537 = DIRECTION('',(1.,0.,0.));
#13538 = PCURVE('',#13506,#13539);
#13539 = DEFINITIONAL_REPRESENTATION('',(#13540),#13544);
#13540 = LINE('',#13541,#13542);
#13541 = CARTESIAN_POINT('',(-6.35,-6.35));
#13542 = VECTOR('',#13543,1.);
#13543 = DIRECTION('',(1.,0.));
#13544 = ( GEOMETRIC_REPRESENTATION_CONTEXT(2) 
PARAMETRIC_REPRESENTATION_CONTEXT() REPRESENTATION_CONTEXT('2D SPACE',''
  ) );
#13545 = PCURVE('',#13546,#13551);
#13546 = PLANE('',#13547);
#13547 = AXIS2_PLACEMENT_3D('',#13548,#13549,#13550);
#13548 = CARTESIAN_POINT('',(54.927509560367,13.086834259927,6.35));
#13549 = DIRECTION('',(0.,0.,1.));
#13550 = DIRECTION('',(1.,0.,-0.));
#13551 = DEFINITIONAL_REPRESENTATION('',(#13552),#13556);
#13552 = LINE('',#13553,#13554);
#13553 = CARTESIAN_POINT('',(-54.92750956036,-13.08683425992));
#13554 = VECTOR('',#13555,1.);
#13555 = DIRECTION('',(1.,0.));
#13556 = ( GEOMETRIC_REPRESENTATION_CONTEXT(2) 
PARAMETRIC_REPRESENTATION_CONTEXT() REPRESENTATION_CONTEXT('2D SPACE',''
  ) );
#13557 = ORIENTED_EDGE('',*,*,#13558,.F.);
#13558 = EDGE_CURVE('',#13559,#13531,#13561,.T.);
#13559 = VERTEX_POINT('',#13560);
#13560 = CARTESIAN_POINT('',(74.3966,0.,0.));
#13561 = SURFACE_CURVE('',#13562,(#13566,#13573),.PCURVE_S1.);
#13562 = LINE('',#13563,#13564);
#13563 = CARTESIAN_POINT('',(74.3966,0.,0.));
#13564 = VECTOR('',#13565,25.4);
#13565 = DIRECTION('',(0.,0.,1.));
#13566 = PCURVE('',#13506,#13567);
#13567 = DEFINITIONAL_REPRESENTATION('',(#13568),#13572);
#13568 = LINE('',#13569,#13570);
#13569 = CARTESIAN_POINT('',(68.0466,0.));
#13570 = VECTOR('',#13571,1.);
#13571 = DIRECTION('',(0.,-1.));
#13572 = ( GEOMETRIC_REPRESENTATION_CONTEXT(2) 
PARAMETRIC_REPRESENTATION_CONTEXT() REPRESENTATION_CONTEXT('2D SPACE',''
  ) );
#13573 = PCURVE('',#13574,#13579);
#13574 = PLANE('',#13575);
#13575 = AXIS2_PLACEMENT_3D('',#13576,#13577,#13578);
#13576 = CARTESIAN_POINT('',(74.3966,0.,0.));
#13577 = DIRECTION('',(-0.97323960179,0.229792683756,0.));
#13578 = DIRECTION('',(0.229792683756,0.97323960179,0.));
#13579 = DEFINITIONAL_REPRESENTATION('',(#13580),#13584);
#13580 = LINE('',#13581,#13582);
#13581 = CARTESIAN_POINT('',(-2.455159321177E-15,0.));
#13582 = VECTOR('',#13583,1.);
#13583 = DIRECTION('',(0.,-1.));
#13584 = ( GEOMETRIC_REPRESENTATION_CONTEXT(2) 
PARAMETRIC_REPRESENTATION_CONTEXT() REPRESENTATION_CONTEXT('2D SPACE',''
  ) );
#13585 = ORIENTED_EDGE('',*,*,#13586,.F.);
#13586 = EDGE_CURVE('',#13496,#13559,#13587,.T.);
#13587 = SURFACE_CURVE('',#13588,(#13592,#13599),.PCURVE_S1.);
#13588 = LINE('',#13589,#13590);
#13589 = CARTESIAN_POINT('',(0.,0.,0.));
#13590 = VECTOR('',#13591,25.4);
#13591 = DIRECTION('',(1.,0.,0.));
#13592 = PCURVE('',#13506,#13593);
#13593 = DEFINITIONAL_REPRESENTATION('',(#13594),#13598);
#13594 = LINE('',#13595,#13596);
#13595 = CARTESIAN_POINT('',(-6.35,0.));
#13596 = VECTOR('',#13597,1.);
#13597 = DIRECTION('',(1.,0.));
#13598 = ( GEOMETRIC_REPRESENTATION_CONTEXT(2) 
PARAMETRIC_REPRESENTATION_CONTEXT() REPRESENTATION_CONTEXT('2D SPACE',''
  ) );
#13599 = PCURVE('',#13600,#13605);
#13600 = PLANE('',#13601);
#13601 = AXIS2_PLACEMENT_3D('',#13602,#13603,#13604);
#13602 = CARTESIAN_POINT('',(54.927509560367,13.086834259927,0.));
#13603 = DIRECTION('',(0.,0.,1.));
#13604 = DIRECTION('',(1.,0.,-0.));
#13605 = DEFINITIONAL_REPRESENTATION('',(#13606),#13610);
#13606 = LINE('',#13607,#13608);
#13607 = CARTESIAN_POINT('',(-54.92750956036,-13.08683425992));
#13608 = VECTOR('',#13609,1.);
#13609 = DIRECTION('',(1.,0.));
#13610 = ( GEOMETRIC_REPRESENTATION_CONTEXT(2) 
PARAMETRIC_REPRESENTATION_CONTEXT() REPRESENTATION_CONTEXT('2D SPACE',''
  ) );
#13611 = ADVANCED_FACE('',(#13612),#13518,.T.);
#13612 = FACE_BOUND('',#13613,.F.);
#13613 = EDGE_LOOP('',(#13614,#13644,#13666,#13667));
#13614 = ORIENTED_EDGE('',*,*,#13615,.T.);
#13615 = EDGE_CURVE('',#13616,#13618,#13620,.T.);
#13616 = VERTEX_POINT('',#13617);
#13617 = CARTESIAN_POINT('',(0.,6.350000057201,0.));
#13618 = VERTEX_POINT('',#13619);
#13619 = CARTESIAN_POINT('',(0.,6.350000057201,6.35));
#13620 = SURFACE_CURVE('',#13621,(#13625,#13632),.PCURVE_S1.);
#13621 = LINE('',#13622,#13623);
#13622 = CARTESIAN_POINT('',(0.,6.350000057201,0.));
#13623 = VECTOR('',#13624,25.4);
#13624 = DIRECTION('',(0.,0.,1.));
#13625 = PCURVE('',#13518,#13626);
#13626 = DEFINITIONAL_REPRESENTATION('',(#13627),#13631);
#13627 = LINE('',#13628,#13629);
#13628 = CARTESIAN_POINT('',(-3.14159265359,0.));
#13629 = VECTOR('',#13630,1.);
#13630 = DIRECTION('',(-0.,-1.));
#13631 = ( GEOMETRIC_REPRESENTATION_CONTEXT(2) 
PARAMETRIC_REPRESENTATION_CONTEXT() REPRESENTATION_CONTEXT('2D SPACE',''
  ) );
#13632 = PCURVE('',#13633,#13638);
#13633 = PLANE('',#13634);
#13634 = AXIS2_PLACEMENT_3D('',#13635,#13636,#13637);
#13635 = CARTESIAN_POINT('',(0.,19.050000089366,0.));
#13636 = DIRECTION('',(1.,0.,-0.));
#13637 = DIRECTION('',(0.,-1.,0.));
#13638 = DEFINITIONAL_REPRESENTATION('',(#13639),#13643);
#13639 = LINE('',#13640,#13641);
#13640 = CARTESIAN_POINT('',(12.700000032165,0.));
#13641 = VECTOR('',#13642,1.);
#13642 = DIRECTION('',(0.,-1.));
#13643 = ( GEOMETRIC_REPRESENTATION_CONTEXT(2) 
PARAMETRIC_REPRESENTATION_CONTEXT() REPRESENTATION_CONTEXT('2D SPACE',''
  ) );
#13644 = ORIENTED_EDGE('',*,*,#13645,.T.);
#13645 = EDGE_CURVE('',#13618,#13498,#13646,.T.);
#13646 = SURFACE_CURVE('',#13647,(#13652,#13659),.PCURVE_S1.);
#13647 = CIRCLE('',#13648,6.35);
#13648 = AXIS2_PLACEMENT_3D('',#13649,#13650,#13651);
#13649 = CARTESIAN_POINT('',(6.35,6.350000057201,6.35));
#13650 = DIRECTION('',(0.,0.,1.));
#13651 = DIRECTION('',(1.,0.,0.));
#13652 = PCURVE('',#13518,#13653);
#13653 = DEFINITIONAL_REPRESENTATION('',(#13654),#13658);
#13654 = LINE('',#13655,#13656);
#13655 = CARTESIAN_POINT('',(-0.,-6.35));
#13656 = VECTOR('',#13657,1.);
#13657 = DIRECTION('',(-1.,0.));
#13658 = ( GEOMETRIC_REPRESENTATION_CONTEXT(2) 
PARAMETRIC_REPRESENTATION_CONTEXT() REPRESENTATION_CONTEXT('2D SPACE',''
  ) );
#13659 = PCURVE('',#13546,#13660);
#13660 = DEFINITIONAL_REPRESENTATION('',(#13661),#13665);
#13661 = CIRCLE('',#13662,6.35);
#13662 = AXIS2_PLACEMENT_2D('',#13663,#13664);
#13663 = CARTESIAN_POINT('',(-48.57750956036,-6.736834202726));
#13664 = DIRECTION('',(1.,0.));
#13665 = ( GEOMETRIC_REPRESENTATION_CONTEXT(2) 
PARAMETRIC_REPRESENTATION_CONTEXT() REPRESENTATION_CONTEXT('2D SPACE',''
  ) );
#13666 = ORIENTED_EDGE('',*,*,#13495,.F.);
#13667 = ORIENTED_EDGE('',*,*,#13668,.F.);
#13668 = EDGE_CURVE('',#13616,#13496,#13669,.T.);
#13669 = SURFACE_CURVE('',#13670,(#13675,#13682),.PCURVE_S1.);
#13670 = CIRCLE('',#13671,6.35);
#13671 = AXIS2_PLACEMENT_3D('',#13672,#13673,#13674);
#13672 = CARTESIAN_POINT('',(6.35,6.350000057201,0.));
#13673 = DIRECTION('',(0.,0.,1.));
#13674 = DIRECTION('',(1.,0.,0.));
#13675 = PCURVE('',#13518,#13676);
#13676 = DEFINITIONAL_REPRESENTATION('',(#13677),#13681);
#13677 = LINE('',#13678,#13679);
#13678 = CARTESIAN_POINT('',(-0.,0.));
#13679 = VECTOR('',#13680,1.);
#13680 = DIRECTION('',(-1.,0.));
#13681 = ( GEOMETRIC_REPRESENTATION_CONTEXT(2) 
PARAMETRIC_REPRESENTATION_CONTEXT() REPRESENTATION_CONTEXT('2D SPACE',''
  ) );
#13682 = PCURVE('',#13600,#13683);
#13683 = DEFINITIONAL_REPRESENTATION('',(#13684),#13688);
#13684 = CIRCLE('',#13685,6.35);
#13685 = AXIS2_PLACEMENT_2D('',#13686,#13687);
#13686 = CARTESIAN_POINT('',(-48.57750956036,-6.736834202726));
#13687 = DIRECTION('',(1.,0.));
#13688 = ( GEOMETRIC_REPRESENTATION_CONTEXT(2) 
PARAMETRIC_REPRESENTATION_CONTEXT() REPRESENTATION_CONTEXT('2D SPACE',''
  ) );
#13689 = ADVANCED_FACE('',(#13690),#13574,.F.);
#13690 = FACE_BOUND('',#13691,.F.);
#13691 = EDGE_LOOP('',(#13692,#13693,#13716,#13744));
#13692 = ORIENTED_EDGE('',*,*,#13558,.T.);
#13693 = ORIENTED_EDGE('',*,*,#13694,.T.);
#13694 = EDGE_CURVE('',#13531,#13695,#13697,.T.);
#13695 = VERTEX_POINT('',#13696);
#13696 = CARTESIAN_POINT('',(77.4192,12.8016,6.35));
#13697 = SURFACE_CURVE('',#13698,(#13702,#13709),.PCURVE_S1.);
#13698 = LINE('',#13699,#13700);
#13699 = CARTESIAN_POINT('',(74.3966,0.,6.35));
#13700 = VECTOR('',#13701,25.4);
#13701 = DIRECTION('',(0.229792683756,0.97323960179,0.));
#13702 = PCURVE('',#13574,#13703);
#13703 = DEFINITIONAL_REPRESENTATION('',(#13704),#13708);
#13704 = LINE('',#13705,#13706);
#13705 = CARTESIAN_POINT('',(0.,-6.35));
#13706 = VECTOR('',#13707,1.);
#13707 = DIRECTION('',(1.,0.));
#13708 = ( GEOMETRIC_REPRESENTATION_CONTEXT(2) 
PARAMETRIC_REPRESENTATION_CONTEXT() REPRESENTATION_CONTEXT('2D SPACE',''
  ) );
#13709 = PCURVE('',#13546,#13710);
#13710 = DEFINITIONAL_REPRESENTATION('',(#13711),#13715);
#13711 = LINE('',#13712,#13713);
#13712 = CARTESIAN_POINT('',(19.469090439633,-13.08683425992));
#13713 = VECTOR('',#13714,1.);
#13714 = DIRECTION('',(0.229792683756,0.97323960179));
#13715 = ( GEOMETRIC_REPRESENTATION_CONTEXT(2) 
PARAMETRIC_REPRESENTATION_CONTEXT() REPRESENTATION_CONTEXT('2D SPACE',''
  ) );
#13716 = ORIENTED_EDGE('',*,*,#13717,.F.);
#13717 = EDGE_CURVE('',#13718,#13695,#13720,.T.);
#13718 = VERTEX_POINT('',#13719);
#13719 = CARTESIAN_POINT('',(77.4192,12.8016,0.));
#13720 = SURFACE_CURVE('',#13721,(#13725,#13732),.PCURVE_S1.);
#13721 = LINE('',#13722,#13723);
#13722 = CARTESIAN_POINT('',(77.4192,12.8016,0.));
#13723 = VECTOR('',#13724,25.4);
#13724 = DIRECTION('',(0.,0.,1.));
#13725 = PCURVE('',#13574,#13726);
#13726 = DEFINITIONAL_REPRESENTATION('',(#13727),#13731);
#13727 = LINE('',#13728,#13729);
#13728 = CARTESIAN_POINT('',(13.153595452195,0.));
#13729 = VECTOR('',#13730,1.);
#13730 = DIRECTION('',(0.,-1.));
#13731 = ( GEOMETRIC_REPRESENTATION_CONTEXT(2) 
PARAMETRIC_REPRESENTATION_CONTEXT() REPRESENTATION_CONTEXT('2D SPACE',''
  ) );
#13732 = PCURVE('',#13733,#13738);
#13733 = PLANE('',#13734);
#13734 = AXIS2_PLACEMENT_3D('',#13735,#13736,#13737);
#13735 = CARTESIAN_POINT('',(77.4192,12.8016,0.));
#13736 = DIRECTION('',(0.254572108192,0.967053794642,-0.));
#13737 = DIRECTION('',(0.967053794642,-0.254572108192,0.));
#13738 = DEFINITIONAL_REPRESENTATION('',(#13739),#13743);
#13739 = LINE('',#13740,#13741);
#13740 = CARTESIAN_POINT('',(0.,0.));
#13741 = VECTOR('',#13742,1.);
#13742 = DIRECTION('',(0.,-1.));
#13743 = ( GEOMETRIC_REPRESENTATION_CONTEXT(2) 
PARAMETRIC_REPRESENTATION_CONTEXT() REPRESENTATION_CONTEXT('2D SPACE',''
  ) );
#13744 = ORIENTED_EDGE('',*,*,#13745,.F.);
#13745 = EDGE_CURVE('',#13559,#13718,#13746,.T.);
#13746 = SURFACE_CURVE('',#13747,(#13751,#13758),.PCURVE_S1.);
#13747 = LINE('',#13748,#13749);
#13748 = CARTESIAN_POINT('',(74.3966,0.,0.));
#13749 = VECTOR('',#13750,25.4);
#13750 = DIRECTION('',(0.229792683756,0.97323960179,0.));
#13751 = PCURVE('',#13574,#13752);
#13752 = DEFINITIONAL_REPRESENTATION('',(#13753),#13757);
#13753 = LINE('',#13754,#13755);
#13754 = CARTESIAN_POINT('',(0.,0.));
#13755 = VECTOR('',#13756,1.);
#13756 = DIRECTION('',(1.,0.));
#13757 = ( GEOMETRIC_REPRESENTATION_CONTEXT(2) 
PARAMETRIC_REPRESENTATION_CONTEXT() REPRESENTATION_CONTEXT('2D SPACE',''
  ) );
#13758 = PCURVE('',#13600,#13759);
#13759 = DEFINITIONAL_REPRESENTATION('',(#13760),#13764);
#13760 = LINE('',#13761,#13762);
#13761 = CARTESIAN_POINT('',(19.469090439633,-13.08683425992));
#13762 = VECTOR('',#13763,1.);
#13763 = DIRECTION('',(0.229792683756,0.97323960179));
#13764 = ( GEOMETRIC_REPRESENTATION_CONTEXT(2) 
PARAMETRIC_REPRESENTATION_CONTEXT() REPRESENTATION_CONTEXT('2D SPACE',''
  ) );
#13765 = ADVANCED_FACE('',(#13766,#13960),#13600,.F.);
#13766 = FACE_BOUND('',#13767,.F.);
#13767 = EDGE_LOOP('',(#13768,#13769,#13770,#13793,#13821,#13849,#13877,
    #13905,#13938,#13959));
#13768 = ORIENTED_EDGE('',*,*,#13586,.T.);
#13769 = ORIENTED_EDGE('',*,*,#13745,.T.);
#13770 = ORIENTED_EDGE('',*,*,#13771,.T.);
#13771 = EDGE_CURVE('',#13718,#13772,#13774,.T.);
#13772 = VERTEX_POINT('',#13773);
#13773 = CARTESIAN_POINT('',(92.7608,8.763,0.));
#13774 = SURFACE_CURVE('',#13775,(#13779,#13786),.PCURVE_S1.);
#13775 = LINE('',#13776,#13777);
#13776 = CARTESIAN_POINT('',(77.4192,12.8016,0.));
#13777 = VECTOR('',#13778,25.4);
#13778 = DIRECTION('',(0.967053794642,-0.254572108192,-0.));
#13779 = PCURVE('',#13600,#13780);
#13780 = DEFINITIONAL_REPRESENTATION('',(#13781),#13785);
#13781 = LINE('',#13782,#13783);
#13782 = CARTESIAN_POINT('',(22.491690439633,-0.285234259927));
#13783 = VECTOR('',#13784,1.);
#13784 = DIRECTION('',(0.967053794642,-0.254572108192));
#13785 = ( GEOMETRIC_REPRESENTATION_CONTEXT(2) 
PARAMETRIC_REPRESENTATION_CONTEXT() REPRESENTATION_CONTEXT('2D SPACE',''
  ) );
#13786 = PCURVE('',#13733,#13787);
#13787 = DEFINITIONAL_REPRESENTATION('',(#13788),#13792);
#13788 = LINE('',#13789,#13790);
#13789 = CARTESIAN_POINT('',(0.,0.));
#13790 = VECTOR('',#13791,1.);
#13791 = DIRECTION('',(1.,0.));
#13792 = ( GEOMETRIC_REPRESENTATION_CONTEXT(2) 
PARAMETRIC_REPRESENTATION_CONTEXT() REPRESENTATION_CONTEXT('2D SPACE',''
  ) );
#13793 = ORIENTED_EDGE('',*,*,#13794,.T.);
#13794 = EDGE_CURVE('',#13772,#13795,#13797,.T.);
#13795 = VERTEX_POINT('',#13796);
#13796 = CARTESIAN_POINT('',(90.7034,0.,0.));
#13797 = SURFACE_CURVE('',#13798,(#13802,#13809),.PCURVE_S1.);
#13798 = LINE('',#13799,#13800);
#13799 = CARTESIAN_POINT('',(92.7608,8.763,0.));
#13800 = VECTOR('',#13801,25.4);
#13801 = DIRECTION('',(-0.228567461421,-0.973528076421,0.));
#13802 = PCURVE('',#13600,#13803);
#13803 = DEFINITIONAL_REPRESENTATION('',(#13804),#13808);
#13804 = LINE('',#13805,#13806);
#13805 = CARTESIAN_POINT('',(37.833290439633,-4.323834259927));
#13806 = VECTOR('',#13807,1.);
#13807 = DIRECTION('',(-0.228567461421,-0.973528076421));
#13808 = ( GEOMETRIC_REPRESENTATION_CONTEXT(2) 
PARAMETRIC_REPRESENTATION_CONTEXT() REPRESENTATION_CONTEXT('2D SPACE',''
  ) );
#13809 = PCURVE('',#13810,#13815);
#13810 = PLANE('',#13811);
#13811 = AXIS2_PLACEMENT_3D('',#13812,#13813,#13814);
#13812 = CARTESIAN_POINT('',(92.7608,8.763,0.));
#13813 = DIRECTION('',(0.973528076421,-0.228567461421,0.));
#13814 = DIRECTION('',(-0.228567461421,-0.973528076421,0.));
#13815 = DEFINITIONAL_REPRESENTATION('',(#13816),#13820);
#13816 = LINE('',#13817,#13818);
#13817 = CARTESIAN_POINT('',(0.,0.));
#13818 = VECTOR('',#13819,1.);
#13819 = DIRECTION('',(1.,0.));
#13820 = ( GEOMETRIC_REPRESENTATION_CONTEXT(2) 
PARAMETRIC_REPRESENTATION_CONTEXT() REPRESENTATION_CONTEXT('2D SPACE',''
  ) );
#13821 = ORIENTED_EDGE('',*,*,#13822,.T.);
#13822 = EDGE_CURVE('',#13795,#13823,#13825,.T.);
#13823 = VERTEX_POINT('',#13824);
#13824 = CARTESIAN_POINT('',(98.552,0.,0.));
#13825 = SURFACE_CURVE('',#13826,(#13830,#13837),.PCURVE_S1.);
#13826 = LINE('',#13827,#13828);
#13827 = CARTESIAN_POINT('',(90.7034,0.,0.));
#13828 = VECTOR('',#13829,25.4);
#13829 = DIRECTION('',(1.,0.,0.));
#13830 = PCURVE('',#13600,#13831);
#13831 = DEFINITIONAL_REPRESENTATION('',(#13832),#13836);
#13832 = LINE('',#13833,#13834);
#13833 = CARTESIAN_POINT('',(35.775890439633,-13.08683425992));
#13834 = VECTOR('',#13835,1.);
#13835 = DIRECTION('',(1.,0.));
#13836 = ( GEOMETRIC_REPRESENTATION_CONTEXT(2) 
PARAMETRIC_REPRESENTATION_CONTEXT() REPRESENTATION_CONTEXT('2D SPACE',''
  ) );
#13837 = PCURVE('',#13838,#13843);
#13838 = PLANE('',#13839);
#13839 = AXIS2_PLACEMENT_3D('',#13840,#13841,#13842);
#13840 = CARTESIAN_POINT('',(90.7034,0.,0.));
#13841 = DIRECTION('',(0.,1.,0.));
#13842 = DIRECTION('',(1.,0.,0.));
#13843 = DEFINITIONAL_REPRESENTATION('',(#13844),#13848);
#13844 = LINE('',#13845,#13846);
#13845 = CARTESIAN_POINT('',(0.,0.));
#13846 = VECTOR('',#13847,1.);
#13847 = DIRECTION('',(1.,0.));
#13848 = ( GEOMETRIC_REPRESENTATION_CONTEXT(2) 
PARAMETRIC_REPRESENTATION_CONTEXT() REPRESENTATION_CONTEXT('2D SPACE',''
  ) );
#13849 = ORIENTED_EDGE('',*,*,#13850,.T.);
#13850 = EDGE_CURVE('',#13823,#13851,#13853,.T.);
#13851 = VERTEX_POINT('',#13852);
#13852 = CARTESIAN_POINT('',(105.3338,25.4,0.));
#13853 = SURFACE_CURVE('',#13854,(#13858,#13865),.PCURVE_S1.);
#13854 = LINE('',#13855,#13856);
#13855 = CARTESIAN_POINT('',(98.552,0.,0.));
#13856 = VECTOR('',#13857,25.4);
#13857 = DIRECTION('',(0.25796330864,0.966154714006,0.));
#13858 = PCURVE('',#13600,#13859);
#13859 = DEFINITIONAL_REPRESENTATION('',(#13860),#13864);
#13860 = LINE('',#13861,#13862);
#13861 = CARTESIAN_POINT('',(43.624490439633,-13.08683425992));
#13862 = VECTOR('',#13863,1.);
#13863 = DIRECTION('',(0.25796330864,0.966154714006));
#13864 = ( GEOMETRIC_REPRESENTATION_CONTEXT(2) 
PARAMETRIC_REPRESENTATION_CONTEXT() REPRESENTATION_CONTEXT('2D SPACE',''
  ) );
#13865 = PCURVE('',#13866,#13871);
#13866 = PLANE('',#13867);
#13867 = AXIS2_PLACEMENT_3D('',#13868,#13869,#13870);
#13868 = CARTESIAN_POINT('',(98.552,0.,0.));
#13869 = DIRECTION('',(-0.966154714006,0.25796330864,0.));
#13870 = DIRECTION('',(0.25796330864,0.966154714006,0.));
#13871 = DEFINITIONAL_REPRESENTATION('',(#13872),#13876);
#13872 = LINE('',#13873,#13874);
#13873 = CARTESIAN_POINT('',(0.,0.));
#13874 = VECTOR('',#13875,1.);
#13875 = DIRECTION('',(1.,0.));
#13876 = ( GEOMETRIC_REPRESENTATION_CONTEXT(2) 
PARAMETRIC_REPRESENTATION_CONTEXT() REPRESENTATION_CONTEXT('2D SPACE',''
  ) );
#13877 = ORIENTED_EDGE('',*,*,#13878,.T.);
#13878 = EDGE_CURVE('',#13851,#13879,#13881,.T.);
#13879 = VERTEX_POINT('',#13880);
#13880 = CARTESIAN_POINT('',(6.35,25.400000044683,0.));
#13881 = SURFACE_CURVE('',#13882,(#13886,#13893),.PCURVE_S1.);
#13882 = LINE('',#13883,#13884);
#13883 = CARTESIAN_POINT('',(105.3338,25.4,0.));
#13884 = VECTOR('',#13885,25.4);
#13885 = DIRECTION('',(-1.,0.,0.));
#13886 = PCURVE('',#13600,#13887);
#13887 = DEFINITIONAL_REPRESENTATION('',(#13888),#13892);
#13888 = LINE('',#13889,#13890);
#13889 = CARTESIAN_POINT('',(50.406290439633,12.313165740073));
#13890 = VECTOR('',#13891,1.);
#13891 = DIRECTION('',(-1.,0.));
#13892 = ( GEOMETRIC_REPRESENTATION_CONTEXT(2) 
PARAMETRIC_REPRESENTATION_CONTEXT() REPRESENTATION_CONTEXT('2D SPACE',''
  ) );
#13893 = PCURVE('',#13894,#13899);
#13894 = PLANE('',#13895);
#13895 = AXIS2_PLACEMENT_3D('',#13896,#13897,#13898);
#13896 = CARTESIAN_POINT('',(105.3338,25.4,0.));
#13897 = DIRECTION('',(0.,-1.,0.));
#13898 = DIRECTION('',(-1.,0.,0.));
#13899 = DEFINITIONAL_REPRESENTATION('',(#13900),#13904);
#13900 = LINE('',#13901,#13902);
#13901 = CARTESIAN_POINT('',(0.,-0.));
#13902 = VECTOR('',#13903,1.);
#13903 = DIRECTION('',(1.,0.));
#13904 = ( GEOMETRIC_REPRESENTATION_CONTEXT(2) 
PARAMETRIC_REPRESENTATION_CONTEXT() REPRESENTATION_CONTEXT('2D SPACE',''
  ) );
#13905 = ORIENTED_EDGE('',*,*,#13906,.F.);
#13906 = EDGE_CURVE('',#13907,#13879,#13909,.T.);
#13907 = VERTEX_POINT('',#13908);
#13908 = CARTESIAN_POINT('',(0.,19.050000089366,0.));
#13909 = SURFACE_CURVE('',#13910,(#13915,#13926),.PCURVE_S1.);
#13910 = CIRCLE('',#13911,6.35);
#13911 = AXIS2_PLACEMENT_3D('',#13912,#13913,#13914);
#13912 = CARTESIAN_POINT('',(6.35,19.050000089366,0.));
#13913 = DIRECTION('',(0.,0.,-1.));
#13914 = DIRECTION('',(-1.,0.,0.));
#13915 = PCURVE('',#13600,#13916);
#13916 = DEFINITIONAL_REPRESENTATION('',(#13917),#13925);
#13917 = ( BOUNDED_CURVE() B_SPLINE_CURVE(2,(#13918,#13919,#13920,#13921
    ,#13922,#13923,#13924),.UNSPECIFIED.,.T.,.F.) 
B_SPLINE_CURVE_WITH_KNOTS((1,2,2,2,2,1),(-2.094395102393,0.,
    2.094395102393,4.188790204786,6.28318530718,8.377580409573),
.UNSPECIFIED.) CURVE() GEOMETRIC_REPRESENTATION_ITEM() 
RATIONAL_B_SPLINE_CURVE((1.,0.5,1.,0.5,1.,0.5,1.)) REPRESENTATION_ITEM(
  '') );
#13918 = CARTESIAN_POINT('',(-54.92750956036,5.963165829439));
#13919 = CARTESIAN_POINT('',(-54.92750956036,16.961688457501));
#13920 = CARTESIAN_POINT('',(-45.40250956036,11.46242714347));
#13921 = CARTESIAN_POINT('',(-35.87750956036,5.963165829439));
#13922 = CARTESIAN_POINT('',(-45.40250956036,0.463904515408));
#13923 = CARTESIAN_POINT('',(-54.92750956036,-5.035356798623));
#13924 = CARTESIAN_POINT('',(-54.92750956036,5.963165829439));
#13925 = ( GEOMETRIC_REPRESENTATION_CONTEXT(2) 
PARAMETRIC_REPRESENTATION_CONTEXT() REPRESENTATION_CONTEXT('2D SPACE',''
  ) );
#13926 = PCURVE('',#13927,#13932);
#13927 = CYLINDRICAL_SURFACE('',#13928,6.35);
#13928 = AXIS2_PLACEMENT_3D('',#13929,#13930,#13931);
#13929 = CARTESIAN_POINT('',(6.35,19.050000089366,0.));
#13930 = DIRECTION('',(0.,0.,-1.));
#13931 = DIRECTION('',(-1.,0.,0.));
#13932 = DEFINITIONAL_REPRESENTATION('',(#13933),#13937);
#13933 = LINE('',#13934,#13935);
#13934 = CARTESIAN_POINT('',(0.,0.));
#13935 = VECTOR('',#13936,1.);
#13936 = DIRECTION('',(1.,0.));
#13937 = ( GEOMETRIC_REPRESENTATION_CONTEXT(2) 
PARAMETRIC_REPRESENTATION_CONTEXT() REPRESENTATION_CONTEXT('2D SPACE',''
  ) );
#13938 = ORIENTED_EDGE('',*,*,#13939,.T.);
#13939 = EDGE_CURVE('',#13907,#13616,#13940,.T.);
#13940 = SURFACE_CURVE('',#13941,(#13945,#13952),.PCURVE_S1.);
#13941 = LINE('',#13942,#13943);
#13942 = CARTESIAN_POINT('',(0.,25.4,0.));
#13943 = VECTOR('',#13944,25.4);
#13944 = DIRECTION('',(0.,-1.,0.));
#13945 = PCURVE('',#13600,#13946);
#13946 = DEFINITIONAL_REPRESENTATION('',(#13947),#13951);
#13947 = LINE('',#13948,#13949);
#13948 = CARTESIAN_POINT('',(-54.92750956036,12.313165740073));
#13949 = VECTOR('',#13950,1.);
#13950 = DIRECTION('',(0.,-1.));
#13951 = ( GEOMETRIC_REPRESENTATION_CONTEXT(2) 
PARAMETRIC_REPRESENTATION_CONTEXT() REPRESENTATION_CONTEXT('2D SPACE',''
  ) );
#13952 = PCURVE('',#13633,#13953);
#13953 = DEFINITIONAL_REPRESENTATION('',(#13954),#13958);
#13954 = LINE('',#13955,#13956);
#13955 = CARTESIAN_POINT('',(-6.349999910634,0.));
#13956 = VECTOR('',#13957,1.);
#13957 = DIRECTION('',(1.,0.));
#13958 = ( GEOMETRIC_REPRESENTATION_CONTEXT(2) 
PARAMETRIC_REPRESENTATION_CONTEXT() REPRESENTATION_CONTEXT('2D SPACE',''
  ) );
#13959 = ORIENTED_EDGE('',*,*,#13668,.T.);
#13960 = FACE_BOUND('',#13961,.F.);
#13961 = EDGE_LOOP('',(#13962));
#13962 = ORIENTED_EDGE('',*,*,#13963,.F.);
#13963 = EDGE_CURVE('',#13964,#13964,#13966,.T.);
#13964 = VERTEX_POINT('',#13965);
#13965 = CARTESIAN_POINT('',(15.6337,12.7,0.));
#13966 = SURFACE_CURVE('',#13967,(#13972,#13979),.PCURVE_S1.);
#13967 = CIRCLE('',#13968,5.5499);
#13968 = AXIS2_PLACEMENT_3D('',#13969,#13970,#13971);
#13969 = CARTESIAN_POINT('',(10.0838,12.7,0.));
#13970 = DIRECTION('',(0.,0.,1.));
#13971 = DIRECTION('',(1.,0.,-0.));
#13972 = PCURVE('',#13600,#13973);
#13973 = DEFINITIONAL_REPRESENTATION('',(#13974),#13978);
#13974 = CIRCLE('',#13975,5.5499);
#13975 = AXIS2_PLACEMENT_2D('',#13976,#13977);
#13976 = CARTESIAN_POINT('',(-44.84370956036,-0.386834259927));
#13977 = DIRECTION('',(1.,0.));
#13978 = ( GEOMETRIC_REPRESENTATION_CONTEXT(2) 
PARAMETRIC_REPRESENTATION_CONTEXT() REPRESENTATION_CONTEXT('2D SPACE',''
  ) );
#13979 = PCURVE('',#13980,#13985);
#13980 = CYLINDRICAL_SURFACE('',#13981,5.5499);
#13981 = AXIS2_PLACEMENT_3D('',#13982,#13983,#13984);
#13982 = CARTESIAN_POINT('',(10.0838,12.7,-0.254));
#13983 = DIRECTION('',(0.,0.,1.));
#13984 = DIRECTION('',(1.,0.,-0.));
#13985 = DEFINITIONAL_REPRESENTATION('',(#13986),#13990);
#13986 = LINE('',#13987,#13988);
#13987 = CARTESIAN_POINT('',(0.,0.254));
#13988 = VECTOR('',#13989,1.);
#13989 = DIRECTION('',(1.,0.));
#13990 = ( GEOMETRIC_REPRESENTATION_CONTEXT(2) 
PARAMETRIC_REPRESENTATION_CONTEXT() REPRESENTATION_CONTEXT('2D SPACE',''
  ) );
#13991 = ADVANCED_FACE('',(#13992,#14161),#13546,.T.);
#13992 = FACE_BOUND('',#13993,.T.);
#13993 = EDGE_LOOP('',(#13994,#13995,#13996,#14019,#14042,#14065,#14088,
    #14111,#14139,#14160));
#13994 = ORIENTED_EDGE('',*,*,#13530,.T.);
#13995 = ORIENTED_EDGE('',*,*,#13694,.T.);
#13996 = ORIENTED_EDGE('',*,*,#13997,.T.);
#13997 = EDGE_CURVE('',#13695,#13998,#14000,.T.);
#13998 = VERTEX_POINT('',#13999);
#13999 = CARTESIAN_POINT('',(92.7608,8.763,6.35));
#14000 = SURFACE_CURVE('',#14001,(#14005,#14012),.PCURVE_S1.);
#14001 = LINE('',#14002,#14003);
#14002 = CARTESIAN_POINT('',(77.4192,12.8016,6.35));
#14003 = VECTOR('',#14004,25.4);
#14004 = DIRECTION('',(0.967053794642,-0.254572108192,-0.));
#14005 = PCURVE('',#13546,#14006);
#14006 = DEFINITIONAL_REPRESENTATION('',(#14007),#14011);
#14007 = LINE('',#14008,#14009);
#14008 = CARTESIAN_POINT('',(22.491690439633,-0.285234259927));
#14009 = VECTOR('',#14010,1.);
#14010 = DIRECTION('',(0.967053794642,-0.254572108192));
#14011 = ( GEOMETRIC_REPRESENTATION_CONTEXT(2) 
PARAMETRIC_REPRESENTATION_CONTEXT() REPRESENTATION_CONTEXT('2D SPACE',''
  ) );
#14012 = PCURVE('',#13733,#14013);
#14013 = DEFINITIONAL_REPRESENTATION('',(#14014),#14018);
#14014 = LINE('',#14015,#14016);
#14015 = CARTESIAN_POINT('',(0.,-6.35));
#14016 = VECTOR('',#14017,1.);
#14017 = DIRECTION('',(1.,0.));
#14018 = ( GEOMETRIC_REPRESENTATION_CONTEXT(2) 
PARAMETRIC_REPRESENTATION_CONTEXT() REPRESENTATION_CONTEXT('2D SPACE',''
  ) );
#14019 = ORIENTED_EDGE('',*,*,#14020,.T.);
#14020 = EDGE_CURVE('',#13998,#14021,#14023,.T.);
#14021 = VERTEX_POINT('',#14022);
#14022 = CARTESIAN_POINT('',(90.7034,0.,6.35));
#14023 = SURFACE_CURVE('',#14024,(#14028,#14035),.PCURVE_S1.);
#14024 = LINE('',#14025,#14026);
#14025 = CARTESIAN_POINT('',(92.7608,8.763,6.35));
#14026 = VECTOR('',#14027,25.4);
#14027 = DIRECTION('',(-0.228567461421,-0.973528076421,0.));
#14028 = PCURVE('',#13546,#14029);
#14029 = DEFINITIONAL_REPRESENTATION('',(#14030),#14034);
#14030 = LINE('',#14031,#14032);
#14031 = CARTESIAN_POINT('',(37.833290439633,-4.323834259927));
#14032 = VECTOR('',#14033,1.);
#14033 = DIRECTION('',(-0.228567461421,-0.973528076421));
#14034 = ( GEOMETRIC_REPRESENTATION_CONTEXT(2) 
PARAMETRIC_REPRESENTATION_CONTEXT() REPRESENTATION_CONTEXT('2D SPACE',''
  ) );
#14035 = PCURVE('',#13810,#14036);
#14036 = DEFINITIONAL_REPRESENTATION('',(#14037),#14041);
#14037 = LINE('',#14038,#14039);
#14038 = CARTESIAN_POINT('',(0.,-6.35));
#14039 = VECTOR('',#14040,1.);
#14040 = DIRECTION('',(1.,0.));
#14041 = ( GEOMETRIC_REPRESENTATION_CONTEXT(2) 
PARAMETRIC_REPRESENTATION_CONTEXT() REPRESENTATION_CONTEXT('2D SPACE',''
  ) );
#14042 = ORIENTED_EDGE('',*,*,#14043,.T.);
#14043 = EDGE_CURVE('',#14021,#14044,#14046,.T.);
#14044 = VERTEX_POINT('',#14045);
#14045 = CARTESIAN_POINT('',(98.552,0.,6.35));
#14046 = SURFACE_CURVE('',#14047,(#14051,#14058),.PCURVE_S1.);
#14047 = LINE('',#14048,#14049);
#14048 = CARTESIAN_POINT('',(90.7034,0.,6.35));
#14049 = VECTOR('',#14050,25.4);
#14050 = DIRECTION('',(1.,0.,0.));
#14051 = PCURVE('',#13546,#14052);
#14052 = DEFINITIONAL_REPRESENTATION('',(#14053),#14057);
#14053 = LINE('',#14054,#14055);
#14054 = CARTESIAN_POINT('',(35.775890439633,-13.08683425992));
#14055 = VECTOR('',#14056,1.);
#14056 = DIRECTION('',(1.,0.));
#14057 = ( GEOMETRIC_REPRESENTATION_CONTEXT(2) 
PARAMETRIC_REPRESENTATION_CONTEXT() REPRESENTATION_CONTEXT('2D SPACE',''
  ) );
#14058 = PCURVE('',#13838,#14059);
#14059 = DEFINITIONAL_REPRESENTATION('',(#14060),#14064);
#14060 = LINE('',#14061,#14062);
#14061 = CARTESIAN_POINT('',(0.,-6.35));
#14062 = VECTOR('',#14063,1.);
#14063 = DIRECTION('',(1.,0.));
#14064 = ( GEOMETRIC_REPRESENTATION_CONTEXT(2) 
PARAMETRIC_REPRESENTATION_CONTEXT() REPRESENTATION_CONTEXT('2D SPACE',''
  ) );
#14065 = ORIENTED_EDGE('',*,*,#14066,.T.);
#14066 = EDGE_CURVE('',#14044,#14067,#14069,.T.);
#14067 = VERTEX_POINT('',#14068);
#14068 = CARTESIAN_POINT('',(105.3338,25.4,6.35));
#14069 = SURFACE_CURVE('',#14070,(#14074,#14081),.PCURVE_S1.);
#14070 = LINE('',#14071,#14072);
#14071 = CARTESIAN_POINT('',(98.552,0.,6.35));
#14072 = VECTOR('',#14073,25.4);
#14073 = DIRECTION('',(0.25796330864,0.966154714006,0.));
#14074 = PCURVE('',#13546,#14075);
#14075 = DEFINITIONAL_REPRESENTATION('',(#14076),#14080);
#14076 = LINE('',#14077,#14078);
#14077 = CARTESIAN_POINT('',(43.624490439633,-13.08683425992));
#14078 = VECTOR('',#14079,1.);
#14079 = DIRECTION('',(0.25796330864,0.966154714006));
#14080 = ( GEOMETRIC_REPRESENTATION_CONTEXT(2) 
PARAMETRIC_REPRESENTATION_CONTEXT() REPRESENTATION_CONTEXT('2D SPACE',''
  ) );
#14081 = PCURVE('',#13866,#14082);
#14082 = DEFINITIONAL_REPRESENTATION('',(#14083),#14087);
#14083 = LINE('',#14084,#14085);
#14084 = CARTESIAN_POINT('',(0.,-6.35));
#14085 = VECTOR('',#14086,1.);
#14086 = DIRECTION('',(1.,0.));
#14087 = ( GEOMETRIC_REPRESENTATION_CONTEXT(2) 
PARAMETRIC_REPRESENTATION_CONTEXT() REPRESENTATION_CONTEXT('2D SPACE',''
  ) );
#14088 = ORIENTED_EDGE('',*,*,#14089,.T.);
#14089 = EDGE_CURVE('',#14067,#14090,#14092,.T.);
#14090 = VERTEX_POINT('',#14091);
#14091 = CARTESIAN_POINT('',(6.35,25.400000044683,6.35));
#14092 = SURFACE_CURVE('',#14093,(#14097,#14104),.PCURVE_S1.);
#14093 = LINE('',#14094,#14095);
#14094 = CARTESIAN_POINT('',(105.3338,25.4,6.35));
#14095 = VECTOR('',#14096,25.4);
#14096 = DIRECTION('',(-1.,0.,0.));
#14097 = PCURVE('',#13546,#14098);
#14098 = DEFINITIONAL_REPRESENTATION('',(#14099),#14103);
#14099 = LINE('',#14100,#14101);
#14100 = CARTESIAN_POINT('',(50.406290439633,12.313165740073));
#14101 = VECTOR('',#14102,1.);
#14102 = DIRECTION('',(-1.,0.));
#14103 = ( GEOMETRIC_REPRESENTATION_CONTEXT(2) 
PARAMETRIC_REPRESENTATION_CONTEXT() REPRESENTATION_CONTEXT('2D SPACE',''
  ) );
#14104 = PCURVE('',#13894,#14105);
#14105 = DEFINITIONAL_REPRESENTATION('',(#14106),#14110);
#14106 = LINE('',#14107,#14108);
#14107 = CARTESIAN_POINT('',(0.,-6.35));
#14108 = VECTOR('',#14109,1.);
#14109 = DIRECTION('',(1.,0.));
#14110 = ( GEOMETRIC_REPRESENTATION_CONTEXT(2) 
PARAMETRIC_REPRESENTATION_CONTEXT() REPRESENTATION_CONTEXT('2D SPACE',''
  ) );
#14111 = ORIENTED_EDGE('',*,*,#14112,.F.);
#14112 = EDGE_CURVE('',#14113,#14090,#14115,.T.);
#14113 = VERTEX_POINT('',#14114);
#14114 = CARTESIAN_POINT('',(0.,19.050000089366,6.35));
#14115 = SURFACE_CURVE('',#14116,(#14121,#14132),.PCURVE_S1.);
#14116 = CIRCLE('',#14117,6.35);
#14117 = AXIS2_PLACEMENT_3D('',#14118,#14119,#14120);
#14118 = CARTESIAN_POINT('',(6.35,19.050000089366,6.35));
#14119 = DIRECTION('',(0.,0.,-1.));
#14120 = DIRECTION('',(-1.,0.,0.));
#14121 = PCURVE('',#13546,#14122);
#14122 = DEFINITIONAL_REPRESENTATION('',(#14123),#14131);
#14123 = ( BOUNDED_CURVE() B_SPLINE_CURVE(2,(#14124,#14125,#14126,#14127
    ,#14128,#14129,#14130),.UNSPECIFIED.,.T.,.F.) 
B_SPLINE_CURVE_WITH_KNOTS((1,2,2,2,2,1),(-2.094395102393,0.,
    2.094395102393,4.188790204786,6.28318530718,8.377580409573),
.UNSPECIFIED.) CURVE() GEOMETRIC_REPRESENTATION_ITEM() 
RATIONAL_B_SPLINE_CURVE((1.,0.5,1.,0.5,1.,0.5,1.)) REPRESENTATION_ITEM(
  '') );
#14124 = CARTESIAN_POINT('',(-54.92750956036,5.963165829439));
#14125 = CARTESIAN_POINT('',(-54.92750956036,16.961688457501));
#14126 = CARTESIAN_POINT('',(-45.40250956036,11.46242714347));
#14127 = CARTESIAN_POINT('',(-35.87750956036,5.963165829439));
#14128 = CARTESIAN_POINT('',(-45.40250956036,0.463904515408));
#14129 = CARTESIAN_POINT('',(-54.92750956036,-5.035356798623));
#14130 = CARTESIAN_POINT('',(-54.92750956036,5.963165829439));
#14131 = ( GEOMETRIC_REPRESENTATION_CONTEXT(2) 
PARAMETRIC_REPRESENTATION_CONTEXT() REPRESENTATION_CONTEXT('2D SPACE',''
  ) );
#14132 = PCURVE('',#13927,#14133);
#14133 = DEFINITIONAL_REPRESENTATION('',(#14134),#14138);
#14134 = LINE('',#14135,#14136);
#14135 = CARTESIAN_POINT('',(0.,-6.35));
#14136 = VECTOR('',#14137,1.);
#14137 = DIRECTION('',(1.,0.));
#14138 = ( GEOMETRIC_REPRESENTATION_CONTEXT(2) 
PARAMETRIC_REPRESENTATION_CONTEXT() REPRESENTATION_CONTEXT('2D SPACE',''
  ) );
#14139 = ORIENTED_EDGE('',*,*,#14140,.T.);
#14140 = EDGE_CURVE('',#14113,#13618,#14141,.T.);
#14141 = SURFACE_CURVE('',#14142,(#14146,#14153),.PCURVE_S1.);
#14142 = LINE('',#14143,#14144);
#14143 = CARTESIAN_POINT('',(0.,25.4,6.35));
#14144 = VECTOR('',#14145,25.4);
#14145 = DIRECTION('',(0.,-1.,0.));
#14146 = PCURVE('',#13546,#14147);
#14147 = DEFINITIONAL_REPRESENTATION('',(#14148),#14152);
#14148 = LINE('',#14149,#14150);
#14149 = CARTESIAN_POINT('',(-54.92750956036,12.313165740073));
#14150 = VECTOR('',#14151,1.);
#14151 = DIRECTION('',(0.,-1.));
#14152 = ( GEOMETRIC_REPRESENTATION_CONTEXT(2) 
PARAMETRIC_REPRESENTATION_CONTEXT() REPRESENTATION_CONTEXT('2D SPACE',''
  ) );
#14153 = PCURVE('',#13633,#14154);
#14154 = DEFINITIONAL_REPRESENTATION('',(#14155),#14159);
#14155 = LINE('',#14156,#14157);
#14156 = CARTESIAN_POINT('',(-6.349999910634,-6.35));
#14157 = VECTOR('',#14158,1.);
#14158 = DIRECTION('',(1.,0.));
#14159 = ( GEOMETRIC_REPRESENTATION_CONTEXT(2) 
PARAMETRIC_REPRESENTATION_CONTEXT() REPRESENTATION_CONTEXT('2D SPACE',''
  ) );
#14160 = ORIENTED_EDGE('',*,*,#13645,.T.);
#14161 = FACE_BOUND('',#14162,.T.);
#14162 = EDGE_LOOP('',(#14163));
#14163 = ORIENTED_EDGE('',*,*,#14164,.F.);
#14164 = EDGE_CURVE('',#14165,#14165,#14167,.T.);
#14165 = VERTEX_POINT('',#14166);
#14166 = CARTESIAN_POINT('',(15.6337,12.7,6.35));
#14167 = SURFACE_CURVE('',#14168,(#14173,#14180),.PCURVE_S1.);
#14168 = CIRCLE('',#14169,5.5499);
#14169 = AXIS2_PLACEMENT_3D('',#14170,#14171,#14172);
#14170 = CARTESIAN_POINT('',(10.0838,12.7,6.35));
#14171 = DIRECTION('',(0.,0.,1.));
#14172 = DIRECTION('',(1.,0.,-0.));
#14173 = PCURVE('',#13546,#14174);
#14174 = DEFINITIONAL_REPRESENTATION('',(#14175),#14179);
#14175 = CIRCLE('',#14176,5.5499);
#14176 = AXIS2_PLACEMENT_2D('',#14177,#14178);
#14177 = CARTESIAN_POINT('',(-44.84370956036,-0.386834259927));
#14178 = DIRECTION('',(1.,0.));
#14179 = ( GEOMETRIC_REPRESENTATION_CONTEXT(2) 
PARAMETRIC_REPRESENTATION_CONTEXT() REPRESENTATION_CONTEXT('2D SPACE',''
  ) );
#14180 = PCURVE('',#13980,#14181);
#14181 = DEFINITIONAL_REPRESENTATION('',(#14182),#14186);
#14182 = LINE('',#14183,#14184);
#14183 = CARTESIAN_POINT('',(0.,6.604));
#14184 = VECTOR('',#14185,1.);
#14185 = DIRECTION('',(1.,0.));
#14186 = ( GEOMETRIC_REPRESENTATION_CONTEXT(2) 
PARAMETRIC_REPRESENTATION_CONTEXT() REPRESENTATION_CONTEXT('2D SPACE',''
  ) );
#14187 = ADVANCED_FACE('',(#14188),#13633,.F.);
#14188 = FACE_BOUND('',#14189,.F.);
#14189 = EDGE_LOOP('',(#14190,#14211,#14212,#14213));
#14190 = ORIENTED_EDGE('',*,*,#14191,.T.);
#14191 = EDGE_CURVE('',#13907,#14113,#14192,.T.);
#14192 = SURFACE_CURVE('',#14193,(#14197,#14204),.PCURVE_S1.);
#14193 = LINE('',#14194,#14195);
#14194 = CARTESIAN_POINT('',(0.,19.050000089366,0.));
#14195 = VECTOR('',#14196,25.4);
#14196 = DIRECTION('',(0.,0.,1.));
#14197 = PCURVE('',#13633,#14198);
#14198 = DEFINITIONAL_REPRESENTATION('',(#14199),#14203);
#14199 = LINE('',#14200,#14201);
#14200 = CARTESIAN_POINT('',(0.,0.));
#14201 = VECTOR('',#14202,1.);
#14202 = DIRECTION('',(0.,-1.));
#14203 = ( GEOMETRIC_REPRESENTATION_CONTEXT(2) 
PARAMETRIC_REPRESENTATION_CONTEXT() REPRESENTATION_CONTEXT('2D SPACE',''
  ) );
#14204 = PCURVE('',#13927,#14205);
#14205 = DEFINITIONAL_REPRESENTATION('',(#14206),#14210);
#14206 = LINE('',#14207,#14208);
#14207 = CARTESIAN_POINT('',(0.,0.));
#14208 = VECTOR('',#14209,1.);
#14209 = DIRECTION('',(0.,-1.));
#14210 = ( GEOMETRIC_REPRESENTATION_CONTEXT(2) 
PARAMETRIC_REPRESENTATION_CONTEXT() REPRESENTATION_CONTEXT('2D SPACE',''
  ) );
#14211 = ORIENTED_EDGE('',*,*,#14140,.T.);
#14212 = ORIENTED_EDGE('',*,*,#13615,.F.);
#14213 = ORIENTED_EDGE('',*,*,#13939,.F.);
#14214 = ADVANCED_FACE('',(#14215),#13733,.F.);
#14215 = FACE_BOUND('',#14216,.F.);
#14216 = EDGE_LOOP('',(#14217,#14218,#14219,#14240));
#14217 = ORIENTED_EDGE('',*,*,#13717,.T.);
#14218 = ORIENTED_EDGE('',*,*,#13997,.T.);
#14219 = ORIENTED_EDGE('',*,*,#14220,.F.);
#14220 = EDGE_CURVE('',#13772,#13998,#14221,.T.);
#14221 = SURFACE_CURVE('',#14222,(#14226,#14233),.PCURVE_S1.);
#14222 = LINE('',#14223,#14224);
#14223 = CARTESIAN_POINT('',(92.7608,8.763,0.));
#14224 = VECTOR('',#14225,25.4);
#14225 = DIRECTION('',(0.,0.,1.));
#14226 = PCURVE('',#13733,#14227);
#14227 = DEFINITIONAL_REPRESENTATION('',(#14228),#14232);
#14228 = LINE('',#14229,#14230);
#14229 = CARTESIAN_POINT('',(15.864267412017,0.));
#14230 = VECTOR('',#14231,1.);
#14231 = DIRECTION('',(0.,-1.));
#14232 = ( GEOMETRIC_REPRESENTATION_CONTEXT(2) 
PARAMETRIC_REPRESENTATION_CONTEXT() REPRESENTATION_CONTEXT('2D SPACE',''
  ) );
#14233 = PCURVE('',#13810,#14234);
#14234 = DEFINITIONAL_REPRESENTATION('',(#14235),#14239);
#14235 = LINE('',#14236,#14237);
#14236 = CARTESIAN_POINT('',(0.,0.));
#14237 = VECTOR('',#14238,1.);
#14238 = DIRECTION('',(0.,-1.));
#14239 = ( GEOMETRIC_REPRESENTATION_CONTEXT(2) 
PARAMETRIC_REPRESENTATION_CONTEXT() REPRESENTATION_CONTEXT('2D SPACE',''
  ) );
#14240 = ORIENTED_EDGE('',*,*,#13771,.F.);
#14241 = ADVANCED_FACE('',(#14242),#13927,.T.);
#14242 = FACE_BOUND('',#14243,.T.);
#14243 = EDGE_LOOP('',(#14244,#14245,#14246,#14267));
#14244 = ORIENTED_EDGE('',*,*,#14191,.T.);
#14245 = ORIENTED_EDGE('',*,*,#14112,.T.);
#14246 = ORIENTED_EDGE('',*,*,#14247,.F.);
#14247 = EDGE_CURVE('',#13879,#14090,#14248,.T.);
#14248 = SURFACE_CURVE('',#14249,(#14253,#14260),.PCURVE_S1.);
#14249 = LINE('',#14250,#14251);
#14250 = CARTESIAN_POINT('',(6.35,25.400000044683,0.));
#14251 = VECTOR('',#14252,25.4);
#14252 = DIRECTION('',(0.,0.,1.));
#14253 = PCURVE('',#13927,#14254);
#14254 = DEFINITIONAL_REPRESENTATION('',(#14255),#14259);
#14255 = LINE('',#14256,#14257);
#14256 = CARTESIAN_POINT('',(1.570796326795,0.));
#14257 = VECTOR('',#14258,1.);
#14258 = DIRECTION('',(0.,-1.));
#14259 = ( GEOMETRIC_REPRESENTATION_CONTEXT(2) 
PARAMETRIC_REPRESENTATION_CONTEXT() REPRESENTATION_CONTEXT('2D SPACE',''
  ) );
#14260 = PCURVE('',#13894,#14261);
#14261 = DEFINITIONAL_REPRESENTATION('',(#14262),#14266);
#14262 = LINE('',#14263,#14264);
#14263 = CARTESIAN_POINT('',(98.9838,0.));
#14264 = VECTOR('',#14265,1.);
#14265 = DIRECTION('',(0.,-1.));
#14266 = ( GEOMETRIC_REPRESENTATION_CONTEXT(2) 
PARAMETRIC_REPRESENTATION_CONTEXT() REPRESENTATION_CONTEXT('2D SPACE',''
  ) );
#14267 = ORIENTED_EDGE('',*,*,#13906,.F.);
#14268 = ADVANCED_FACE('',(#14269),#13810,.F.);
#14269 = FACE_BOUND('',#14270,.F.);
#14270 = EDGE_LOOP('',(#14271,#14272,#14273,#14294));
#14271 = ORIENTED_EDGE('',*,*,#14220,.T.);
#14272 = ORIENTED_EDGE('',*,*,#14020,.T.);
#14273 = ORIENTED_EDGE('',*,*,#14274,.F.);
#14274 = EDGE_CURVE('',#13795,#14021,#14275,.T.);
#14275 = SURFACE_CURVE('',#14276,(#14280,#14287),.PCURVE_S1.);
#14276 = LINE('',#14277,#14278);
#14277 = CARTESIAN_POINT('',(90.7034,0.,0.));
#14278 = VECTOR('',#14279,25.4);
#14279 = DIRECTION('',(0.,0.,1.));
#14280 = PCURVE('',#13810,#14281);
#14281 = DEFINITIONAL_REPRESENTATION('',(#14282),#14286);
#14282 = LINE('',#14283,#14284);
#14283 = CARTESIAN_POINT('',(9.001281228803,0.));
#14284 = VECTOR('',#14285,1.);
#14285 = DIRECTION('',(0.,-1.));
#14286 = ( GEOMETRIC_REPRESENTATION_CONTEXT(2) 
PARAMETRIC_REPRESENTATION_CONTEXT() REPRESENTATION_CONTEXT('2D SPACE',''
  ) );
#14287 = PCURVE('',#13838,#14288);
#14288 = DEFINITIONAL_REPRESENTATION('',(#14289),#14293);
#14289 = LINE('',#14290,#14291);
#14290 = CARTESIAN_POINT('',(1.127986593019E-14,0.));
#14291 = VECTOR('',#14292,1.);
#14292 = DIRECTION('',(0.,-1.));
#14293 = ( GEOMETRIC_REPRESENTATION_CONTEXT(2) 
PARAMETRIC_REPRESENTATION_CONTEXT() REPRESENTATION_CONTEXT('2D SPACE',''
  ) );
#14294 = ORIENTED_EDGE('',*,*,#13794,.F.);
#14295 = ADVANCED_FACE('',(#14296),#13894,.F.);
#14296 = FACE_BOUND('',#14297,.F.);
#14297 = EDGE_LOOP('',(#14298,#14319,#14320,#14321));
#14298 = ORIENTED_EDGE('',*,*,#14299,.T.);
#14299 = EDGE_CURVE('',#13851,#14067,#14300,.T.);
#14300 = SURFACE_CURVE('',#14301,(#14305,#14312),.PCURVE_S1.);
#14301 = LINE('',#14302,#14303);
#14302 = CARTESIAN_POINT('',(105.3338,25.4,0.));
#14303 = VECTOR('',#14304,25.4);
#14304 = DIRECTION('',(0.,0.,1.));
#14305 = PCURVE('',#13894,#14306);
#14306 = DEFINITIONAL_REPRESENTATION('',(#14307),#14311);
#14307 = LINE('',#14308,#14309);
#14308 = CARTESIAN_POINT('',(0.,-0.));
#14309 = VECTOR('',#14310,1.);
#14310 = DIRECTION('',(0.,-1.));
#14311 = ( GEOMETRIC_REPRESENTATION_CONTEXT(2) 
PARAMETRIC_REPRESENTATION_CONTEXT() REPRESENTATION_CONTEXT('2D SPACE',''
  ) );
#14312 = PCURVE('',#13866,#14313);
#14313 = DEFINITIONAL_REPRESENTATION('',(#14314),#14318);
#14314 = LINE('',#14315,#14316);
#14315 = CARTESIAN_POINT('',(26.28978530228,0.));
#14316 = VECTOR('',#14317,1.);
#14317 = DIRECTION('',(0.,-1.));
#14318 = ( GEOMETRIC_REPRESENTATION_CONTEXT(2) 
PARAMETRIC_REPRESENTATION_CONTEXT() REPRESENTATION_CONTEXT('2D SPACE',''
  ) );
#14319 = ORIENTED_EDGE('',*,*,#14089,.T.);
#14320 = ORIENTED_EDGE('',*,*,#14247,.F.);
#14321 = ORIENTED_EDGE('',*,*,#13878,.F.);
#14322 = ADVANCED_FACE('',(#14323),#13838,.F.);
#14323 = FACE_BOUND('',#14324,.F.);
#14324 = EDGE_LOOP('',(#14325,#14326,#14327,#14348));
#14325 = ORIENTED_EDGE('',*,*,#14274,.T.);
#14326 = ORIENTED_EDGE('',*,*,#14043,.T.);
#14327 = ORIENTED_EDGE('',*,*,#14328,.F.);
#14328 = EDGE_CURVE('',#13823,#14044,#14329,.T.);
#14329 = SURFACE_CURVE('',#14330,(#14334,#14341),.PCURVE_S1.);
#14330 = LINE('',#14331,#14332);
#14331 = CARTESIAN_POINT('',(98.552,0.,0.));
#14332 = VECTOR('',#14333,25.4);
#14333 = DIRECTION('',(0.,0.,1.));
#14334 = PCURVE('',#13838,#14335);
#14335 = DEFINITIONAL_REPRESENTATION('',(#14336),#14340);
#14336 = LINE('',#14337,#14338);
#14337 = CARTESIAN_POINT('',(7.8486,0.));
#14338 = VECTOR('',#14339,1.);
#14339 = DIRECTION('',(0.,-1.));
#14340 = ( GEOMETRIC_REPRESENTATION_CONTEXT(2) 
PARAMETRIC_REPRESENTATION_CONTEXT() REPRESENTATION_CONTEXT('2D SPACE',''
  ) );
#14341 = PCURVE('',#13866,#14342);
#14342 = DEFINITIONAL_REPRESENTATION('',(#14343),#14347);
#14343 = LINE('',#14344,#14345);
#14344 = CARTESIAN_POINT('',(0.,0.));
#14345 = VECTOR('',#14346,1.);
#14346 = DIRECTION('',(0.,-1.));
#14347 = ( GEOMETRIC_REPRESENTATION_CONTEXT(2) 
PARAMETRIC_REPRESENTATION_CONTEXT() REPRESENTATION_CONTEXT('2D SPACE',''
  ) );
#14348 = ORIENTED_EDGE('',*,*,#13822,.F.);
#14349 = ADVANCED_FACE('',(#14350),#13866,.F.);
#14350 = FACE_BOUND('',#14351,.F.);
#14351 = EDGE_LOOP('',(#14352,#14353,#14354,#14355));
#14352 = ORIENTED_EDGE('',*,*,#14328,.T.);
#14353 = ORIENTED_EDGE('',*,*,#14066,.T.);
#14354 = ORIENTED_EDGE('',*,*,#14299,.F.);
#14355 = ORIENTED_EDGE('',*,*,#13850,.F.);
#14356 = ADVANCED_FACE('',(#14357),#13980,.F.);
#14357 = FACE_BOUND('',#14358,.F.);
#14358 = EDGE_LOOP('',(#14359,#14360,#14381,#14382));
#14359 = ORIENTED_EDGE('',*,*,#14164,.F.);
#14360 = ORIENTED_EDGE('',*,*,#14361,.F.);
#14361 = EDGE_CURVE('',#13964,#14165,#14362,.T.);
#14362 = SEAM_CURVE('',#14363,(#14367,#14374),.PCURVE_S1.);
#14363 = LINE('',#14364,#14365);
#14364 = CARTESIAN_POINT('',(15.6337,12.7,-0.254));
#14365 = VECTOR('',#14366,25.4);
#14366 = DIRECTION('',(0.,0.,1.));
#14367 = PCURVE('',#13980,#14368);
#14368 = DEFINITIONAL_REPRESENTATION('',(#14369),#14373);
#14369 = LINE('',#14370,#14371);
#14370 = CARTESIAN_POINT('',(6.28318530718,-0.));
#14371 = VECTOR('',#14372,1.);
#14372 = DIRECTION('',(0.,1.));
#14373 = ( GEOMETRIC_REPRESENTATION_CONTEXT(2) 
PARAMETRIC_REPRESENTATION_CONTEXT() REPRESENTATION_CONTEXT('2D SPACE',''
  ) );
#14374 = PCURVE('',#13980,#14375);
#14375 = DEFINITIONAL_REPRESENTATION('',(#14376),#14380);
#14376 = LINE('',#14377,#14378);
#14377 = CARTESIAN_POINT('',(0.,-0.));
#14378 = VECTOR('',#14379,1.);
#14379 = DIRECTION('',(0.,1.));
#14380 = ( GEOMETRIC_REPRESENTATION_CONTEXT(2) 
PARAMETRIC_REPRESENTATION_CONTEXT() REPRESENTATION_CONTEXT('2D SPACE',''
  ) );
#14381 = ORIENTED_EDGE('',*,*,#13963,.T.);
#14382 = ORIENTED_EDGE('',*,*,#14361,.T.);
#14383 = ( GEOMETRIC_REPRESENTATION_CONTEXT(3) 
GLOBAL_UNCERTAINTY_ASSIGNED_CONTEXT((#14387)) 
GLOBAL_UNIT_ASSIGNED_CONTEXT((#14384,#14385,#14386)) 
REPRESENTATION_CONTEXT('Context #1',
  '3D Context with UNIT and UNCERTAINTY') );
#14384 = ( LENGTH_UNIT() NAMED_UNIT(*) SI_UNIT(.MILLI.,.METRE.) );
#14385 = ( NAMED_UNIT(*) PLANE_ANGLE_UNIT() SI_UNIT($,.RADIAN.) );
#14386 = ( NAMED_UNIT(*) SI_UNIT($,.STERADIAN.) SOLID_ANGLE_UNIT() );
#14387 = UNCERTAINTY_MEASURE_WITH_UNIT(LENGTH_MEASURE(2.54E-06),#14384,
  'distance_accuracy_value','confusion accuracy');
#14388 = CONTEXT_DEPENDENT_SHAPE_REPRESENTATION(#14389,#14391);
#14389 = ( REPRESENTATION_RELATIONSHIP('','',#13488,#10) 
REPRESENTATION_RELATIONSHIP_WITH_TRANSFORMATION(#14390) 
SHAPE_REPRESENTATION_RELATIONSHIP() );
#14390 = ITEM_DEFINED_TRANSFORMATION('','',#11,#139);
#14391 = PRODUCT_DEFINITION_SHAPE('Placement','Placement of an item',
  #14392);
#14392 = NEXT_ASSEMBLY_USAGE_OCCURRENCE('32','Clamp','',#5,#13483,$);
#14393 = PRODUCT_RELATED_PRODUCT_CATEGORY('part',$,(#13485));
#14394 = SHAPE_DEFINITION_REPRESENTATION(#14395,#14401);
#14395 = PRODUCT_DEFINITION_SHAPE('','',#14396);
#14396 = PRODUCT_DEFINITION('design','',#14397,#14400);
#14397 = PRODUCT_DEFINITION_FORMATION('','',#14398);
#14398 = PRODUCT('Clamp (mirror)','Clamp (mirror)','',(#14399));
#14399 = PRODUCT_CONTEXT('',#2,'mechanical');
#14400 = PRODUCT_DEFINITION_CONTEXT('part definition',#2,'design');
#14401 = ADVANCED_BREP_SHAPE_REPRESENTATION('',(#11,#14402),#15304);
#14402 = MANIFOLD_SOLID_BREP('',#14403);
#14403 = CLOSED_SHELL('',(#14404,#14524,#14610,#14686,#14912,#15108,
    #15135,#15162,#15189,#15216,#15243,#15270,#15277));
#14404 = ADVANCED_FACE('',(#14405),#14419,.F.);
#14405 = FACE_BOUND('',#14406,.T.);
#14406 = EDGE_LOOP('',(#14407,#14442,#14470,#14498));
#14407 = ORIENTED_EDGE('',*,*,#14408,.T.);
#14408 = EDGE_CURVE('',#14409,#14411,#14413,.T.);
#14409 = VERTEX_POINT('',#14410);
#14410 = CARTESIAN_POINT('',(6.35,2.860077685796E-08,-57.15));
#14411 = VERTEX_POINT('',#14412);
#14412 = CARTESIAN_POINT('',(6.35,2.860077685796E-08,-63.5));
#14413 = SURFACE_CURVE('',#14414,(#14418,#14430),.PCURVE_S1.);
#14414 = LINE('',#14415,#14416);
#14415 = CARTESIAN_POINT('',(6.35,2.860074301836E-08,-57.15));
#14416 = VECTOR('',#14417,25.4);
#14417 = DIRECTION('',(-0.,4.440892098501E-16,-1.));
#14418 = PCURVE('',#14419,#14424);
#14419 = PLANE('',#14420);
#14420 = AXIS2_PLACEMENT_3D('',#14421,#14422,#14423);
#14421 = CARTESIAN_POINT('',(6.35,0.,-57.15));
#14422 = DIRECTION('',(-0.,1.,4.440892098501E-16));
#14423 = DIRECTION('',(-1.,0.,0.));
#14424 = DEFINITIONAL_REPRESENTATION('',(#14425),#14429);
#14425 = LINE('',#14426,#14427);
#14426 = CARTESIAN_POINT('',(-0.,0.));
#14427 = VECTOR('',#14428,1.);
#14428 = DIRECTION('',(-0.,-1.));
#14429 = ( GEOMETRIC_REPRESENTATION_CONTEXT(2) 
PARAMETRIC_REPRESENTATION_CONTEXT() REPRESENTATION_CONTEXT('2D SPACE',''
  ) );
#14430 = PCURVE('',#14431,#14436);
#14431 = CYLINDRICAL_SURFACE('',#14432,6.35);
#14432 = AXIS2_PLACEMENT_3D('',#14433,#14434,#14435);
#14433 = CARTESIAN_POINT('',(6.35,6.350000057201,-57.15));
#14434 = DIRECTION('',(-0.,-4.440892098501E-16,1.));
#14435 = DIRECTION('',(1.,-0.,-0.));
#14436 = DEFINITIONAL_REPRESENTATION('',(#14437),#14441);
#14437 = LINE('',#14438,#14439);
#14438 = CARTESIAN_POINT('',(4.712388980385,0.));
#14439 = VECTOR('',#14440,1.);
#14440 = DIRECTION('',(0.,-1.));
#14441 = ( GEOMETRIC_REPRESENTATION_CONTEXT(2) 
PARAMETRIC_REPRESENTATION_CONTEXT() REPRESENTATION_CONTEXT('2D SPACE',''
  ) );
#14442 = ORIENTED_EDGE('',*,*,#14443,.T.);
#14443 = EDGE_CURVE('',#14411,#14444,#14446,.T.);
#14444 = VERTEX_POINT('',#14445);
#14445 = CARTESIAN_POINT('',(74.3966,0.,-63.5));
#14446 = SURFACE_CURVE('',#14447,(#14451,#14458),.PCURVE_S1.);
#14447 = LINE('',#14448,#14449);
#14448 = CARTESIAN_POINT('',(0.,0.,-63.5));
#14449 = VECTOR('',#14450,25.4);
#14450 = DIRECTION('',(1.,-0.,0.));
#14451 = PCURVE('',#14419,#14452);
#14452 = DEFINITIONAL_REPRESENTATION('',(#14453),#14457);
#14453 = LINE('',#14454,#14455);
#14454 = CARTESIAN_POINT('',(6.35,-6.35));
#14455 = VECTOR('',#14456,1.);
#14456 = DIRECTION('',(-1.,0.));
#14457 = ( GEOMETRIC_REPRESENTATION_CONTEXT(2) 
PARAMETRIC_REPRESENTATION_CONTEXT() REPRESENTATION_CONTEXT('2D SPACE',''
  ) );
#14458 = PCURVE('',#14459,#14464);
#14459 = PLANE('',#14460);
#14460 = AXIS2_PLACEMENT_3D('',#14461,#14462,#14463);
#14461 = CARTESIAN_POINT('',(54.927509560367,13.086834259927,-63.5));
#14462 = DIRECTION('',(-0.,4.440892098501E-16,-1.));
#14463 = DIRECTION('',(-1.,0.,0.));
#14464 = DEFINITIONAL_REPRESENTATION('',(#14465),#14469);
#14465 = LINE('',#14466,#14467);
#14466 = CARTESIAN_POINT('',(54.927509560367,-13.08683425992));
#14467 = VECTOR('',#14468,1.);
#14468 = DIRECTION('',(-1.,0.));
#14469 = ( GEOMETRIC_REPRESENTATION_CONTEXT(2) 
PARAMETRIC_REPRESENTATION_CONTEXT() REPRESENTATION_CONTEXT('2D SPACE',''
  ) );
#14470 = ORIENTED_EDGE('',*,*,#14471,.F.);
#14471 = EDGE_CURVE('',#14472,#14444,#14474,.T.);
#14472 = VERTEX_POINT('',#14473);
#14473 = CARTESIAN_POINT('',(74.3966,0.,-57.15));
#14474 = SURFACE_CURVE('',#14475,(#14479,#14486),.PCURVE_S1.);
#14475 = LINE('',#14476,#14477);
#14476 = CARTESIAN_POINT('',(74.3966,0.,-57.15));
#14477 = VECTOR('',#14478,25.4);
#14478 = DIRECTION('',(-0.,4.440892098501E-16,-1.));
#14479 = PCURVE('',#14419,#14480);
#14480 = DEFINITIONAL_REPRESENTATION('',(#14481),#14485);
#14481 = LINE('',#14482,#14483);
#14482 = CARTESIAN_POINT('',(-68.0466,0.));
#14483 = VECTOR('',#14484,1.);
#14484 = DIRECTION('',(-0.,-1.));
#14485 = ( GEOMETRIC_REPRESENTATION_CONTEXT(2) 
PARAMETRIC_REPRESENTATION_CONTEXT() REPRESENTATION_CONTEXT('2D SPACE',''
  ) );
#14486 = PCURVE('',#14487,#14492);
#14487 = PLANE('',#14488);
#14488 = AXIS2_PLACEMENT_3D('',#14489,#14490,#14491);
#14489 = CARTESIAN_POINT('',(74.3966,0.,-57.15));
#14490 = DIRECTION('',(-0.97323960179,0.229792683756,1.020484513585E-16)
  );
#14491 = DIRECTION('',(-0.229792683756,-0.97323960179,
    -4.322052057537E-16));
#14492 = DEFINITIONAL_REPRESENTATION('',(#14493),#14497);
#14493 = LINE('',#14494,#14495);
#14494 = CARTESIAN_POINT('',(2.455159321177E-15,1.120289146673E-30));
#14495 = VECTOR('',#14496,1.);
#14496 = DIRECTION('',(-0.,-1.));
#14497 = ( GEOMETRIC_REPRESENTATION_CONTEXT(2) 
PARAMETRIC_REPRESENTATION_CONTEXT() REPRESENTATION_CONTEXT('2D SPACE',''
  ) );
#14498 = ORIENTED_EDGE('',*,*,#14499,.F.);
#14499 = EDGE_CURVE('',#14409,#14472,#14500,.T.);
#14500 = SURFACE_CURVE('',#14501,(#14505,#14512),.PCURVE_S1.);
#14501 = LINE('',#14502,#14503);
#14502 = CARTESIAN_POINT('',(0.,0.,-57.15));
#14503 = VECTOR('',#14504,25.4);
#14504 = DIRECTION('',(1.,-0.,0.));
#14505 = PCURVE('',#14419,#14506);
#14506 = DEFINITIONAL_REPRESENTATION('',(#14507),#14511);
#14507 = LINE('',#14508,#14509);
#14508 = CARTESIAN_POINT('',(6.35,-0.));
#14509 = VECTOR('',#14510,1.);
#14510 = DIRECTION('',(-1.,0.));
#14511 = ( GEOMETRIC_REPRESENTATION_CONTEXT(2) 
PARAMETRIC_REPRESENTATION_CONTEXT() REPRESENTATION_CONTEXT('2D SPACE',''
  ) );
#14512 = PCURVE('',#14513,#14518);
#14513 = PLANE('',#14514);
#14514 = AXIS2_PLACEMENT_3D('',#14515,#14516,#14517);
#14515 = CARTESIAN_POINT('',(54.927509560367,13.086834259927,-57.15));
#14516 = DIRECTION('',(-0.,4.440892098501E-16,-1.));
#14517 = DIRECTION('',(-1.,0.,0.));
#14518 = DEFINITIONAL_REPRESENTATION('',(#14519),#14523);
#14519 = LINE('',#14520,#14521);
#14520 = CARTESIAN_POINT('',(54.927509560367,-13.08683425992));
#14521 = VECTOR('',#14522,1.);
#14522 = DIRECTION('',(-1.,0.));
#14523 = ( GEOMETRIC_REPRESENTATION_CONTEXT(2) 
PARAMETRIC_REPRESENTATION_CONTEXT() REPRESENTATION_CONTEXT('2D SPACE',''
  ) );
#14524 = ADVANCED_FACE('',(#14525),#14431,.T.);
#14525 = FACE_BOUND('',#14526,.T.);
#14526 = EDGE_LOOP('',(#14527,#14557,#14583,#14584));
#14527 = ORIENTED_EDGE('',*,*,#14528,.T.);
#14528 = EDGE_CURVE('',#14529,#14531,#14533,.T.);
#14529 = VERTEX_POINT('',#14530);
#14530 = CARTESIAN_POINT('',(0.,6.350000057201,-57.15));
#14531 = VERTEX_POINT('',#14532);
#14532 = CARTESIAN_POINT('',(0.,6.350000057201,-63.5));
#14533 = SURFACE_CURVE('',#14534,(#14538,#14545),.PCURVE_S1.);
#14534 = LINE('',#14535,#14536);
#14535 = CARTESIAN_POINT('',(0.,6.350000057201,-57.15));
#14536 = VECTOR('',#14537,25.4);
#14537 = DIRECTION('',(-0.,4.440892098501E-16,-1.));
#14538 = PCURVE('',#14431,#14539);
#14539 = DEFINITIONAL_REPRESENTATION('',(#14540),#14544);
#14540 = LINE('',#14541,#14542);
#14541 = CARTESIAN_POINT('',(3.14159265359,0.));
#14542 = VECTOR('',#14543,1.);
#14543 = DIRECTION('',(0.,-1.));
#14544 = ( GEOMETRIC_REPRESENTATION_CONTEXT(2) 
PARAMETRIC_REPRESENTATION_CONTEXT() REPRESENTATION_CONTEXT('2D SPACE',''
  ) );
#14545 = PCURVE('',#14546,#14551);
#14546 = PLANE('',#14547);
#14547 = AXIS2_PLACEMENT_3D('',#14548,#14549,#14550);
#14548 = CARTESIAN_POINT('',(0.,19.050000089366,-57.15));
#14549 = DIRECTION('',(1.,-0.,-0.));
#14550 = DIRECTION('',(0.,1.,4.440892098501E-16));
#14551 = DEFINITIONAL_REPRESENTATION('',(#14552),#14556);
#14552 = LINE('',#14553,#14554);
#14553 = CARTESIAN_POINT('',(-12.70000003216,-5.639932950812E-15));
#14554 = VECTOR('',#14555,1.);
#14555 = DIRECTION('',(-0.,-1.));
#14556 = ( GEOMETRIC_REPRESENTATION_CONTEXT(2) 
PARAMETRIC_REPRESENTATION_CONTEXT() REPRESENTATION_CONTEXT('2D SPACE',''
  ) );
#14557 = ORIENTED_EDGE('',*,*,#14558,.T.);
#14558 = EDGE_CURVE('',#14531,#14411,#14559,.T.);
#14559 = SURFACE_CURVE('',#14560,(#14565,#14572),.PCURVE_S1.);
#14560 = CIRCLE('',#14561,6.35);
#14561 = AXIS2_PLACEMENT_3D('',#14562,#14563,#14564);
#14562 = CARTESIAN_POINT('',(6.35,6.350000057201,-63.5));
#14563 = DIRECTION('',(-0.,-4.440892098501E-16,1.));
#14564 = DIRECTION('',(1.,-0.,0.));
#14565 = PCURVE('',#14431,#14566);
#14566 = DEFINITIONAL_REPRESENTATION('',(#14567),#14571);
#14567 = LINE('',#14568,#14569);
#14568 = CARTESIAN_POINT('',(0.,-6.35));
#14569 = VECTOR('',#14570,1.);
#14570 = DIRECTION('',(1.,0.));
#14571 = ( GEOMETRIC_REPRESENTATION_CONTEXT(2) 
PARAMETRIC_REPRESENTATION_CONTEXT() REPRESENTATION_CONTEXT('2D SPACE',''
  ) );
#14572 = PCURVE('',#14459,#14573);
#14573 = DEFINITIONAL_REPRESENTATION('',(#14574),#14582);
#14574 = ( BOUNDED_CURVE() B_SPLINE_CURVE(2,(#14575,#14576,#14577,#14578
    ,#14579,#14580,#14581),.UNSPECIFIED.,.T.,.F.) 
B_SPLINE_CURVE_WITH_KNOTS((1,2,2,2,2,1),(-2.094395102393,0.,
    2.094395102393,4.188790204786,6.28318530718,8.377580409573),
.UNSPECIFIED.) CURVE() GEOMETRIC_REPRESENTATION_ITEM() 
RATIONAL_B_SPLINE_CURVE((1.,0.5,1.,0.5,1.,0.5,1.)) REPRESENTATION_ITEM(
  '') );
#14575 = CARTESIAN_POINT('',(42.227509560367,-6.736834202726));
#14576 = CARTESIAN_POINT('',(42.227509560367,4.261688425337));
#14577 = CARTESIAN_POINT('',(51.752509560367,-1.237572888694));
#14578 = CARTESIAN_POINT('',(61.277509560367,-6.736834202726));
#14579 = CARTESIAN_POINT('',(51.752509560367,-12.23609551675));
#14580 = CARTESIAN_POINT('',(42.227509560367,-17.73535683078));
#14581 = CARTESIAN_POINT('',(42.227509560367,-6.736834202726));
#14582 = ( GEOMETRIC_REPRESENTATION_CONTEXT(2) 
PARAMETRIC_REPRESENTATION_CONTEXT() REPRESENTATION_CONTEXT('2D SPACE',''
  ) );
#14583 = ORIENTED_EDGE('',*,*,#14408,.F.);
#14584 = ORIENTED_EDGE('',*,*,#14585,.F.);
#14585 = EDGE_CURVE('',#14529,#14409,#14586,.T.);
#14586 = SURFACE_CURVE('',#14587,(#14592,#14599),.PCURVE_S1.);
#14587 = CIRCLE('',#14588,6.35);
#14588 = AXIS2_PLACEMENT_3D('',#14589,#14590,#14591);
#14589 = CARTESIAN_POINT('',(6.35,6.350000057201,-57.15));
#14590 = DIRECTION('',(-0.,-4.440892098501E-16,1.));
#14591 = DIRECTION('',(1.,-0.,0.));
#14592 = PCURVE('',#14431,#14593);
#14593 = DEFINITIONAL_REPRESENTATION('',(#14594),#14598);
#14594 = LINE('',#14595,#14596);
#14595 = CARTESIAN_POINT('',(0.,0.));
#14596 = VECTOR('',#14597,1.);
#14597 = DIRECTION('',(1.,0.));
#14598 = ( GEOMETRIC_REPRESENTATION_CONTEXT(2) 
PARAMETRIC_REPRESENTATION_CONTEXT() REPRESENTATION_CONTEXT('2D SPACE',''
  ) );
#14599 = PCURVE('',#14513,#14600);
#14600 = DEFINITIONAL_REPRESENTATION('',(#14601),#14609);
#14601 = ( BOUNDED_CURVE() B_SPLINE_CURVE(2,(#14602,#14603,#14604,#14605
    ,#14606,#14607,#14608),.UNSPECIFIED.,.T.,.F.) 
B_SPLINE_CURVE_WITH_KNOTS((1,2,2,2,2,1),(-2.094395102393,0.,
    2.094395102393,4.188790204786,6.28318530718,8.377580409573),
.UNSPECIFIED.) CURVE() GEOMETRIC_REPRESENTATION_ITEM() 
RATIONAL_B_SPLINE_CURVE((1.,0.5,1.,0.5,1.,0.5,1.)) REPRESENTATION_ITEM(
  '') );
#14602 = CARTESIAN_POINT('',(42.227509560367,-6.736834202726));
#14603 = CARTESIAN_POINT('',(42.227509560367,4.261688425337));
#14604 = CARTESIAN_POINT('',(51.752509560367,-1.237572888694));
#14605 = CARTESIAN_POINT('',(61.277509560367,-6.736834202726));
#14606 = CARTESIAN_POINT('',(51.752509560367,-12.23609551675));
#14607 = CARTESIAN_POINT('',(42.227509560367,-17.73535683078));
#14608 = CARTESIAN_POINT('',(42.227509560367,-6.736834202726));
#14609 = ( GEOMETRIC_REPRESENTATION_CONTEXT(2) 
PARAMETRIC_REPRESENTATION_CONTEXT() REPRESENTATION_CONTEXT('2D SPACE',''
  ) );
#14610 = ADVANCED_FACE('',(#14611),#14487,.F.);
#14611 = FACE_BOUND('',#14612,.T.);
#14612 = EDGE_LOOP('',(#14613,#14614,#14637,#14665));
#14613 = ORIENTED_EDGE('',*,*,#14471,.T.);
#14614 = ORIENTED_EDGE('',*,*,#14615,.T.);
#14615 = EDGE_CURVE('',#14444,#14616,#14618,.T.);
#14616 = VERTEX_POINT('',#14617);
#14617 = CARTESIAN_POINT('',(77.4192,12.8016,-63.5));
#14618 = SURFACE_CURVE('',#14619,(#14623,#14630),.PCURVE_S1.);
#14619 = LINE('',#14620,#14621);
#14620 = CARTESIAN_POINT('',(74.3966,0.,-63.5));
#14621 = VECTOR('',#14622,25.4);
#14622 = DIRECTION('',(0.229792683756,0.97323960179,4.322052057537E-16)
  );
#14623 = PCURVE('',#14487,#14624);
#14624 = DEFINITIONAL_REPRESENTATION('',(#14625),#14629);
#14625 = LINE('',#14626,#14627);
#14626 = CARTESIAN_POINT('',(2.599580457716E-15,-6.35));
#14627 = VECTOR('',#14628,1.);
#14628 = DIRECTION('',(-1.,0.));
#14629 = ( GEOMETRIC_REPRESENTATION_CONTEXT(2) 
PARAMETRIC_REPRESENTATION_CONTEXT() REPRESENTATION_CONTEXT('2D SPACE',''
  ) );
#14630 = PCURVE('',#14459,#14631);
#14631 = DEFINITIONAL_REPRESENTATION('',(#14632),#14636);
#14632 = LINE('',#14633,#14634);
#14633 = CARTESIAN_POINT('',(-19.46909043963,-13.08683425992));
#14634 = VECTOR('',#14635,1.);
#14635 = DIRECTION('',(-0.229792683756,0.97323960179));
#14636 = ( GEOMETRIC_REPRESENTATION_CONTEXT(2) 
PARAMETRIC_REPRESENTATION_CONTEXT() REPRESENTATION_CONTEXT('2D SPACE',''
  ) );
#14637 = ORIENTED_EDGE('',*,*,#14638,.F.);
#14638 = EDGE_CURVE('',#14639,#14616,#14641,.T.);
#14639 = VERTEX_POINT('',#14640);
#14640 = CARTESIAN_POINT('',(77.4192,12.8016,-57.15));
#14641 = SURFACE_CURVE('',#14642,(#14646,#14653),.PCURVE_S1.);
#14642 = LINE('',#14643,#14644);
#14643 = CARTESIAN_POINT('',(77.4192,12.8016,-57.15));
#14644 = VECTOR('',#14645,25.4);
#14645 = DIRECTION('',(-0.,4.440892098501E-16,-1.));
#14646 = PCURVE('',#14487,#14647);
#14647 = DEFINITIONAL_REPRESENTATION('',(#14648),#14652);
#14648 = LINE('',#14649,#14650);
#14649 = CARTESIAN_POINT('',(-13.15359545219,5.594813501375E-15));
#14650 = VECTOR('',#14651,1.);
#14651 = DIRECTION('',(-0.,-1.));
#14652 = ( GEOMETRIC_REPRESENTATION_CONTEXT(2) 
PARAMETRIC_REPRESENTATION_CONTEXT() REPRESENTATION_CONTEXT('2D SPACE',''
  ) );
#14653 = PCURVE('',#14654,#14659);
#14654 = PLANE('',#14655);
#14655 = AXIS2_PLACEMENT_3D('',#14656,#14657,#14658);
#14656 = CARTESIAN_POINT('',(77.4192,12.8016,-57.15));
#14657 = DIRECTION('',(0.254572108192,0.967053794642,4.294581555449E-16)
  );
#14658 = DIRECTION('',(-0.967053794642,0.254572108192,1.130527263769E-16
    ));
#14659 = DEFINITIONAL_REPRESENTATION('',(#14660),#14664);
#14660 = LINE('',#14661,#14662);
#14661 = CARTESIAN_POINT('',(-0.,0.));
#14662 = VECTOR('',#14663,1.);
#14663 = DIRECTION('',(-0.,-1.));
#14664 = ( GEOMETRIC_REPRESENTATION_CONTEXT(2) 
PARAMETRIC_REPRESENTATION_CONTEXT() REPRESENTATION_CONTEXT('2D SPACE',''
  ) );
#14665 = ORIENTED_EDGE('',*,*,#14666,.F.);
#14666 = EDGE_CURVE('',#14472,#14639,#14667,.T.);
#14667 = SURFACE_CURVE('',#14668,(#14672,#14679),.PCURVE_S1.);
#14668 = LINE('',#14669,#14670);
#14669 = CARTESIAN_POINT('',(74.3966,0.,-57.15));
#14670 = VECTOR('',#14671,25.4);
#14671 = DIRECTION('',(0.229792683756,0.97323960179,4.322052057537E-16)
  );
#14672 = PCURVE('',#14487,#14673);
#14673 = DEFINITIONAL_REPRESENTATION('',(#14674),#14678);
#14674 = LINE('',#14675,#14676);
#14675 = CARTESIAN_POINT('',(-0.,0.));
#14676 = VECTOR('',#14677,1.);
#14677 = DIRECTION('',(-1.,0.));
#14678 = ( GEOMETRIC_REPRESENTATION_CONTEXT(2) 
PARAMETRIC_REPRESENTATION_CONTEXT() REPRESENTATION_CONTEXT('2D SPACE',''
  ) );
#14679 = PCURVE('',#14513,#14680);
#14680 = DEFINITIONAL_REPRESENTATION('',(#14681),#14685);
#14681 = LINE('',#14682,#14683);
#14682 = CARTESIAN_POINT('',(-19.46909043963,-13.08683425992));
#14683 = VECTOR('',#14684,1.);
#14684 = DIRECTION('',(-0.229792683756,0.97323960179));
#14685 = ( GEOMETRIC_REPRESENTATION_CONTEXT(2) 
PARAMETRIC_REPRESENTATION_CONTEXT() REPRESENTATION_CONTEXT('2D SPACE',''
  ) );
#14686 = ADVANCED_FACE('',(#14687,#14877),#14513,.F.);
#14687 = FACE_BOUND('',#14688,.T.);
#14688 = EDGE_LOOP('',(#14689,#14690,#14691,#14714,#14742,#14770,#14798,
    #14826,#14855,#14876));
#14689 = ORIENTED_EDGE('',*,*,#14499,.T.);
#14690 = ORIENTED_EDGE('',*,*,#14666,.T.);
#14691 = ORIENTED_EDGE('',*,*,#14692,.T.);
#14692 = EDGE_CURVE('',#14639,#14693,#14695,.T.);
#14693 = VERTEX_POINT('',#14694);
#14694 = CARTESIAN_POINT('',(92.7608,8.763,-57.15));
#14695 = SURFACE_CURVE('',#14696,(#14700,#14707),.PCURVE_S1.);
#14696 = LINE('',#14697,#14698);
#14697 = CARTESIAN_POINT('',(77.4192,12.8016,-57.15));
#14698 = VECTOR('',#14699,25.4);
#14699 = DIRECTION('',(0.967053794642,-0.254572108192,
    -1.130527263769E-16));
#14700 = PCURVE('',#14513,#14701);
#14701 = DEFINITIONAL_REPRESENTATION('',(#14702),#14706);
#14702 = LINE('',#14703,#14704);
#14703 = CARTESIAN_POINT('',(-22.49169043963,-0.285234259927));
#14704 = VECTOR('',#14705,1.);
#14705 = DIRECTION('',(-0.967053794642,-0.254572108192));
#14706 = ( GEOMETRIC_REPRESENTATION_CONTEXT(2) 
PARAMETRIC_REPRESENTATION_CONTEXT() REPRESENTATION_CONTEXT('2D SPACE',''
  ) );
#14707 = PCURVE('',#14654,#14708);
#14708 = DEFINITIONAL_REPRESENTATION('',(#14709),#14713);
#14709 = LINE('',#14710,#14711);
#14710 = CARTESIAN_POINT('',(-1.275219596574E-30,-1.127986593019E-14));
#14711 = VECTOR('',#14712,1.);
#14712 = DIRECTION('',(-1.,0.));
#14713 = ( GEOMETRIC_REPRESENTATION_CONTEXT(2) 
PARAMETRIC_REPRESENTATION_CONTEXT() REPRESENTATION_CONTEXT('2D SPACE',''
  ) );
#14714 = ORIENTED_EDGE('',*,*,#14715,.T.);
#14715 = EDGE_CURVE('',#14693,#14716,#14718,.T.);
#14716 = VERTEX_POINT('',#14717);
#14717 = CARTESIAN_POINT('',(90.7034,0.,-57.15));
#14718 = SURFACE_CURVE('',#14719,(#14723,#14730),.PCURVE_S1.);
#14719 = LINE('',#14720,#14721);
#14720 = CARTESIAN_POINT('',(92.7608,8.763,-57.15));
#14721 = VECTOR('',#14722,25.4);
#14722 = DIRECTION('',(-0.228567461421,-0.973528076421,
    -4.323333142246E-16));
#14723 = PCURVE('',#14513,#14724);
#14724 = DEFINITIONAL_REPRESENTATION('',(#14725),#14729);
#14725 = LINE('',#14726,#14727);
#14726 = CARTESIAN_POINT('',(-37.83329043963,-4.323834259927));
#14727 = VECTOR('',#14728,1.);
#14728 = DIRECTION('',(0.228567461421,-0.973528076421));
#14729 = ( GEOMETRIC_REPRESENTATION_CONTEXT(2) 
PARAMETRIC_REPRESENTATION_CONTEXT() REPRESENTATION_CONTEXT('2D SPACE',''
  ) );
#14730 = PCURVE('',#14731,#14736);
#14731 = PLANE('',#14732);
#14732 = AXIS2_PLACEMENT_3D('',#14733,#14734,#14735);
#14733 = CARTESIAN_POINT('',(92.7608,8.763,-57.15));
#14734 = DIRECTION('',(0.973528076421,-0.228567461421,
    -1.015043433397E-16));
#14735 = DIRECTION('',(0.228567461421,0.973528076421,4.323333142246E-16)
  );
#14736 = DEFINITIONAL_REPRESENTATION('',(#14737),#14741);
#14737 = LINE('',#14738,#14739);
#14738 = CARTESIAN_POINT('',(0.,-0.));
#14739 = VECTOR('',#14740,1.);
#14740 = DIRECTION('',(-1.,0.));
#14741 = ( GEOMETRIC_REPRESENTATION_CONTEXT(2) 
PARAMETRIC_REPRESENTATION_CONTEXT() REPRESENTATION_CONTEXT('2D SPACE',''
  ) );
#14742 = ORIENTED_EDGE('',*,*,#14743,.T.);
#14743 = EDGE_CURVE('',#14716,#14744,#14746,.T.);
#14744 = VERTEX_POINT('',#14745);
#14745 = CARTESIAN_POINT('',(98.552,0.,-57.15));
#14746 = SURFACE_CURVE('',#14747,(#14751,#14758),.PCURVE_S1.);
#14747 = LINE('',#14748,#14749);
#14748 = CARTESIAN_POINT('',(90.7034,0.,-57.15));
#14749 = VECTOR('',#14750,25.4);
#14750 = DIRECTION('',(1.,-0.,0.));
#14751 = PCURVE('',#14513,#14752);
#14752 = DEFINITIONAL_REPRESENTATION('',(#14753),#14757);
#14753 = LINE('',#14754,#14755);
#14754 = CARTESIAN_POINT('',(-35.77589043963,-13.08683425992));
#14755 = VECTOR('',#14756,1.);
#14756 = DIRECTION('',(-1.,0.));
#14757 = ( GEOMETRIC_REPRESENTATION_CONTEXT(2) 
PARAMETRIC_REPRESENTATION_CONTEXT() REPRESENTATION_CONTEXT('2D SPACE',''
  ) );
#14758 = PCURVE('',#14759,#14764);
#14759 = PLANE('',#14760);
#14760 = AXIS2_PLACEMENT_3D('',#14761,#14762,#14763);
#14761 = CARTESIAN_POINT('',(90.7034,0.,-57.15));
#14762 = DIRECTION('',(-0.,1.,4.440892098501E-16));
#14763 = DIRECTION('',(-1.,0.,0.));
#14764 = DEFINITIONAL_REPRESENTATION('',(#14765),#14769);
#14765 = LINE('',#14766,#14767);
#14766 = CARTESIAN_POINT('',(-0.,0.));
#14767 = VECTOR('',#14768,1.);
#14768 = DIRECTION('',(-1.,0.));
#14769 = ( GEOMETRIC_REPRESENTATION_CONTEXT(2) 
PARAMETRIC_REPRESENTATION_CONTEXT() REPRESENTATION_CONTEXT('2D SPACE',''
  ) );
#14770 = ORIENTED_EDGE('',*,*,#14771,.T.);
#14771 = EDGE_CURVE('',#14744,#14772,#14774,.T.);
#14772 = VERTEX_POINT('',#14773);
#14773 = CARTESIAN_POINT('',(105.3338,25.4,-57.15));
#14774 = SURFACE_CURVE('',#14775,(#14779,#14786),.PCURVE_S1.);
#14775 = LINE('',#14776,#14777);
#14776 = CARTESIAN_POINT('',(98.552,0.,-57.15));
#14777 = VECTOR('',#14778,25.4);
#14778 = DIRECTION('',(0.25796330864,0.966154714006,4.290588835358E-16)
  );
#14779 = PCURVE('',#14513,#14780);
#14780 = DEFINITIONAL_REPRESENTATION('',(#14781),#14785);
#14781 = LINE('',#14782,#14783);
#14782 = CARTESIAN_POINT('',(-43.62449043963,-13.08683425992));
#14783 = VECTOR('',#14784,1.);
#14784 = DIRECTION('',(-0.25796330864,0.966154714006));
#14785 = ( GEOMETRIC_REPRESENTATION_CONTEXT(2) 
PARAMETRIC_REPRESENTATION_CONTEXT() REPRESENTATION_CONTEXT('2D SPACE',''
  ) );
#14786 = PCURVE('',#14787,#14792);
#14787 = PLANE('',#14788);
#14788 = AXIS2_PLACEMENT_3D('',#14789,#14790,#14791);
#14789 = CARTESIAN_POINT('',(98.552,0.,-57.15));
#14790 = DIRECTION('',(-0.966154714006,0.25796330864,1.145587219041E-16)
  );
#14791 = DIRECTION('',(-0.25796330864,-0.966154714006,
    -4.290588835358E-16));
#14792 = DEFINITIONAL_REPRESENTATION('',(#14793),#14797);
#14793 = LINE('',#14794,#14795);
#14794 = CARTESIAN_POINT('',(-0.,0.));
#14795 = VECTOR('',#14796,1.);
#14796 = DIRECTION('',(-1.,0.));
#14797 = ( GEOMETRIC_REPRESENTATION_CONTEXT(2) 
PARAMETRIC_REPRESENTATION_CONTEXT() REPRESENTATION_CONTEXT('2D SPACE',''
  ) );
#14798 = ORIENTED_EDGE('',*,*,#14799,.T.);
#14799 = EDGE_CURVE('',#14772,#14800,#14802,.T.);
#14800 = VERTEX_POINT('',#14801);
#14801 = CARTESIAN_POINT('',(6.35,25.400000044683,-57.15));
#14802 = SURFACE_CURVE('',#14803,(#14807,#14814),.PCURVE_S1.);
#14803 = LINE('',#14804,#14805);
#14804 = CARTESIAN_POINT('',(105.3338,25.4,-57.15));
#14805 = VECTOR('',#14806,25.4);
#14806 = DIRECTION('',(-1.,0.,-0.));
#14807 = PCURVE('',#14513,#14808);
#14808 = DEFINITIONAL_REPRESENTATION('',(#14809),#14813);
#14809 = LINE('',#14810,#14811);
#14810 = CARTESIAN_POINT('',(-50.40629043963,12.313165740073));
#14811 = VECTOR('',#14812,1.);
#14812 = DIRECTION('',(1.,-0.));
#14813 = ( GEOMETRIC_REPRESENTATION_CONTEXT(2) 
PARAMETRIC_REPRESENTATION_CONTEXT() REPRESENTATION_CONTEXT('2D SPACE',''
  ) );
#14814 = PCURVE('',#14815,#14820);
#14815 = PLANE('',#14816);
#14816 = AXIS2_PLACEMENT_3D('',#14817,#14818,#14819);
#14817 = CARTESIAN_POINT('',(105.3338,25.4,-57.15));
#14818 = DIRECTION('',(-0.,-1.,-4.440892098501E-16));
#14819 = DIRECTION('',(1.,-0.,0.));
#14820 = DEFINITIONAL_REPRESENTATION('',(#14821),#14825);
#14821 = LINE('',#14822,#14823);
#14822 = CARTESIAN_POINT('',(-0.,0.));
#14823 = VECTOR('',#14824,1.);
#14824 = DIRECTION('',(-1.,0.));
#14825 = ( GEOMETRIC_REPRESENTATION_CONTEXT(2) 
PARAMETRIC_REPRESENTATION_CONTEXT() REPRESENTATION_CONTEXT('2D SPACE',''
  ) );
#14826 = ORIENTED_EDGE('',*,*,#14827,.F.);
#14827 = EDGE_CURVE('',#14828,#14800,#14830,.T.);
#14828 = VERTEX_POINT('',#14829);
#14829 = CARTESIAN_POINT('',(0.,19.050000089366,-57.15));
#14830 = SURFACE_CURVE('',#14831,(#14836,#14843),.PCURVE_S1.);
#14831 = CIRCLE('',#14832,6.35);
#14832 = AXIS2_PLACEMENT_3D('',#14833,#14834,#14835);
#14833 = CARTESIAN_POINT('',(6.35,19.050000089366,-57.15));
#14834 = DIRECTION('',(0.,4.440892098501E-16,-1.));
#14835 = DIRECTION('',(-1.,0.,-0.));
#14836 = PCURVE('',#14513,#14837);
#14837 = DEFINITIONAL_REPRESENTATION('',(#14838),#14842);
#14838 = CIRCLE('',#14839,6.35);
#14839 = AXIS2_PLACEMENT_2D('',#14840,#14841);
#14840 = CARTESIAN_POINT('',(48.577509560367,5.963165829439));
#14841 = DIRECTION('',(1.,-0.));
#14842 = ( GEOMETRIC_REPRESENTATION_CONTEXT(2) 
PARAMETRIC_REPRESENTATION_CONTEXT() REPRESENTATION_CONTEXT('2D SPACE',''
  ) );
#14843 = PCURVE('',#14844,#14849);
#14844 = CYLINDRICAL_SURFACE('',#14845,6.35);
#14845 = AXIS2_PLACEMENT_3D('',#14846,#14847,#14848);
#14846 = CARTESIAN_POINT('',(6.35,19.050000089366,-57.15));
#14847 = DIRECTION('',(-0.,-4.440892098501E-16,1.));
#14848 = DIRECTION('',(-1.,0.,-0.));
#14849 = DEFINITIONAL_REPRESENTATION('',(#14850),#14854);
#14850 = LINE('',#14851,#14852);
#14851 = CARTESIAN_POINT('',(-0.,0.));
#14852 = VECTOR('',#14853,1.);
#14853 = DIRECTION('',(-1.,0.));
#14854 = ( GEOMETRIC_REPRESENTATION_CONTEXT(2) 
PARAMETRIC_REPRESENTATION_CONTEXT() REPRESENTATION_CONTEXT('2D SPACE',''
  ) );
#14855 = ORIENTED_EDGE('',*,*,#14856,.T.);
#14856 = EDGE_CURVE('',#14828,#14529,#14857,.T.);
#14857 = SURFACE_CURVE('',#14858,(#14862,#14869),.PCURVE_S1.);
#14858 = LINE('',#14859,#14860);
#14859 = CARTESIAN_POINT('',(0.,25.4,-57.15));
#14860 = VECTOR('',#14861,25.4);
#14861 = DIRECTION('',(-0.,-1.,-4.440892098501E-16));
#14862 = PCURVE('',#14513,#14863);
#14863 = DEFINITIONAL_REPRESENTATION('',(#14864),#14868);
#14864 = LINE('',#14865,#14866);
#14865 = CARTESIAN_POINT('',(54.927509560367,12.313165740073));
#14866 = VECTOR('',#14867,1.);
#14867 = DIRECTION('',(-0.,-1.));
#14868 = ( GEOMETRIC_REPRESENTATION_CONTEXT(2) 
PARAMETRIC_REPRESENTATION_CONTEXT() REPRESENTATION_CONTEXT('2D SPACE',''
  ) );
#14869 = PCURVE('',#14546,#14870);
#14870 = DEFINITIONAL_REPRESENTATION('',(#14871),#14875);
#14871 = LINE('',#14872,#14873);
#14872 = CARTESIAN_POINT('',(6.349999910634,-2.819966442861E-15));
#14873 = VECTOR('',#14874,1.);
#14874 = DIRECTION('',(-1.,0.));
#14875 = ( GEOMETRIC_REPRESENTATION_CONTEXT(2) 
PARAMETRIC_REPRESENTATION_CONTEXT() REPRESENTATION_CONTEXT('2D SPACE',''
  ) );
#14876 = ORIENTED_EDGE('',*,*,#14585,.T.);
#14877 = FACE_BOUND('',#14878,.T.);
#14878 = EDGE_LOOP('',(#14879));
#14879 = ORIENTED_EDGE('',*,*,#14880,.F.);
#14880 = EDGE_CURVE('',#14881,#14881,#14883,.T.);
#14881 = VERTEX_POINT('',#14882);
#14882 = CARTESIAN_POINT('',(15.6337,12.7,-57.15));
#14883 = SURFACE_CURVE('',#14884,(#14889,#14900),.PCURVE_S1.);
#14884 = CIRCLE('',#14885,5.5499);
#14885 = AXIS2_PLACEMENT_3D('',#14886,#14887,#14888);
#14886 = CARTESIAN_POINT('',(10.0838,12.7,-57.15));
#14887 = DIRECTION('',(0.,-4.440892098501E-16,1.));
#14888 = DIRECTION('',(1.,-0.,-0.));
#14889 = PCURVE('',#14513,#14890);
#14890 = DEFINITIONAL_REPRESENTATION('',(#14891),#14899);
#14891 = ( BOUNDED_CURVE() B_SPLINE_CURVE(2,(#14892,#14893,#14894,#14895
    ,#14896,#14897,#14898),.UNSPECIFIED.,.T.,.F.) 
B_SPLINE_CURVE_WITH_KNOTS((1,2,2,2,2,1),(-2.094395102393,0.,
    2.094395102393,4.188790204786,6.28318530718,8.377580409573),
.UNSPECIFIED.) CURVE() GEOMETRIC_REPRESENTATION_ITEM() 
RATIONAL_B_SPLINE_CURVE((1.,0.5,1.,0.5,1.,0.5,1.)) REPRESENTATION_ITEM(
  '') );
#14892 = CARTESIAN_POINT('',(39.293809560367,-0.386834259927));
#14893 = CARTESIAN_POINT('',(39.293809560367,9.225874516999));
#14894 = CARTESIAN_POINT('',(47.618659560367,4.419520128536));
#14895 = CARTESIAN_POINT('',(55.943509560367,-0.386834259927));
#14896 = CARTESIAN_POINT('',(47.618659560367,-5.19318864839));
#14897 = CARTESIAN_POINT('',(39.293809560367,-9.999543036854));
#14898 = CARTESIAN_POINT('',(39.293809560367,-0.386834259927));
#14899 = ( GEOMETRIC_REPRESENTATION_CONTEXT(2) 
PARAMETRIC_REPRESENTATION_CONTEXT() REPRESENTATION_CONTEXT('2D SPACE',''
  ) );
#14900 = PCURVE('',#14901,#14906);
#14901 = CYLINDRICAL_SURFACE('',#14902,5.5499);
#14902 = AXIS2_PLACEMENT_3D('',#14903,#14904,#14905);
#14903 = CARTESIAN_POINT('',(10.0838,12.7,-56.896));
#14904 = DIRECTION('',(-0.,4.440892098501E-16,-1.));
#14905 = DIRECTION('',(1.,-0.,-0.));
#14906 = DEFINITIONAL_REPRESENTATION('',(#14907),#14911);
#14907 = LINE('',#14908,#14909);
#14908 = CARTESIAN_POINT('',(-0.,0.254));
#14909 = VECTOR('',#14910,1.);
#14910 = DIRECTION('',(-1.,0.));
#14911 = ( GEOMETRIC_REPRESENTATION_CONTEXT(2) 
PARAMETRIC_REPRESENTATION_CONTEXT() REPRESENTATION_CONTEXT('2D SPACE',''
  ) );
#14912 = ADVANCED_FACE('',(#14913,#15078),#14459,.T.);
#14913 = FACE_BOUND('',#14914,.F.);
#14914 = EDGE_LOOP('',(#14915,#14916,#14917,#14940,#14963,#14986,#15009,
    #15032,#15056,#15077));
#14915 = ORIENTED_EDGE('',*,*,#14443,.T.);
#14916 = ORIENTED_EDGE('',*,*,#14615,.T.);
#14917 = ORIENTED_EDGE('',*,*,#14918,.T.);
#14918 = EDGE_CURVE('',#14616,#14919,#14921,.T.);
#14919 = VERTEX_POINT('',#14920);
#14920 = CARTESIAN_POINT('',(92.7608,8.763,-63.5));
#14921 = SURFACE_CURVE('',#14922,(#14926,#14933),.PCURVE_S1.);
#14922 = LINE('',#14923,#14924);
#14923 = CARTESIAN_POINT('',(77.4192,12.8016,-63.5));
#14924 = VECTOR('',#14925,25.4);
#14925 = DIRECTION('',(0.967053794642,-0.254572108192,
    -1.130527263769E-16));
#14926 = PCURVE('',#14459,#14927);
#14927 = DEFINITIONAL_REPRESENTATION('',(#14928),#14932);
#14928 = LINE('',#14929,#14930);
#14929 = CARTESIAN_POINT('',(-22.49169043963,-0.285234259927));
#14930 = VECTOR('',#14931,1.);
#14931 = DIRECTION('',(-0.967053794642,-0.254572108192));
#14932 = ( GEOMETRIC_REPRESENTATION_CONTEXT(2) 
PARAMETRIC_REPRESENTATION_CONTEXT() REPRESENTATION_CONTEXT('2D SPACE',''
  ) );
#14933 = PCURVE('',#14654,#14934);
#14934 = DEFINITIONAL_REPRESENTATION('',(#14935),#14939);
#14935 = LINE('',#14936,#14937);
#14936 = CARTESIAN_POINT('',(-1.252316687038E-30,-6.35));
#14937 = VECTOR('',#14938,1.);
#14938 = DIRECTION('',(-1.,0.));
#14939 = ( GEOMETRIC_REPRESENTATION_CONTEXT(2) 
PARAMETRIC_REPRESENTATION_CONTEXT() REPRESENTATION_CONTEXT('2D SPACE',''
  ) );
#14940 = ORIENTED_EDGE('',*,*,#14941,.T.);
#14941 = EDGE_CURVE('',#14919,#14942,#14944,.T.);
#14942 = VERTEX_POINT('',#14943);
#14943 = CARTESIAN_POINT('',(90.7034,0.,-63.5));
#14944 = SURFACE_CURVE('',#14945,(#14949,#14956),.PCURVE_S1.);
#14945 = LINE('',#14946,#14947);
#14946 = CARTESIAN_POINT('',(92.7608,8.763,-63.5));
#14947 = VECTOR('',#14948,25.4);
#14948 = DIRECTION('',(-0.228567461421,-0.973528076421,
    -4.323333142246E-16));
#14949 = PCURVE('',#14459,#14950);
#14950 = DEFINITIONAL_REPRESENTATION('',(#14951),#14955);
#14951 = LINE('',#14952,#14953);
#14952 = CARTESIAN_POINT('',(-37.83329043963,-4.323834259927));
#14953 = VECTOR('',#14954,1.);
#14954 = DIRECTION('',(0.228567461421,-0.973528076421));
#14955 = ( GEOMETRIC_REPRESENTATION_CONTEXT(2) 
PARAMETRIC_REPRESENTATION_CONTEXT() REPRESENTATION_CONTEXT('2D SPACE',''
  ) );
#14956 = PCURVE('',#14731,#14957);
#14957 = DEFINITIONAL_REPRESENTATION('',(#14958),#14962);
#14958 = LINE('',#14959,#14960);
#14959 = CARTESIAN_POINT('',(-2.745316545326E-15,-6.35));
#14960 = VECTOR('',#14961,1.);
#14961 = DIRECTION('',(-1.,0.));
#14962 = ( GEOMETRIC_REPRESENTATION_CONTEXT(2) 
PARAMETRIC_REPRESENTATION_CONTEXT() REPRESENTATION_CONTEXT('2D SPACE',''
  ) );
#14963 = ORIENTED_EDGE('',*,*,#14964,.T.);
#14964 = EDGE_CURVE('',#14942,#14965,#14967,.T.);
#14965 = VERTEX_POINT('',#14966);
#14966 = CARTESIAN_POINT('',(98.552,0.,-63.5));
#14967 = SURFACE_CURVE('',#14968,(#14972,#14979),.PCURVE_S1.);
#14968 = LINE('',#14969,#14970);
#14969 = CARTESIAN_POINT('',(90.7034,0.,-63.5));
#14970 = VECTOR('',#14971,25.4);
#14971 = DIRECTION('',(1.,-0.,0.));
#14972 = PCURVE('',#14459,#14973);
#14973 = DEFINITIONAL_REPRESENTATION('',(#14974),#14978);
#14974 = LINE('',#14975,#14976);
#14975 = CARTESIAN_POINT('',(-35.77589043963,-13.08683425992));
#14976 = VECTOR('',#14977,1.);
#14977 = DIRECTION('',(-1.,0.));
#14978 = ( GEOMETRIC_REPRESENTATION_CONTEXT(2) 
PARAMETRIC_REPRESENTATION_CONTEXT() REPRESENTATION_CONTEXT('2D SPACE',''
  ) );
#14979 = PCURVE('',#14759,#14980);
#14980 = DEFINITIONAL_REPRESENTATION('',(#14981),#14985);
#14981 = LINE('',#14982,#14983);
#14982 = CARTESIAN_POINT('',(-0.,-6.35));
#14983 = VECTOR('',#14984,1.);
#14984 = DIRECTION('',(-1.,0.));
#14985 = ( GEOMETRIC_REPRESENTATION_CONTEXT(2) 
PARAMETRIC_REPRESENTATION_CONTEXT() REPRESENTATION_CONTEXT('2D SPACE',''
  ) );
#14986 = ORIENTED_EDGE('',*,*,#14987,.T.);
#14987 = EDGE_CURVE('',#14965,#14988,#14990,.T.);
#14988 = VERTEX_POINT('',#14989);
#14989 = CARTESIAN_POINT('',(105.3338,25.4,-63.5));
#14990 = SURFACE_CURVE('',#14991,(#14995,#15002),.PCURVE_S1.);
#14991 = LINE('',#14992,#14993);
#14992 = CARTESIAN_POINT('',(98.552,0.,-63.5));
#14993 = VECTOR('',#14994,25.4);
#14994 = DIRECTION('',(0.25796330864,0.966154714006,4.290588835358E-16)
  );
#14995 = PCURVE('',#14459,#14996);
#14996 = DEFINITIONAL_REPRESENTATION('',(#14997),#15001);
#14997 = LINE('',#14998,#14999);
#14998 = CARTESIAN_POINT('',(-43.62449043963,-13.08683425992));
#14999 = VECTOR('',#15000,1.);
#15000 = DIRECTION('',(-0.25796330864,0.966154714006));
#15001 = ( GEOMETRIC_REPRESENTATION_CONTEXT(2) 
PARAMETRIC_REPRESENTATION_CONTEXT() REPRESENTATION_CONTEXT('2D SPACE',''
  ) );
#15002 = PCURVE('',#14787,#15003);
#15003 = DEFINITIONAL_REPRESENTATION('',(#15004),#15008);
#15004 = LINE('',#15005,#15006);
#15005 = CARTESIAN_POINT('',(2.543220279917E-15,-6.35));
#15006 = VECTOR('',#15007,1.);
#15007 = DIRECTION('',(-1.,0.));
#15008 = ( GEOMETRIC_REPRESENTATION_CONTEXT(2) 
PARAMETRIC_REPRESENTATION_CONTEXT() REPRESENTATION_CONTEXT('2D SPACE',''
  ) );
#15009 = ORIENTED_EDGE('',*,*,#15010,.T.);
#15010 = EDGE_CURVE('',#14988,#15011,#15013,.T.);
#15011 = VERTEX_POINT('',#15012);
#15012 = CARTESIAN_POINT('',(6.35,25.400000044683,-63.5));
#15013 = SURFACE_CURVE('',#15014,(#15018,#15025),.PCURVE_S1.);
#15014 = LINE('',#15015,#15016);
#15015 = CARTESIAN_POINT('',(105.3338,25.4,-63.5));
#15016 = VECTOR('',#15017,25.4);
#15017 = DIRECTION('',(-1.,0.,-0.));
#15018 = PCURVE('',#14459,#15019);
#15019 = DEFINITIONAL_REPRESENTATION('',(#15020),#15024);
#15020 = LINE('',#15021,#15022);
#15021 = CARTESIAN_POINT('',(-50.40629043963,12.313165740073));
#15022 = VECTOR('',#15023,1.);
#15023 = DIRECTION('',(1.,-0.));
#15024 = ( GEOMETRIC_REPRESENTATION_CONTEXT(2) 
PARAMETRIC_REPRESENTATION_CONTEXT() REPRESENTATION_CONTEXT('2D SPACE',''
  ) );
#15025 = PCURVE('',#14815,#15026);
#15026 = DEFINITIONAL_REPRESENTATION('',(#15027),#15031);
#15027 = LINE('',#15028,#15029);
#15028 = CARTESIAN_POINT('',(-0.,-6.35));
#15029 = VECTOR('',#15030,1.);
#15030 = DIRECTION('',(-1.,0.));
#15031 = ( GEOMETRIC_REPRESENTATION_CONTEXT(2) 
PARAMETRIC_REPRESENTATION_CONTEXT() REPRESENTATION_CONTEXT('2D SPACE',''
  ) );
#15032 = ORIENTED_EDGE('',*,*,#15033,.F.);
#15033 = EDGE_CURVE('',#15034,#15011,#15036,.T.);
#15034 = VERTEX_POINT('',#15035);
#15035 = CARTESIAN_POINT('',(0.,19.050000089366,-63.5));
#15036 = SURFACE_CURVE('',#15037,(#15042,#15049),.PCURVE_S1.);
#15037 = CIRCLE('',#15038,6.35);
#15038 = AXIS2_PLACEMENT_3D('',#15039,#15040,#15041);
#15039 = CARTESIAN_POINT('',(6.35,19.050000089366,-63.5));
#15040 = DIRECTION('',(0.,4.440892098501E-16,-1.));
#15041 = DIRECTION('',(-1.,0.,-0.));
#15042 = PCURVE('',#14459,#15043);
#15043 = DEFINITIONAL_REPRESENTATION('',(#15044),#15048);
#15044 = CIRCLE('',#15045,6.35);
#15045 = AXIS2_PLACEMENT_2D('',#15046,#15047);
#15046 = CARTESIAN_POINT('',(48.577509560367,5.963165829439));
#15047 = DIRECTION('',(1.,-0.));
#15048 = ( GEOMETRIC_REPRESENTATION_CONTEXT(2) 
PARAMETRIC_REPRESENTATION_CONTEXT() REPRESENTATION_CONTEXT('2D SPACE',''
  ) );
#15049 = PCURVE('',#14844,#15050);
#15050 = DEFINITIONAL_REPRESENTATION('',(#15051),#15055);
#15051 = LINE('',#15052,#15053);
#15052 = CARTESIAN_POINT('',(-0.,-6.35));
#15053 = VECTOR('',#15054,1.);
#15054 = DIRECTION('',(-1.,0.));
#15055 = ( GEOMETRIC_REPRESENTATION_CONTEXT(2) 
PARAMETRIC_REPRESENTATION_CONTEXT() REPRESENTATION_CONTEXT('2D SPACE',''
  ) );
#15056 = ORIENTED_EDGE('',*,*,#15057,.T.);
#15057 = EDGE_CURVE('',#15034,#14531,#15058,.T.);
#15058 = SURFACE_CURVE('',#15059,(#15063,#15070),.PCURVE_S1.);
#15059 = LINE('',#15060,#15061);
#15060 = CARTESIAN_POINT('',(0.,25.4,-63.5));
#15061 = VECTOR('',#15062,25.4);
#15062 = DIRECTION('',(-0.,-1.,-4.440892098501E-16));
#15063 = PCURVE('',#14459,#15064);
#15064 = DEFINITIONAL_REPRESENTATION('',(#15065),#15069);
#15065 = LINE('',#15066,#15067);
#15066 = CARTESIAN_POINT('',(54.927509560367,12.313165740073));
#15067 = VECTOR('',#15068,1.);
#15068 = DIRECTION('',(-0.,-1.));
#15069 = ( GEOMETRIC_REPRESENTATION_CONTEXT(2) 
PARAMETRIC_REPRESENTATION_CONTEXT() REPRESENTATION_CONTEXT('2D SPACE',''
  ) );
#15070 = PCURVE('',#14546,#15071);
#15071 = DEFINITIONAL_REPRESENTATION('',(#15072),#15076);
#15072 = LINE('',#15073,#15074);
#15073 = CARTESIAN_POINT('',(6.349999910634,-6.35));
#15074 = VECTOR('',#15075,1.);
#15075 = DIRECTION('',(-1.,0.));
#15076 = ( GEOMETRIC_REPRESENTATION_CONTEXT(2) 
PARAMETRIC_REPRESENTATION_CONTEXT() REPRESENTATION_CONTEXT('2D SPACE',''
  ) );
#15077 = ORIENTED_EDGE('',*,*,#14558,.T.);
#15078 = FACE_BOUND('',#15079,.F.);
#15079 = EDGE_LOOP('',(#15080));
#15080 = ORIENTED_EDGE('',*,*,#15081,.F.);
#15081 = EDGE_CURVE('',#15082,#15082,#15084,.T.);
#15082 = VERTEX_POINT('',#15083);
#15083 = CARTESIAN_POINT('',(15.6337,12.7,-63.5));
#15084 = SURFACE_CURVE('',#15085,(#15090,#15101),.PCURVE_S1.);
#15085 = CIRCLE('',#15086,5.5499);
#15086 = AXIS2_PLACEMENT_3D('',#15087,#15088,#15089);
#15087 = CARTESIAN_POINT('',(10.0838,12.7,-63.5));
#15088 = DIRECTION('',(0.,-4.440892098501E-16,1.));
#15089 = DIRECTION('',(1.,-0.,-0.));
#15090 = PCURVE('',#14459,#15091);
#15091 = DEFINITIONAL_REPRESENTATION('',(#15092),#15100);
#15092 = ( BOUNDED_CURVE() B_SPLINE_CURVE(2,(#15093,#15094,#15095,#15096
    ,#15097,#15098,#15099),.UNSPECIFIED.,.T.,.F.) 
B_SPLINE_CURVE_WITH_KNOTS((1,2,2,2,2,1),(-2.094395102393,0.,
    2.094395102393,4.188790204786,6.28318530718,8.377580409573),
.UNSPECIFIED.) CURVE() GEOMETRIC_REPRESENTATION_ITEM() 
RATIONAL_B_SPLINE_CURVE((1.,0.5,1.,0.5,1.,0.5,1.)) REPRESENTATION_ITEM(
  '') );
#15093 = CARTESIAN_POINT('',(39.293809560367,-0.386834259927));
#15094 = CARTESIAN_POINT('',(39.293809560367,9.225874516999));
#15095 = CARTESIAN_POINT('',(47.618659560367,4.419520128536));
#15096 = CARTESIAN_POINT('',(55.943509560367,-0.386834259927));
#15097 = CARTESIAN_POINT('',(47.618659560367,-5.19318864839));
#15098 = CARTESIAN_POINT('',(39.293809560367,-9.999543036854));
#15099 = CARTESIAN_POINT('',(39.293809560367,-0.386834259927));
#15100 = ( GEOMETRIC_REPRESENTATION_CONTEXT(2) 
PARAMETRIC_REPRESENTATION_CONTEXT() REPRESENTATION_CONTEXT('2D SPACE',''
  ) );
#15101 = PCURVE('',#14901,#15102);
#15102 = DEFINITIONAL_REPRESENTATION('',(#15103),#15107);
#15103 = LINE('',#15104,#15105);
#15104 = CARTESIAN_POINT('',(-0.,6.604));
#15105 = VECTOR('',#15106,1.);
#15106 = DIRECTION('',(-1.,0.));
#15107 = ( GEOMETRIC_REPRESENTATION_CONTEXT(2) 
PARAMETRIC_REPRESENTATION_CONTEXT() REPRESENTATION_CONTEXT('2D SPACE',''
  ) );
#15108 = ADVANCED_FACE('',(#15109),#14546,.F.);
#15109 = FACE_BOUND('',#15110,.T.);
#15110 = EDGE_LOOP('',(#15111,#15132,#15133,#15134));
#15111 = ORIENTED_EDGE('',*,*,#15112,.T.);
#15112 = EDGE_CURVE('',#14828,#15034,#15113,.T.);
#15113 = SURFACE_CURVE('',#15114,(#15118,#15125),.PCURVE_S1.);
#15114 = LINE('',#15115,#15116);
#15115 = CARTESIAN_POINT('',(0.,19.050000089366,-57.15));
#15116 = VECTOR('',#15117,25.4);
#15117 = DIRECTION('',(-0.,4.440892098501E-16,-1.));
#15118 = PCURVE('',#14546,#15119);
#15119 = DEFINITIONAL_REPRESENTATION('',(#15120),#15124);
#15120 = LINE('',#15121,#15122);
#15121 = CARTESIAN_POINT('',(0.,-0.));
#15122 = VECTOR('',#15123,1.);
#15123 = DIRECTION('',(-0.,-1.));
#15124 = ( GEOMETRIC_REPRESENTATION_CONTEXT(2) 
PARAMETRIC_REPRESENTATION_CONTEXT() REPRESENTATION_CONTEXT('2D SPACE',''
  ) );
#15125 = PCURVE('',#14844,#15126);
#15126 = DEFINITIONAL_REPRESENTATION('',(#15127),#15131);
#15127 = LINE('',#15128,#15129);
#15128 = CARTESIAN_POINT('',(-0.,0.));
#15129 = VECTOR('',#15130,1.);
#15130 = DIRECTION('',(-0.,-1.));
#15131 = ( GEOMETRIC_REPRESENTATION_CONTEXT(2) 
PARAMETRIC_REPRESENTATION_CONTEXT() REPRESENTATION_CONTEXT('2D SPACE',''
  ) );
#15132 = ORIENTED_EDGE('',*,*,#15057,.T.);
#15133 = ORIENTED_EDGE('',*,*,#14528,.F.);
#15134 = ORIENTED_EDGE('',*,*,#14856,.F.);
#15135 = ADVANCED_FACE('',(#15136),#14654,.F.);
#15136 = FACE_BOUND('',#15137,.T.);
#15137 = EDGE_LOOP('',(#15138,#15139,#15140,#15161));
#15138 = ORIENTED_EDGE('',*,*,#14638,.T.);
#15139 = ORIENTED_EDGE('',*,*,#14918,.T.);
#15140 = ORIENTED_EDGE('',*,*,#15141,.F.);
#15141 = EDGE_CURVE('',#14693,#14919,#15142,.T.);
#15142 = SURFACE_CURVE('',#15143,(#15147,#15154),.PCURVE_S1.);
#15143 = LINE('',#15144,#15145);
#15144 = CARTESIAN_POINT('',(92.7608,8.763,-57.15));
#15145 = VECTOR('',#15146,25.4);
#15146 = DIRECTION('',(-0.,4.440892098501E-16,-1.));
#15147 = PCURVE('',#14654,#15148);
#15148 = DEFINITIONAL_REPRESENTATION('',(#15149),#15153);
#15149 = LINE('',#15150,#15151);
#15150 = CARTESIAN_POINT('',(-15.86426741201,-9.486367247291E-15));
#15151 = VECTOR('',#15152,1.);
#15152 = DIRECTION('',(-0.,-1.));
#15153 = ( GEOMETRIC_REPRESENTATION_CONTEXT(2) 
PARAMETRIC_REPRESENTATION_CONTEXT() REPRESENTATION_CONTEXT('2D SPACE',''
  ) );
#15154 = PCURVE('',#14731,#15155);
#15155 = DEFINITIONAL_REPRESENTATION('',(#15156),#15160);
#15156 = LINE('',#15157,#15158);
#15157 = CARTESIAN_POINT('',(0.,-0.));
#15158 = VECTOR('',#15159,1.);
#15159 = DIRECTION('',(-0.,-1.));
#15160 = ( GEOMETRIC_REPRESENTATION_CONTEXT(2) 
PARAMETRIC_REPRESENTATION_CONTEXT() REPRESENTATION_CONTEXT('2D SPACE',''
  ) );
#15161 = ORIENTED_EDGE('',*,*,#14692,.F.);
#15162 = ADVANCED_FACE('',(#15163),#14844,.T.);
#15163 = FACE_BOUND('',#15164,.F.);
#15164 = EDGE_LOOP('',(#15165,#15166,#15167,#15188));
#15165 = ORIENTED_EDGE('',*,*,#15112,.T.);
#15166 = ORIENTED_EDGE('',*,*,#15033,.T.);
#15167 = ORIENTED_EDGE('',*,*,#15168,.F.);
#15168 = EDGE_CURVE('',#14800,#15011,#15169,.T.);
#15169 = SURFACE_CURVE('',#15170,(#15174,#15181),.PCURVE_S1.);
#15170 = LINE('',#15171,#15172);
#15171 = CARTESIAN_POINT('',(6.35,25.400000044683,-57.15));
#15172 = VECTOR('',#15173,25.4);
#15173 = DIRECTION('',(-0.,4.440892098501E-16,-1.));
#15174 = PCURVE('',#14844,#15175);
#15175 = DEFINITIONAL_REPRESENTATION('',(#15176),#15180);
#15176 = LINE('',#15177,#15178);
#15177 = CARTESIAN_POINT('',(-1.570796326795,0.));
#15178 = VECTOR('',#15179,1.);
#15179 = DIRECTION('',(-0.,-1.));
#15180 = ( GEOMETRIC_REPRESENTATION_CONTEXT(2) 
PARAMETRIC_REPRESENTATION_CONTEXT() REPRESENTATION_CONTEXT('2D SPACE',''
  ) );
#15181 = PCURVE('',#14815,#15182);
#15182 = DEFINITIONAL_REPRESENTATION('',(#15183),#15187);
#15183 = LINE('',#15184,#15185);
#15184 = CARTESIAN_POINT('',(-98.9838,0.));
#15185 = VECTOR('',#15186,1.);
#15186 = DIRECTION('',(-0.,-1.));
#15187 = ( GEOMETRIC_REPRESENTATION_CONTEXT(2) 
PARAMETRIC_REPRESENTATION_CONTEXT() REPRESENTATION_CONTEXT('2D SPACE',''
  ) );
#15188 = ORIENTED_EDGE('',*,*,#14827,.F.);
#15189 = ADVANCED_FACE('',(#15190),#14731,.F.);
#15190 = FACE_BOUND('',#15191,.T.);
#15191 = EDGE_LOOP('',(#15192,#15193,#15194,#15215));
#15192 = ORIENTED_EDGE('',*,*,#15141,.T.);
#15193 = ORIENTED_EDGE('',*,*,#14941,.T.);
#15194 = ORIENTED_EDGE('',*,*,#15195,.F.);
#15195 = EDGE_CURVE('',#14716,#14942,#15196,.T.);
#15196 = SURFACE_CURVE('',#15197,(#15201,#15208),.PCURVE_S1.);
#15197 = LINE('',#15198,#15199);
#15198 = CARTESIAN_POINT('',(90.7034,0.,-57.15));
#15199 = VECTOR('',#15200,25.4);
#15200 = DIRECTION('',(-0.,4.440892098501E-16,-1.));
#15201 = PCURVE('',#14731,#15202);
#15202 = DEFINITIONAL_REPRESENTATION('',(#15203),#15207);
#15203 = LINE('',#15204,#15205);
#15204 = CARTESIAN_POINT('',(-9.001281228803,3.891553745916E-15));
#15205 = VECTOR('',#15206,1.);
#15206 = DIRECTION('',(-0.,-1.));
#15207 = ( GEOMETRIC_REPRESENTATION_CONTEXT(2) 
PARAMETRIC_REPRESENTATION_CONTEXT() REPRESENTATION_CONTEXT('2D SPACE',''
  ) );
#15208 = PCURVE('',#14759,#15209);
#15209 = DEFINITIONAL_REPRESENTATION('',(#15210),#15214);
#15210 = LINE('',#15211,#15212);
#15211 = CARTESIAN_POINT('',(-1.127986593019E-14,0.));
#15212 = VECTOR('',#15213,1.);
#15213 = DIRECTION('',(-0.,-1.));
#15214 = ( GEOMETRIC_REPRESENTATION_CONTEXT(2) 
PARAMETRIC_REPRESENTATION_CONTEXT() REPRESENTATION_CONTEXT('2D SPACE',''
  ) );
#15215 = ORIENTED_EDGE('',*,*,#14715,.F.);
#15216 = ADVANCED_FACE('',(#15217),#14815,.F.);
#15217 = FACE_BOUND('',#15218,.T.);
#15218 = EDGE_LOOP('',(#15219,#15240,#15241,#15242));
#15219 = ORIENTED_EDGE('',*,*,#15220,.T.);
#15220 = EDGE_CURVE('',#14772,#14988,#15221,.T.);
#15221 = SURFACE_CURVE('',#15222,(#15226,#15233),.PCURVE_S1.);
#15222 = LINE('',#15223,#15224);
#15223 = CARTESIAN_POINT('',(105.3338,25.4,-57.15));
#15224 = VECTOR('',#15225,25.4);
#15225 = DIRECTION('',(-0.,4.440892098501E-16,-1.));
#15226 = PCURVE('',#14815,#15227);
#15227 = DEFINITIONAL_REPRESENTATION('',(#15228),#15232);
#15228 = LINE('',#15229,#15230);
#15229 = CARTESIAN_POINT('',(-0.,0.));
#15230 = VECTOR('',#15231,1.);
#15231 = DIRECTION('',(-0.,-1.));
#15232 = ( GEOMETRIC_REPRESENTATION_CONTEXT(2) 
PARAMETRIC_REPRESENTATION_CONTEXT() REPRESENTATION_CONTEXT('2D SPACE',''
  ) );
#15233 = PCURVE('',#14787,#15234);
#15234 = DEFINITIONAL_REPRESENTATION('',(#15235),#15239);
#15235 = LINE('',#15236,#15237);
#15236 = CARTESIAN_POINT('',(-26.28978530228,0.));
#15237 = VECTOR('',#15238,1.);
#15238 = DIRECTION('',(-0.,-1.));
#15239 = ( GEOMETRIC_REPRESENTATION_CONTEXT(2) 
PARAMETRIC_REPRESENTATION_CONTEXT() REPRESENTATION_CONTEXT('2D SPACE',''
  ) );
#15240 = ORIENTED_EDGE('',*,*,#15010,.T.);
#15241 = ORIENTED_EDGE('',*,*,#15168,.F.);
#15242 = ORIENTED_EDGE('',*,*,#14799,.F.);
#15243 = ADVANCED_FACE('',(#15244),#14759,.F.);
#15244 = FACE_BOUND('',#15245,.T.);
#15245 = EDGE_LOOP('',(#15246,#15247,#15248,#15269));
#15246 = ORIENTED_EDGE('',*,*,#15195,.T.);
#15247 = ORIENTED_EDGE('',*,*,#14964,.T.);
#15248 = ORIENTED_EDGE('',*,*,#15249,.F.);
#15249 = EDGE_CURVE('',#14744,#14965,#15250,.T.);
#15250 = SURFACE_CURVE('',#15251,(#15255,#15262),.PCURVE_S1.);
#15251 = LINE('',#15252,#15253);
#15252 = CARTESIAN_POINT('',(98.552,0.,-57.15));
#15253 = VECTOR('',#15254,25.4);
#15254 = DIRECTION('',(-0.,4.440892098501E-16,-1.));
#15255 = PCURVE('',#14759,#15256);
#15256 = DEFINITIONAL_REPRESENTATION('',(#15257),#15261);
#15257 = LINE('',#15258,#15259);
#15258 = CARTESIAN_POINT('',(-7.8486,0.));
#15259 = VECTOR('',#15260,1.);
#15260 = DIRECTION('',(-0.,-1.));
#15261 = ( GEOMETRIC_REPRESENTATION_CONTEXT(2) 
PARAMETRIC_REPRESENTATION_CONTEXT() REPRESENTATION_CONTEXT('2D SPACE',''
  ) );
#15262 = PCURVE('',#14787,#15263);
#15263 = DEFINITIONAL_REPRESENTATION('',(#15264),#15268);
#15264 = LINE('',#15265,#15266);
#15265 = CARTESIAN_POINT('',(-0.,0.));
#15266 = VECTOR('',#15267,1.);
#15267 = DIRECTION('',(-0.,-1.));
#15268 = ( GEOMETRIC_REPRESENTATION_CONTEXT(2) 
PARAMETRIC_REPRESENTATION_CONTEXT() REPRESENTATION_CONTEXT('2D SPACE',''
  ) );
#15269 = ORIENTED_EDGE('',*,*,#14743,.F.);
#15270 = ADVANCED_FACE('',(#15271),#14787,.F.);
#15271 = FACE_BOUND('',#15272,.T.);
#15272 = EDGE_LOOP('',(#15273,#15274,#15275,#15276));
#15273 = ORIENTED_EDGE('',*,*,#15249,.T.);
#15274 = ORIENTED_EDGE('',*,*,#14987,.T.);
#15275 = ORIENTED_EDGE('',*,*,#15220,.F.);
#15276 = ORIENTED_EDGE('',*,*,#14771,.F.);
#15277 = ADVANCED_FACE('',(#15278),#14901,.F.);
#15278 = FACE_BOUND('',#15279,.T.);
#15279 = EDGE_LOOP('',(#15280,#15281,#15302,#15303));
#15280 = ORIENTED_EDGE('',*,*,#15081,.F.);
#15281 = ORIENTED_EDGE('',*,*,#15282,.F.);
#15282 = EDGE_CURVE('',#14881,#15082,#15283,.T.);
#15283 = SEAM_CURVE('',#15284,(#15288,#15295),.PCURVE_S1.);
#15284 = LINE('',#15285,#15286);
#15285 = CARTESIAN_POINT('',(15.6337,12.7,-56.896));
#15286 = VECTOR('',#15287,25.4);
#15287 = DIRECTION('',(-0.,4.440892098501E-16,-1.));
#15288 = PCURVE('',#14901,#15289);
#15289 = DEFINITIONAL_REPRESENTATION('',(#15290),#15294);
#15290 = LINE('',#15291,#15292);
#15291 = CARTESIAN_POINT('',(-6.28318530718,-0.));
#15292 = VECTOR('',#15293,1.);
#15293 = DIRECTION('',(-0.,1.));
#15294 = ( GEOMETRIC_REPRESENTATION_CONTEXT(2) 
PARAMETRIC_REPRESENTATION_CONTEXT() REPRESENTATION_CONTEXT('2D SPACE',''
  ) );
#15295 = PCURVE('',#14901,#15296);
#15296 = DEFINITIONAL_REPRESENTATION('',(#15297),#15301);
#15297 = LINE('',#15298,#15299);
#15298 = CARTESIAN_POINT('',(-0.,-0.));
#15299 = VECTOR('',#15300,1.);
#15300 = DIRECTION('',(-0.,1.));
#15301 = ( GEOMETRIC_REPRESENTATION_CONTEXT(2) 
PARAMETRIC_REPRESENTATION_CONTEXT() REPRESENTATION_CONTEXT('2D SPACE',''
  ) );
#15302 = ORIENTED_EDGE('',*,*,#14880,.T.);
#15303 = ORIENTED_EDGE('',*,*,#15282,.T.);
#15304 = ( GEOMETRIC_REPRESENTATION_CONTEXT(3) 
GLOBAL_UNCERTAINTY_ASSIGNED_CONTEXT((#15308)) 
GLOBAL_UNIT_ASSIGNED_CONTEXT((#15305,#15306,#15307)) 
REPRESENTATION_CONTEXT('Context #1',
  '3D Context with UNIT and UNCERTAINTY') );
#15305 = ( LENGTH_UNIT() NAMED_UNIT(*) SI_UNIT(.MILLI.,.METRE.) );
#15306 = ( NAMED_UNIT(*) PLANE_ANGLE_UNIT() SI_UNIT($,.RADIAN.) );
#15307 = ( NAMED_UNIT(*) SI_UNIT($,.STERADIAN.) SOLID_ANGLE_UNIT() );
#15308 = UNCERTAINTY_MEASURE_WITH_UNIT(LENGTH_MEASURE(2.54E-06),#15305,
  'distance_accuracy_value','confusion accuracy');
#15309 = CONTEXT_DEPENDENT_SHAPE_REPRESENTATION(#15310,#15312);
#15310 = ( REPRESENTATION_RELATIONSHIP('','',#14401,#10) 
REPRESENTATION_RELATIONSHIP_WITH_TRANSFORMATION(#15311) 
SHAPE_REPRESENTATION_RELATIONSHIP() );
#15311 = ITEM_DEFINED_TRANSFORMATION('','',#11,#143);
#15312 = PRODUCT_DEFINITION_SHAPE('Placement','Placement of an item',
  #15313);
#15313 = NEXT_ASSEMBLY_USAGE_OCCURRENCE('33','Clamp (mirror)','',#5,
  #14396,$);
#15314 = PRODUCT_RELATED_PRODUCT_CATEGORY('part',$,(#14398));
#15315 = SHAPE_DEFINITION_REPRESENTATION(#15316,#15322);
#15316 = PRODUCT_DEFINITION_SHAPE('','',#15317);
#15317 = PRODUCT_DEFINITION('design','',#15318,#15321);
#15318 = PRODUCT_DEFINITION_FORMATION('','',#15319);
#15319 = PRODUCT('Grabber','Grabber','',(#15320));
#15320 = PRODUCT_CONTEXT('',#2,'mechanical');
#15321 = PRODUCT_DEFINITION_CONTEXT('part definition',#2,'design');
#15322 = ADVANCED_BREP_SHAPE_REPRESENTATION('',(#11,#15323),#15653);
#15323 = MANIFOLD_SOLID_BREP('',#15324);
#15324 = CLOSED_SHELL('',(#15325,#15445,#15545,#15592,#15639,#15646));
#15325 = ADVANCED_FACE('',(#15326),#15340,.F.);
#15326 = FACE_BOUND('',#15327,.F.);
#15327 = EDGE_LOOP('',(#15328,#15363,#15391,#15419));
#15328 = ORIENTED_EDGE('',*,*,#15329,.F.);
#15329 = EDGE_CURVE('',#15330,#15332,#15334,.T.);
#15330 = VERTEX_POINT('',#15331);
#15331 = CARTESIAN_POINT('',(0.,0.,0.));
#15332 = VERTEX_POINT('',#15333);
#15333 = CARTESIAN_POINT('',(0.,0.,6.35));
#15334 = SURFACE_CURVE('',#15335,(#15339,#15351),.PCURVE_S1.);
#15335 = LINE('',#15336,#15337);
#15336 = CARTESIAN_POINT('',(0.,0.,0.));
#15337 = VECTOR('',#15338,25.4);
#15338 = DIRECTION('',(0.,0.,1.));
#15339 = PCURVE('',#15340,#15345);
#15340 = PLANE('',#15341);
#15341 = AXIS2_PLACEMENT_3D('',#15342,#15343,#15344);
#15342 = CARTESIAN_POINT('',(0.,0.,0.));
#15343 = DIRECTION('',(1.,0.,-0.));
#15344 = DIRECTION('',(0.,0.,1.));
#15345 = DEFINITIONAL_REPRESENTATION('',(#15346),#15350);
#15346 = LINE('',#15347,#15348);
#15347 = CARTESIAN_POINT('',(0.,0.));
#15348 = VECTOR('',#15349,1.);
#15349 = DIRECTION('',(1.,0.));
#15350 = ( GEOMETRIC_REPRESENTATION_CONTEXT(2) 
PARAMETRIC_REPRESENTATION_CONTEXT() REPRESENTATION_CONTEXT('2D SPACE',''
  ) );
#15351 = PCURVE('',#15352,#15357);
#15352 = PLANE('',#15353);
#15353 = AXIS2_PLACEMENT_3D('',#15354,#15355,#15356);
#15354 = CARTESIAN_POINT('',(0.,0.,0.));
#15355 = DIRECTION('',(-0.,1.,0.));
#15356 = DIRECTION('',(0.,0.,1.));
#15357 = DEFINITIONAL_REPRESENTATION('',(#15358),#15362);
#15358 = LINE('',#15359,#15360);
#15359 = CARTESIAN_POINT('',(0.,0.));
#15360 = VECTOR('',#15361,1.);
#15361 = DIRECTION('',(1.,0.));
#15362 = ( GEOMETRIC_REPRESENTATION_CONTEXT(2) 
PARAMETRIC_REPRESENTATION_CONTEXT() REPRESENTATION_CONTEXT('2D SPACE',''
  ) );
#15363 = ORIENTED_EDGE('',*,*,#15364,.T.);
#15364 = EDGE_CURVE('',#15330,#15365,#15367,.T.);
#15365 = VERTEX_POINT('',#15366);
#15366 = CARTESIAN_POINT('',(0.,25.4,0.));
#15367 = SURFACE_CURVE('',#15368,(#15372,#15379),.PCURVE_S1.);
#15368 = LINE('',#15369,#15370);
#15369 = CARTESIAN_POINT('',(0.,0.,0.));
#15370 = VECTOR('',#15371,25.4);
#15371 = DIRECTION('',(-0.,1.,0.));
#15372 = PCURVE('',#15340,#15373);
#15373 = DEFINITIONAL_REPRESENTATION('',(#15374),#15378);
#15374 = LINE('',#15375,#15376);
#15375 = CARTESIAN_POINT('',(0.,0.));
#15376 = VECTOR('',#15377,1.);
#15377 = DIRECTION('',(0.,-1.));
#15378 = ( GEOMETRIC_REPRESENTATION_CONTEXT(2) 
PARAMETRIC_REPRESENTATION_CONTEXT() REPRESENTATION_CONTEXT('2D SPACE',''
  ) );
#15379 = PCURVE('',#15380,#15385);
#15380 = PLANE('',#15381);
#15381 = AXIS2_PLACEMENT_3D('',#15382,#15383,#15384);
#15382 = CARTESIAN_POINT('',(0.,0.,0.));
#15383 = DIRECTION('',(0.,0.,1.));
#15384 = DIRECTION('',(1.,0.,-0.));
#15385 = DEFINITIONAL_REPRESENTATION('',(#15386),#15390);
#15386 = LINE('',#15387,#15388);
#15387 = CARTESIAN_POINT('',(0.,0.));
#15388 = VECTOR('',#15389,1.);
#15389 = DIRECTION('',(0.,1.));
#15390 = ( GEOMETRIC_REPRESENTATION_CONTEXT(2) 
PARAMETRIC_REPRESENTATION_CONTEXT() REPRESENTATION_CONTEXT('2D SPACE',''
  ) );
#15391 = ORIENTED_EDGE('',*,*,#15392,.T.);
#15392 = EDGE_CURVE('',#15365,#15393,#15395,.T.);
#15393 = VERTEX_POINT('',#15394);
#15394 = CARTESIAN_POINT('',(0.,25.4,6.35));
#15395 = SURFACE_CURVE('',#15396,(#15400,#15407),.PCURVE_S1.);
#15396 = LINE('',#15397,#15398);
#15397 = CARTESIAN_POINT('',(0.,25.4,0.));
#15398 = VECTOR('',#15399,25.4);
#15399 = DIRECTION('',(0.,0.,1.));
#15400 = PCURVE('',#15340,#15401);
#15401 = DEFINITIONAL_REPRESENTATION('',(#15402),#15406);
#15402 = LINE('',#15403,#15404);
#15403 = CARTESIAN_POINT('',(0.,-25.4));
#15404 = VECTOR('',#15405,1.);
#15405 = DIRECTION('',(1.,0.));
#15406 = ( GEOMETRIC_REPRESENTATION_CONTEXT(2) 
PARAMETRIC_REPRESENTATION_CONTEXT() REPRESENTATION_CONTEXT('2D SPACE',''
  ) );
#15407 = PCURVE('',#15408,#15413);
#15408 = PLANE('',#15409);
#15409 = AXIS2_PLACEMENT_3D('',#15410,#15411,#15412);
#15410 = CARTESIAN_POINT('',(0.,25.4,0.));
#15411 = DIRECTION('',(-0.,1.,0.));
#15412 = DIRECTION('',(0.,0.,1.));
#15413 = DEFINITIONAL_REPRESENTATION('',(#15414),#15418);
#15414 = LINE('',#15415,#15416);
#15415 = CARTESIAN_POINT('',(0.,0.));
#15416 = VECTOR('',#15417,1.);
#15417 = DIRECTION('',(1.,0.));
#15418 = ( GEOMETRIC_REPRESENTATION_CONTEXT(2) 
PARAMETRIC_REPRESENTATION_CONTEXT() REPRESENTATION_CONTEXT('2D SPACE',''
  ) );
#15419 = ORIENTED_EDGE('',*,*,#15420,.F.);
#15420 = EDGE_CURVE('',#15332,#15393,#15421,.T.);
#15421 = SURFACE_CURVE('',#15422,(#15426,#15433),.PCURVE_S1.);
#15422 = LINE('',#15423,#15424);
#15423 = CARTESIAN_POINT('',(0.,0.,6.35));
#15424 = VECTOR('',#15425,25.4);
#15425 = DIRECTION('',(-0.,1.,0.));
#15426 = PCURVE('',#15340,#15427);
#15427 = DEFINITIONAL_REPRESENTATION('',(#15428),#15432);
#15428 = LINE('',#15429,#15430);
#15429 = CARTESIAN_POINT('',(6.35,0.));
#15430 = VECTOR('',#15431,1.);
#15431 = DIRECTION('',(0.,-1.));
#15432 = ( GEOMETRIC_REPRESENTATION_CONTEXT(2) 
PARAMETRIC_REPRESENTATION_CONTEXT() REPRESENTATION_CONTEXT('2D SPACE',''
  ) );
#15433 = PCURVE('',#15434,#15439);
#15434 = PLANE('',#15435);
#15435 = AXIS2_PLACEMENT_3D('',#15436,#15437,#15438);
#15436 = CARTESIAN_POINT('',(0.,0.,6.35));
#15437 = DIRECTION('',(0.,0.,1.));
#15438 = DIRECTION('',(1.,0.,-0.));
#15439 = DEFINITIONAL_REPRESENTATION('',(#15440),#15444);
#15440 = LINE('',#15441,#15442);
#15441 = CARTESIAN_POINT('',(0.,0.));
#15442 = VECTOR('',#15443,1.);
#15443 = DIRECTION('',(0.,1.));
#15444 = ( GEOMETRIC_REPRESENTATION_CONTEXT(2) 
PARAMETRIC_REPRESENTATION_CONTEXT() REPRESENTATION_CONTEXT('2D SPACE',''
  ) );
#15445 = ADVANCED_FACE('',(#15446),#15460,.T.);
#15446 = FACE_BOUND('',#15447,.T.);
#15447 = EDGE_LOOP('',(#15448,#15478,#15501,#15524));
#15448 = ORIENTED_EDGE('',*,*,#15449,.F.);
#15449 = EDGE_CURVE('',#15450,#15452,#15454,.T.);
#15450 = VERTEX_POINT('',#15451);
#15451 = CARTESIAN_POINT('',(69.85,0.,0.));
#15452 = VERTEX_POINT('',#15453);
#15453 = CARTESIAN_POINT('',(69.85,0.,6.35));
#15454 = SURFACE_CURVE('',#15455,(#15459,#15471),.PCURVE_S1.);
#15455 = LINE('',#15456,#15457);
#15456 = CARTESIAN_POINT('',(69.85,0.,0.));
#15457 = VECTOR('',#15458,25.4);
#15458 = DIRECTION('',(0.,0.,1.));
#15459 = PCURVE('',#15460,#15465);
#15460 = PLANE('',#15461);
#15461 = AXIS2_PLACEMENT_3D('',#15462,#15463,#15464);
#15462 = CARTESIAN_POINT('',(69.85,0.,0.));
#15463 = DIRECTION('',(1.,0.,-0.));
#15464 = DIRECTION('',(0.,0.,1.));
#15465 = DEFINITIONAL_REPRESENTATION('',(#15466),#15470);
#15466 = LINE('',#15467,#15468);
#15467 = CARTESIAN_POINT('',(0.,0.));
#15468 = VECTOR('',#15469,1.);
#15469 = DIRECTION('',(1.,0.));
#15470 = ( GEOMETRIC_REPRESENTATION_CONTEXT(2) 
PARAMETRIC_REPRESENTATION_CONTEXT() REPRESENTATION_CONTEXT('2D SPACE',''
  ) );
#15471 = PCURVE('',#15352,#15472);
#15472 = DEFINITIONAL_REPRESENTATION('',(#15473),#15477);
#15473 = LINE('',#15474,#15475);
#15474 = CARTESIAN_POINT('',(0.,69.85));
#15475 = VECTOR('',#15476,1.);
#15476 = DIRECTION('',(1.,0.));
#15477 = ( GEOMETRIC_REPRESENTATION_CONTEXT(2) 
PARAMETRIC_REPRESENTATION_CONTEXT() REPRESENTATION_CONTEXT('2D SPACE',''
  ) );
#15478 = ORIENTED_EDGE('',*,*,#15479,.T.);
#15479 = EDGE_CURVE('',#15450,#15480,#15482,.T.);
#15480 = VERTEX_POINT('',#15481);
#15481 = CARTESIAN_POINT('',(69.85,25.4,0.));
#15482 = SURFACE_CURVE('',#15483,(#15487,#15494),.PCURVE_S1.);
#15483 = LINE('',#15484,#15485);
#15484 = CARTESIAN_POINT('',(69.85,0.,0.));
#15485 = VECTOR('',#15486,25.4);
#15486 = DIRECTION('',(-0.,1.,0.));
#15487 = PCURVE('',#15460,#15488);
#15488 = DEFINITIONAL_REPRESENTATION('',(#15489),#15493);
#15489 = LINE('',#15490,#15491);
#15490 = CARTESIAN_POINT('',(0.,0.));
#15491 = VECTOR('',#15492,1.);
#15492 = DIRECTION('',(0.,-1.));
#15493 = ( GEOMETRIC_REPRESENTATION_CONTEXT(2) 
PARAMETRIC_REPRESENTATION_CONTEXT() REPRESENTATION_CONTEXT('2D SPACE',''
  ) );
#15494 = PCURVE('',#15380,#15495);
#15495 = DEFINITIONAL_REPRESENTATION('',(#15496),#15500);
#15496 = LINE('',#15497,#15498);
#15497 = CARTESIAN_POINT('',(69.85,0.));
#15498 = VECTOR('',#15499,1.);
#15499 = DIRECTION('',(0.,1.));
#15500 = ( GEOMETRIC_REPRESENTATION_CONTEXT(2) 
PARAMETRIC_REPRESENTATION_CONTEXT() REPRESENTATION_CONTEXT('2D SPACE',''
  ) );
#15501 = ORIENTED_EDGE('',*,*,#15502,.T.);
#15502 = EDGE_CURVE('',#15480,#15503,#15505,.T.);
#15503 = VERTEX_POINT('',#15504);
#15504 = CARTESIAN_POINT('',(69.85,25.4,6.35));
#15505 = SURFACE_CURVE('',#15506,(#15510,#15517),.PCURVE_S1.);
#15506 = LINE('',#15507,#15508);
#15507 = CARTESIAN_POINT('',(69.85,25.4,0.));
#15508 = VECTOR('',#15509,25.4);
#15509 = DIRECTION('',(0.,0.,1.));
#15510 = PCURVE('',#15460,#15511);
#15511 = DEFINITIONAL_REPRESENTATION('',(#15512),#15516);
#15512 = LINE('',#15513,#15514);
#15513 = CARTESIAN_POINT('',(0.,-25.4));
#15514 = VECTOR('',#15515,1.);
#15515 = DIRECTION('',(1.,0.));
#15516 = ( GEOMETRIC_REPRESENTATION_CONTEXT(2) 
PARAMETRIC_REPRESENTATION_CONTEXT() REPRESENTATION_CONTEXT('2D SPACE',''
  ) );
#15517 = PCURVE('',#15408,#15518);
#15518 = DEFINITIONAL_REPRESENTATION('',(#15519),#15523);
#15519 = LINE('',#15520,#15521);
#15520 = CARTESIAN_POINT('',(0.,69.85));
#15521 = VECTOR('',#15522,1.);
#15522 = DIRECTION('',(1.,0.));
#15523 = ( GEOMETRIC_REPRESENTATION_CONTEXT(2) 
PARAMETRIC_REPRESENTATION_CONTEXT() REPRESENTATION_CONTEXT('2D SPACE',''
  ) );
#15524 = ORIENTED_EDGE('',*,*,#15525,.F.);
#15525 = EDGE_CURVE('',#15452,#15503,#15526,.T.);
#15526 = SURFACE_CURVE('',#15527,(#15531,#15538),.PCURVE_S1.);
#15527 = LINE('',#15528,#15529);
#15528 = CARTESIAN_POINT('',(69.85,0.,6.35));
#15529 = VECTOR('',#15530,25.4);
#15530 = DIRECTION('',(-0.,1.,0.));
#15531 = PCURVE('',#15460,#15532);
#15532 = DEFINITIONAL_REPRESENTATION('',(#15533),#15537);
#15533 = LINE('',#15534,#15535);
#15534 = CARTESIAN_POINT('',(6.35,0.));
#15535 = VECTOR('',#15536,1.);
#15536 = DIRECTION('',(0.,-1.));
#15537 = ( GEOMETRIC_REPRESENTATION_CONTEXT(2) 
PARAMETRIC_REPRESENTATION_CONTEXT() REPRESENTATION_CONTEXT('2D SPACE',''
  ) );
#15538 = PCURVE('',#15434,#15539);
#15539 = DEFINITIONAL_REPRESENTATION('',(#15540),#15544);
#15540 = LINE('',#15541,#15542);
#15541 = CARTESIAN_POINT('',(69.85,0.));
#15542 = VECTOR('',#15543,1.);
#15543 = DIRECTION('',(0.,1.));
#15544 = ( GEOMETRIC_REPRESENTATION_CONTEXT(2) 
PARAMETRIC_REPRESENTATION_CONTEXT() REPRESENTATION_CONTEXT('2D SPACE',''
  ) );
#15545 = ADVANCED_FACE('',(#15546),#15352,.F.);
#15546 = FACE_BOUND('',#15547,.F.);
#15547 = EDGE_LOOP('',(#15548,#15569,#15570,#15591));
#15548 = ORIENTED_EDGE('',*,*,#15549,.F.);
#15549 = EDGE_CURVE('',#15330,#15450,#15550,.T.);
#15550 = SURFACE_CURVE('',#15551,(#15555,#15562),.PCURVE_S1.);
#15551 = LINE('',#15552,#15553);
#15552 = CARTESIAN_POINT('',(0.,0.,0.));
#15553 = VECTOR('',#15554,25.4);
#15554 = DIRECTION('',(1.,0.,-0.));
#15555 = PCURVE('',#15352,#15556);
#15556 = DEFINITIONAL_REPRESENTATION('',(#15557),#15561);
#15557 = LINE('',#15558,#15559);
#15558 = CARTESIAN_POINT('',(0.,0.));
#15559 = VECTOR('',#15560,1.);
#15560 = DIRECTION('',(0.,1.));
#15561 = ( GEOMETRIC_REPRESENTATION_CONTEXT(2) 
PARAMETRIC_REPRESENTATION_CONTEXT() REPRESENTATION_CONTEXT('2D SPACE',''
  ) );
#15562 = PCURVE('',#15380,#15563);
#15563 = DEFINITIONAL_REPRESENTATION('',(#15564),#15568);
#15564 = LINE('',#15565,#15566);
#15565 = CARTESIAN_POINT('',(0.,0.));
#15566 = VECTOR('',#15567,1.);
#15567 = DIRECTION('',(1.,0.));
#15568 = ( GEOMETRIC_REPRESENTATION_CONTEXT(2) 
PARAMETRIC_REPRESENTATION_CONTEXT() REPRESENTATION_CONTEXT('2D SPACE',''
  ) );
#15569 = ORIENTED_EDGE('',*,*,#15329,.T.);
#15570 = ORIENTED_EDGE('',*,*,#15571,.T.);
#15571 = EDGE_CURVE('',#15332,#15452,#15572,.T.);
#15572 = SURFACE_CURVE('',#15573,(#15577,#15584),.PCURVE_S1.);
#15573 = LINE('',#15574,#15575);
#15574 = CARTESIAN_POINT('',(0.,0.,6.35));
#15575 = VECTOR('',#15576,25.4);
#15576 = DIRECTION('',(1.,0.,-0.));
#15577 = PCURVE('',#15352,#15578);
#15578 = DEFINITIONAL_REPRESENTATION('',(#15579),#15583);
#15579 = LINE('',#15580,#15581);
#15580 = CARTESIAN_POINT('',(6.35,0.));
#15581 = VECTOR('',#15582,1.);
#15582 = DIRECTION('',(0.,1.));
#15583 = ( GEOMETRIC_REPRESENTATION_CONTEXT(2) 
PARAMETRIC_REPRESENTATION_CONTEXT() REPRESENTATION_CONTEXT('2D SPACE',''
  ) );
#15584 = PCURVE('',#15434,#15585);
#15585 = DEFINITIONAL_REPRESENTATION('',(#15586),#15590);
#15586 = LINE('',#15587,#15588);
#15587 = CARTESIAN_POINT('',(0.,0.));
#15588 = VECTOR('',#15589,1.);
#15589 = DIRECTION('',(1.,0.));
#15590 = ( GEOMETRIC_REPRESENTATION_CONTEXT(2) 
PARAMETRIC_REPRESENTATION_CONTEXT() REPRESENTATION_CONTEXT('2D SPACE',''
  ) );
#15591 = ORIENTED_EDGE('',*,*,#15449,.F.);
#15592 = ADVANCED_FACE('',(#15593),#15408,.T.);
#15593 = FACE_BOUND('',#15594,.T.);
#15594 = EDGE_LOOP('',(#15595,#15616,#15617,#15638));
#15595 = ORIENTED_EDGE('',*,*,#15596,.F.);
#15596 = EDGE_CURVE('',#15365,#15480,#15597,.T.);
#15597 = SURFACE_CURVE('',#15598,(#15602,#15609),.PCURVE_S1.);
#15598 = LINE('',#15599,#15600);
#15599 = CARTESIAN_POINT('',(0.,25.4,0.));
#15600 = VECTOR('',#15601,25.4);
#15601 = DIRECTION('',(1.,0.,-0.));
#15602 = PCURVE('',#15408,#15603);
#15603 = DEFINITIONAL_REPRESENTATION('',(#15604),#15608);
#15604 = LINE('',#15605,#15606);
#15605 = CARTESIAN_POINT('',(0.,0.));
#15606 = VECTOR('',#15607,1.);
#15607 = DIRECTION('',(0.,1.));
#15608 = ( GEOMETRIC_REPRESENTATION_CONTEXT(2) 
PARAMETRIC_REPRESENTATION_CONTEXT() REPRESENTATION_CONTEXT('2D SPACE',''
  ) );
#15609 = PCURVE('',#15380,#15610);
#15610 = DEFINITIONAL_REPRESENTATION('',(#15611),#15615);
#15611 = LINE('',#15612,#15613);
#15612 = CARTESIAN_POINT('',(0.,25.4));
#15613 = VECTOR('',#15614,1.);
#15614 = DIRECTION('',(1.,0.));
#15615 = ( GEOMETRIC_REPRESENTATION_CONTEXT(2) 
PARAMETRIC_REPRESENTATION_CONTEXT() REPRESENTATION_CONTEXT('2D SPACE',''
  ) );
#15616 = ORIENTED_EDGE('',*,*,#15392,.T.);
#15617 = ORIENTED_EDGE('',*,*,#15618,.T.);
#15618 = EDGE_CURVE('',#15393,#15503,#15619,.T.);
#15619 = SURFACE_CURVE('',#15620,(#15624,#15631),.PCURVE_S1.);
#15620 = LINE('',#15621,#15622);
#15621 = CARTESIAN_POINT('',(0.,25.4,6.35));
#15622 = VECTOR('',#15623,25.4);
#15623 = DIRECTION('',(1.,0.,-0.));
#15624 = PCURVE('',#15408,#15625);
#15625 = DEFINITIONAL_REPRESENTATION('',(#15626),#15630);
#15626 = LINE('',#15627,#15628);
#15627 = CARTESIAN_POINT('',(6.35,0.));
#15628 = VECTOR('',#15629,1.);
#15629 = DIRECTION('',(0.,1.));
#15630 = ( GEOMETRIC_REPRESENTATION_CONTEXT(2) 
PARAMETRIC_REPRESENTATION_CONTEXT() REPRESENTATION_CONTEXT('2D SPACE',''
  ) );
#15631 = PCURVE('',#15434,#15632);
#15632 = DEFINITIONAL_REPRESENTATION('',(#15633),#15637);
#15633 = LINE('',#15634,#15635);
#15634 = CARTESIAN_POINT('',(0.,25.4));
#15635 = VECTOR('',#15636,1.);
#15636 = DIRECTION('',(1.,0.));
#15637 = ( GEOMETRIC_REPRESENTATION_CONTEXT(2) 
PARAMETRIC_REPRESENTATION_CONTEXT() REPRESENTATION_CONTEXT('2D SPACE',''
  ) );
#15638 = ORIENTED_EDGE('',*,*,#15502,.F.);
#15639 = ADVANCED_FACE('',(#15640),#15380,.F.);
#15640 = FACE_BOUND('',#15641,.F.);
#15641 = EDGE_LOOP('',(#15642,#15643,#15644,#15645));
#15642 = ORIENTED_EDGE('',*,*,#15364,.F.);
#15643 = ORIENTED_EDGE('',*,*,#15549,.T.);
#15644 = ORIENTED_EDGE('',*,*,#15479,.T.);
#15645 = ORIENTED_EDGE('',*,*,#15596,.F.);
#15646 = ADVANCED_FACE('',(#15647),#15434,.T.);
#15647 = FACE_BOUND('',#15648,.T.);
#15648 = EDGE_LOOP('',(#15649,#15650,#15651,#15652));
#15649 = ORIENTED_EDGE('',*,*,#15420,.F.);
#15650 = ORIENTED_EDGE('',*,*,#15571,.T.);
#15651 = ORIENTED_EDGE('',*,*,#15525,.T.);
#15652 = ORIENTED_EDGE('',*,*,#15618,.F.);
#15653 = ( GEOMETRIC_REPRESENTATION_CONTEXT(3) 
GLOBAL_UNCERTAINTY_ASSIGNED_CONTEXT((#15657)) 
GLOBAL_UNIT_ASSIGNED_CONTEXT((#15654,#15655,#15656)) 
REPRESENTATION_CONTEXT('Context #1',
  '3D Context with UNIT and UNCERTAINTY') );
#15654 = ( LENGTH_UNIT() NAMED_UNIT(*) SI_UNIT(.MILLI.,.METRE.) );
#15655 = ( NAMED_UNIT(*) PLANE_ANGLE_UNIT() SI_UNIT($,.RADIAN.) );
#15656 = ( NAMED_UNIT(*) SI_UNIT($,.STERADIAN.) SOLID_ANGLE_UNIT() );
#15657 = UNCERTAINTY_MEASURE_WITH_UNIT(LENGTH_MEASURE(2.54E-06),#15654,
  'distance_accuracy_value','confusion accuracy');
#15658 = CONTEXT_DEPENDENT_SHAPE_REPRESENTATION(#15659,#15661);
#15659 = ( REPRESENTATION_RELATIONSHIP('','',#15322,#10) 
REPRESENTATION_RELATIONSHIP_WITH_TRANSFORMATION(#15660) 
SHAPE_REPRESENTATION_RELATIONSHIP() );
#15660 = ITEM_DEFINED_TRANSFORMATION('','',#11,#147);
#15661 = PRODUCT_DEFINITION_SHAPE('Placement','Placement of an item',
  #15662);
#15662 = NEXT_ASSEMBLY_USAGE_OCCURRENCE('34','Grabber','',#5,#15317,$);
#15663 = PRODUCT_RELATED_PRODUCT_CATEGORY('part',$,(#15319));
#15664 = SHAPE_DEFINITION_REPRESENTATION(#15665,#15671);
#15665 = PRODUCT_DEFINITION_SHAPE('','',#15666);
#15666 = PRODUCT_DEFINITION('design','',#15667,#15670);
#15667 = PRODUCT_DEFINITION_FORMATION('','',#15668);
#15668 = PRODUCT('Wing','Wing','',(#15669));
#15669 = PRODUCT_CONTEXT('',#2,'mechanical');
#15670 = PRODUCT_DEFINITION_CONTEXT('part definition',#2,'design');
#15671 = ADVANCED_BREP_SHAPE_REPRESENTATION('',(#11,#15672),#16338);
#15672 = MANIFOLD_SOLID_BREP('',#15673);
#15673 = CLOSED_SHELL('',(#15674,#15794,#15872,#15958,#16098,#16223,
    #16250,#16277,#16284,#16311));
#15674 = ADVANCED_FACE('',(#15675),#15689,.F.);
#15675 = FACE_BOUND('',#15676,.F.);
#15676 = EDGE_LOOP('',(#15677,#15712,#15740,#15768));
#15677 = ORIENTED_EDGE('',*,*,#15678,.T.);
#15678 = EDGE_CURVE('',#15679,#15681,#15683,.T.);
#15679 = VERTEX_POINT('',#15680);
#15680 = CARTESIAN_POINT('',(9.524999205113,0.,0.));
#15681 = VERTEX_POINT('',#15682);
#15682 = CARTESIAN_POINT('',(9.524999205113,0.,6.35));
#15683 = SURFACE_CURVE('',#15684,(#15688,#15700),.PCURVE_S1.);
#15684 = LINE('',#15685,#15686);
#15685 = CARTESIAN_POINT('',(9.524999205113,0.,0.));
#15686 = VECTOR('',#15687,25.4);
#15687 = DIRECTION('',(0.,0.,1.));
#15688 = PCURVE('',#15689,#15694);
#15689 = PLANE('',#15690);
#15690 = AXIS2_PLACEMENT_3D('',#15691,#15692,#15693);
#15691 = CARTESIAN_POINT('',(9.524999205113,0.,0.));
#15692 = DIRECTION('',(0.,1.,0.));
#15693 = DIRECTION('',(1.,0.,0.));
#15694 = DEFINITIONAL_REPRESENTATION('',(#15695),#15699);
#15695 = LINE('',#15696,#15697);
#15696 = CARTESIAN_POINT('',(1.409983241274E-15,0.));
#15697 = VECTOR('',#15698,1.);
#15698 = DIRECTION('',(0.,-1.));
#15699 = ( GEOMETRIC_REPRESENTATION_CONTEXT(2) 
PARAMETRIC_REPRESENTATION_CONTEXT() REPRESENTATION_CONTEXT('2D SPACE',''
  ) );
#15700 = PCURVE('',#15701,#15706);
#15701 = CYLINDRICAL_SURFACE('',#15702,9.525);
#15702 = AXIS2_PLACEMENT_3D('',#15703,#15704,#15705);
#15703 = CARTESIAN_POINT('',(9.524999205113,9.525,0.));
#15704 = DIRECTION('',(-0.,-0.,-1.));
#15705 = DIRECTION('',(1.,0.,0.));
#15706 = DEFINITIONAL_REPRESENTATION('',(#15707),#15711);
#15707 = LINE('',#15708,#15709);
#15708 = CARTESIAN_POINT('',(-4.712388980385,0.));
#15709 = VECTOR('',#15710,1.);
#15710 = DIRECTION('',(-0.,-1.));
#15711 = ( GEOMETRIC_REPRESENTATION_CONTEXT(2) 
PARAMETRIC_REPRESENTATION_CONTEXT() REPRESENTATION_CONTEXT('2D SPACE',''
  ) );
#15712 = ORIENTED_EDGE('',*,*,#15713,.T.);
#15713 = EDGE_CURVE('',#15681,#15714,#15716,.T.);
#15714 = VERTEX_POINT('',#15715);
#15715 = CARTESIAN_POINT('',(41.274999892538,0.,6.35));
#15716 = SURFACE_CURVE('',#15717,(#15721,#15728),.PCURVE_S1.);
#15717 = LINE('',#15718,#15719);
#15718 = CARTESIAN_POINT('',(0.,0.,6.35));
#15719 = VECTOR('',#15720,25.4);
#15720 = DIRECTION('',(1.,0.,0.));
#15721 = PCURVE('',#15689,#15722);
#15722 = DEFINITIONAL_REPRESENTATION('',(#15723),#15727);
#15723 = LINE('',#15724,#15725);
#15724 = CARTESIAN_POINT('',(-9.524999205113,-6.35));
#15725 = VECTOR('',#15726,1.);
#15726 = DIRECTION('',(1.,0.));
#15727 = ( GEOMETRIC_REPRESENTATION_CONTEXT(2) 
PARAMETRIC_REPRESENTATION_CONTEXT() REPRESENTATION_CONTEXT('2D SPACE',''
  ) );
#15728 = PCURVE('',#15729,#15734);
#15729 = PLANE('',#15730);
#15730 = AXIS2_PLACEMENT_3D('',#15731,#15732,#15733);
#15731 = CARTESIAN_POINT('',(25.399999926955,73.085234139714,6.35));
#15732 = DIRECTION('',(0.,0.,1.));
#15733 = DIRECTION('',(1.,0.,-0.));
#15734 = DEFINITIONAL_REPRESENTATION('',(#15735),#15739);
#15735 = LINE('',#15736,#15737);
#15736 = CARTESIAN_POINT('',(-25.39999992695,-73.08523413971));
#15737 = VECTOR('',#15738,1.);
#15738 = DIRECTION('',(1.,0.));
#15739 = ( GEOMETRIC_REPRESENTATION_CONTEXT(2) 
PARAMETRIC_REPRESENTATION_CONTEXT() REPRESENTATION_CONTEXT('2D SPACE',''
  ) );
#15740 = ORIENTED_EDGE('',*,*,#15741,.F.);
#15741 = EDGE_CURVE('',#15742,#15714,#15744,.T.);
#15742 = VERTEX_POINT('',#15743);
#15743 = CARTESIAN_POINT('',(41.274999892538,0.,0.));
#15744 = SURFACE_CURVE('',#15745,(#15749,#15756),.PCURVE_S1.);
#15745 = LINE('',#15746,#15747);
#15746 = CARTESIAN_POINT('',(41.274999892538,0.,0.));
#15747 = VECTOR('',#15748,25.4);
#15748 = DIRECTION('',(0.,0.,1.));
#15749 = PCURVE('',#15689,#15750);
#15750 = DEFINITIONAL_REPRESENTATION('',(#15751),#15755);
#15751 = LINE('',#15752,#15753);
#15752 = CARTESIAN_POINT('',(31.750000687426,0.));
#15753 = VECTOR('',#15754,1.);
#15754 = DIRECTION('',(0.,-1.));
#15755 = ( GEOMETRIC_REPRESENTATION_CONTEXT(2) 
PARAMETRIC_REPRESENTATION_CONTEXT() REPRESENTATION_CONTEXT('2D SPACE',''
  ) );
#15756 = PCURVE('',#15757,#15762);
#15757 = CYLINDRICAL_SURFACE('',#15758,9.525);
#15758 = AXIS2_PLACEMENT_3D('',#15759,#15760,#15761);
#15759 = CARTESIAN_POINT('',(41.274999892538,9.525,0.));
#15760 = DIRECTION('',(0.,0.,-1.));
#15761 = DIRECTION('',(-1.,0.,0.));
#15762 = DEFINITIONAL_REPRESENTATION('',(#15763),#15767);
#15763 = LINE('',#15764,#15765);
#15764 = CARTESIAN_POINT('',(4.712388980385,0.));
#15765 = VECTOR('',#15766,1.);
#15766 = DIRECTION('',(0.,-1.));
#15767 = ( GEOMETRIC_REPRESENTATION_CONTEXT(2) 
PARAMETRIC_REPRESENTATION_CONTEXT() REPRESENTATION_CONTEXT('2D SPACE',''
  ) );
#15768 = ORIENTED_EDGE('',*,*,#15769,.F.);
#15769 = EDGE_CURVE('',#15679,#15742,#15770,.T.);
#15770 = SURFACE_CURVE('',#15771,(#15775,#15782),.PCURVE_S1.);
#15771 = LINE('',#15772,#15773);
#15772 = CARTESIAN_POINT('',(0.,0.,0.));
#15773 = VECTOR('',#15774,25.4);
#15774 = DIRECTION('',(1.,0.,0.));
#15775 = PCURVE('',#15689,#15776);
#15776 = DEFINITIONAL_REPRESENTATION('',(#15777),#15781);
#15777 = LINE('',#15778,#15779);
#15778 = CARTESIAN_POINT('',(-9.524999205113,0.));
#15779 = VECTOR('',#15780,1.);
#15780 = DIRECTION('',(1.,0.));
#15781 = ( GEOMETRIC_REPRESENTATION_CONTEXT(2) 
PARAMETRIC_REPRESENTATION_CONTEXT() REPRESENTATION_CONTEXT('2D SPACE',''
  ) );
#15782 = PCURVE('',#15783,#15788);
#15783 = PLANE('',#15784);
#15784 = AXIS2_PLACEMENT_3D('',#15785,#15786,#15787);
#15785 = CARTESIAN_POINT('',(25.399999926955,73.085234139714,0.));
#15786 = DIRECTION('',(0.,0.,1.));
#15787 = DIRECTION('',(1.,0.,-0.));
#15788 = DEFINITIONAL_REPRESENTATION('',(#15789),#15793);
#15789 = LINE('',#15790,#15791);
#15790 = CARTESIAN_POINT('',(-25.39999992695,-73.08523413971));
#15791 = VECTOR('',#15792,1.);
#15792 = DIRECTION('',(1.,0.));
#15793 = ( GEOMETRIC_REPRESENTATION_CONTEXT(2) 
PARAMETRIC_REPRESENTATION_CONTEXT() REPRESENTATION_CONTEXT('2D SPACE',''
  ) );
#15794 = ADVANCED_FACE('',(#15795),#15701,.T.);
#15795 = FACE_BOUND('',#15796,.F.);
#15796 = EDGE_LOOP('',(#15797,#15827,#15849,#15850));
#15797 = ORIENTED_EDGE('',*,*,#15798,.T.);
#15798 = EDGE_CURVE('',#15799,#15801,#15803,.T.);
#15799 = VERTEX_POINT('',#15800);
#15800 = CARTESIAN_POINT('',(-3.974437411181E-07,9.525,0.));
#15801 = VERTEX_POINT('',#15802);
#15802 = CARTESIAN_POINT('',(-3.974437411181E-07,9.525,6.35));
#15803 = SURFACE_CURVE('',#15804,(#15808,#15815),.PCURVE_S1.);
#15804 = LINE('',#15805,#15806);
#15805 = CARTESIAN_POINT('',(-3.974437411181E-07,9.525,0.));
#15806 = VECTOR('',#15807,25.4);
#15807 = DIRECTION('',(0.,0.,1.));
#15808 = PCURVE('',#15701,#15809);
#15809 = DEFINITIONAL_REPRESENTATION('',(#15810),#15814);
#15810 = LINE('',#15811,#15812);
#15811 = CARTESIAN_POINT('',(-3.14159265359,0.));
#15812 = VECTOR('',#15813,1.);
#15813 = DIRECTION('',(-0.,-1.));
#15814 = ( GEOMETRIC_REPRESENTATION_CONTEXT(2) 
PARAMETRIC_REPRESENTATION_CONTEXT() REPRESENTATION_CONTEXT('2D SPACE',''
  ) );
#15815 = PCURVE('',#15816,#15821);
#15816 = PLANE('',#15817);
#15817 = AXIS2_PLACEMENT_3D('',#15818,#15819,#15820);
#15818 = CARTESIAN_POINT('',(0.,142.875,0.));
#15819 = DIRECTION('',(1.,0.,-0.));
#15820 = DIRECTION('',(0.,-1.,0.));
#15821 = DEFINITIONAL_REPRESENTATION('',(#15822),#15826);
#15822 = LINE('',#15823,#15824);
#15823 = CARTESIAN_POINT('',(133.35,0.));
#15824 = VECTOR('',#15825,1.);
#15825 = DIRECTION('',(0.,-1.));
#15826 = ( GEOMETRIC_REPRESENTATION_CONTEXT(2) 
PARAMETRIC_REPRESENTATION_CONTEXT() REPRESENTATION_CONTEXT('2D SPACE',''
  ) );
#15827 = ORIENTED_EDGE('',*,*,#15828,.T.);
#15828 = EDGE_CURVE('',#15801,#15681,#15829,.T.);
#15829 = SURFACE_CURVE('',#15830,(#15835,#15842),.PCURVE_S1.);
#15830 = CIRCLE('',#15831,9.525);
#15831 = AXIS2_PLACEMENT_3D('',#15832,#15833,#15834);
#15832 = CARTESIAN_POINT('',(9.524999205113,9.525,6.35));
#15833 = DIRECTION('',(0.,0.,1.));
#15834 = DIRECTION('',(1.,0.,0.));
#15835 = PCURVE('',#15701,#15836);
#15836 = DEFINITIONAL_REPRESENTATION('',(#15837),#15841);
#15837 = LINE('',#15838,#15839);
#15838 = CARTESIAN_POINT('',(-0.,-6.35));
#15839 = VECTOR('',#15840,1.);
#15840 = DIRECTION('',(-1.,0.));
#15841 = ( GEOMETRIC_REPRESENTATION_CONTEXT(2) 
PARAMETRIC_REPRESENTATION_CONTEXT() REPRESENTATION_CONTEXT('2D SPACE',''
  ) );
#15842 = PCURVE('',#15729,#15843);
#15843 = DEFINITIONAL_REPRESENTATION('',(#15844),#15848);
#15844 = CIRCLE('',#15845,9.525);
#15845 = AXIS2_PLACEMENT_2D('',#15846,#15847);
#15846 = CARTESIAN_POINT('',(-15.87500072184,-63.56023413971));
#15847 = DIRECTION('',(1.,0.));
#15848 = ( GEOMETRIC_REPRESENTATION_CONTEXT(2) 
PARAMETRIC_REPRESENTATION_CONTEXT() REPRESENTATION_CONTEXT('2D SPACE',''
  ) );
#15849 = ORIENTED_EDGE('',*,*,#15678,.F.);
#15850 = ORIENTED_EDGE('',*,*,#15851,.F.);
#15851 = EDGE_CURVE('',#15799,#15679,#15852,.T.);
#15852 = SURFACE_CURVE('',#15853,(#15858,#15865),.PCURVE_S1.);
#15853 = CIRCLE('',#15854,9.525);
#15854 = AXIS2_PLACEMENT_3D('',#15855,#15856,#15857);
#15855 = CARTESIAN_POINT('',(9.524999205113,9.525,0.));
#15856 = DIRECTION('',(0.,0.,1.));
#15857 = DIRECTION('',(1.,0.,0.));
#15858 = PCURVE('',#15701,#15859);
#15859 = DEFINITIONAL_REPRESENTATION('',(#15860),#15864);
#15860 = LINE('',#15861,#15862);
#15861 = CARTESIAN_POINT('',(-0.,0.));
#15862 = VECTOR('',#15863,1.);
#15863 = DIRECTION('',(-1.,0.));
#15864 = ( GEOMETRIC_REPRESENTATION_CONTEXT(2) 
PARAMETRIC_REPRESENTATION_CONTEXT() REPRESENTATION_CONTEXT('2D SPACE',''
  ) );
#15865 = PCURVE('',#15783,#15866);
#15866 = DEFINITIONAL_REPRESENTATION('',(#15867),#15871);
#15867 = CIRCLE('',#15868,9.525);
#15868 = AXIS2_PLACEMENT_2D('',#15869,#15870);
#15869 = CARTESIAN_POINT('',(-15.87500072184,-63.56023413971));
#15870 = DIRECTION('',(1.,0.));
#15871 = ( GEOMETRIC_REPRESENTATION_CONTEXT(2) 
PARAMETRIC_REPRESENTATION_CONTEXT() REPRESENTATION_CONTEXT('2D SPACE',''
  ) );
#15872 = ADVANCED_FACE('',(#15873),#15757,.T.);
#15873 = FACE_BOUND('',#15874,.T.);
#15874 = EDGE_LOOP('',(#15875,#15905,#15931,#15932));
#15875 = ORIENTED_EDGE('',*,*,#15876,.T.);
#15876 = EDGE_CURVE('',#15877,#15879,#15881,.T.);
#15877 = VERTEX_POINT('',#15878);
#15878 = CARTESIAN_POINT('',(50.799999946269,9.525,0.));
#15879 = VERTEX_POINT('',#15880);
#15880 = CARTESIAN_POINT('',(50.799999946269,9.525,6.35));
#15881 = SURFACE_CURVE('',#15882,(#15886,#15893),.PCURVE_S1.);
#15882 = LINE('',#15883,#15884);
#15883 = CARTESIAN_POINT('',(50.799999946269,9.525,0.));
#15884 = VECTOR('',#15885,25.4);
#15885 = DIRECTION('',(0.,0.,1.));
#15886 = PCURVE('',#15757,#15887);
#15887 = DEFINITIONAL_REPRESENTATION('',(#15888),#15892);
#15888 = LINE('',#15889,#15890);
#15889 = CARTESIAN_POINT('',(3.14159265359,0.));
#15890 = VECTOR('',#15891,1.);
#15891 = DIRECTION('',(0.,-1.));
#15892 = ( GEOMETRIC_REPRESENTATION_CONTEXT(2) 
PARAMETRIC_REPRESENTATION_CONTEXT() REPRESENTATION_CONTEXT('2D SPACE',''
  ) );
#15893 = PCURVE('',#15894,#15899);
#15894 = PLANE('',#15895);
#15895 = AXIS2_PLACEMENT_3D('',#15896,#15897,#15898);
#15896 = CARTESIAN_POINT('',(50.8,9.525,0.));
#15897 = DIRECTION('',(-1.,0.,0.));
#15898 = DIRECTION('',(0.,1.,0.));
#15899 = DEFINITIONAL_REPRESENTATION('',(#15900),#15904);
#15900 = LINE('',#15901,#15902);
#15901 = CARTESIAN_POINT('',(0.,0.));
#15902 = VECTOR('',#15903,1.);
#15903 = DIRECTION('',(0.,-1.));
#15904 = ( GEOMETRIC_REPRESENTATION_CONTEXT(2) 
PARAMETRIC_REPRESENTATION_CONTEXT() REPRESENTATION_CONTEXT('2D SPACE',''
  ) );
#15905 = ORIENTED_EDGE('',*,*,#15906,.T.);
#15906 = EDGE_CURVE('',#15879,#15714,#15907,.T.);
#15907 = SURFACE_CURVE('',#15908,(#15913,#15920),.PCURVE_S1.);
#15908 = CIRCLE('',#15909,9.525);
#15909 = AXIS2_PLACEMENT_3D('',#15910,#15911,#15912);
#15910 = CARTESIAN_POINT('',(41.274999892538,9.525,6.35));
#15911 = DIRECTION('',(0.,0.,-1.));
#15912 = DIRECTION('',(-1.,0.,0.));
#15913 = PCURVE('',#15757,#15914);
#15914 = DEFINITIONAL_REPRESENTATION('',(#15915),#15919);
#15915 = LINE('',#15916,#15917);
#15916 = CARTESIAN_POINT('',(0.,-6.35));
#15917 = VECTOR('',#15918,1.);
#15918 = DIRECTION('',(1.,0.));
#15919 = ( GEOMETRIC_REPRESENTATION_CONTEXT(2) 
PARAMETRIC_REPRESENTATION_CONTEXT() REPRESENTATION_CONTEXT('2D SPACE',''
  ) );
#15920 = PCURVE('',#15729,#15921);
#15921 = DEFINITIONAL_REPRESENTATION('',(#15922),#15930);
#15922 = ( BOUNDED_CURVE() B_SPLINE_CURVE(2,(#15923,#15924,#15925,#15926
    ,#15927,#15928,#15929),.UNSPECIFIED.,.T.,.F.) 
B_SPLINE_CURVE_WITH_KNOTS((1,2,2,2,2,1),(-2.094395102393,0.,
    2.094395102393,4.188790204786,6.28318530718,8.377580409573),
.UNSPECIFIED.) CURVE() GEOMETRIC_REPRESENTATION_ITEM() 
RATIONAL_B_SPLINE_CURVE((1.,0.5,1.,0.5,1.,0.5,1.)) REPRESENTATION_ITEM(
  '') );
#15923 = CARTESIAN_POINT('',(6.349999965584,-63.56023413971));
#15924 = CARTESIAN_POINT('',(6.349999965584,-47.06245019762));
#15925 = CARTESIAN_POINT('',(20.637499965584,-55.31134216866));
#15926 = CARTESIAN_POINT('',(34.924999965583,-63.56023413971));
#15927 = CARTESIAN_POINT('',(20.637499965584,-71.80912611076));
#15928 = CARTESIAN_POINT('',(6.349999965584,-80.0580180818));
#15929 = CARTESIAN_POINT('',(6.349999965584,-63.56023413971));
#15930 = ( GEOMETRIC_REPRESENTATION_CONTEXT(2) 
PARAMETRIC_REPRESENTATION_CONTEXT() REPRESENTATION_CONTEXT('2D SPACE',''
  ) );
#15931 = ORIENTED_EDGE('',*,*,#15741,.F.);
#15932 = ORIENTED_EDGE('',*,*,#15933,.F.);
#15933 = EDGE_CURVE('',#15877,#15742,#15934,.T.);
#15934 = SURFACE_CURVE('',#15935,(#15940,#15947),.PCURVE_S1.);
#15935 = CIRCLE('',#15936,9.525);
#15936 = AXIS2_PLACEMENT_3D('',#15937,#15938,#15939);
#15937 = CARTESIAN_POINT('',(41.274999892538,9.525,0.));
#15938 = DIRECTION('',(0.,0.,-1.));
#15939 = DIRECTION('',(-1.,0.,0.));
#15940 = PCURVE('',#15757,#15941);
#15941 = DEFINITIONAL_REPRESENTATION('',(#15942),#15946);
#15942 = LINE('',#15943,#15944);
#15943 = CARTESIAN_POINT('',(0.,0.));
#15944 = VECTOR('',#15945,1.);
#15945 = DIRECTION('',(1.,0.));
#15946 = ( GEOMETRIC_REPRESENTATION_CONTEXT(2) 
PARAMETRIC_REPRESENTATION_CONTEXT() REPRESENTATION_CONTEXT('2D SPACE',''
  ) );
#15947 = PCURVE('',#15783,#15948);
#15948 = DEFINITIONAL_REPRESENTATION('',(#15949),#15957);
#15949 = ( BOUNDED_CURVE() B_SPLINE_CURVE(2,(#15950,#15951,#15952,#15953
    ,#15954,#15955,#15956),.UNSPECIFIED.,.T.,.F.) 
B_SPLINE_CURVE_WITH_KNOTS((1,2,2,2,2,1),(-2.094395102393,0.,
    2.094395102393,4.188790204786,6.28318530718,8.377580409573),
.UNSPECIFIED.) CURVE() GEOMETRIC_REPRESENTATION_ITEM() 
RATIONAL_B_SPLINE_CURVE((1.,0.5,1.,0.5,1.,0.5,1.)) REPRESENTATION_ITEM(
  '') );
#15950 = CARTESIAN_POINT('',(6.349999965584,-63.56023413971));
#15951 = CARTESIAN_POINT('',(6.349999965584,-47.06245019762));
#15952 = CARTESIAN_POINT('',(20.637499965584,-55.31134216866));
#15953 = CARTESIAN_POINT('',(34.924999965583,-63.56023413971));
#15954 = CARTESIAN_POINT('',(20.637499965584,-71.80912611076));
#15955 = CARTESIAN_POINT('',(6.349999965584,-80.0580180818));
#15956 = CARTESIAN_POINT('',(6.349999965584,-63.56023413971));
#15957 = ( GEOMETRIC_REPRESENTATION_CONTEXT(2) 
PARAMETRIC_REPRESENTATION_CONTEXT() REPRESENTATION_CONTEXT('2D SPACE',''
  ) );
#15958 = ADVANCED_FACE('',(#15959,#16036,#16067),#15783,.F.);
#15959 = FACE_BOUND('',#15960,.F.);
#15960 = EDGE_LOOP('',(#15961,#15962,#15963,#15986,#16014,#16035));
#15961 = ORIENTED_EDGE('',*,*,#15769,.T.);
#15962 = ORIENTED_EDGE('',*,*,#15933,.F.);
#15963 = ORIENTED_EDGE('',*,*,#15964,.T.);
#15964 = EDGE_CURVE('',#15877,#15965,#15967,.T.);
#15965 = VERTEX_POINT('',#15966);
#15966 = CARTESIAN_POINT('',(50.8,142.875,0.));
#15967 = SURFACE_CURVE('',#15968,(#15972,#15979),.PCURVE_S1.);
#15968 = LINE('',#15969,#15970);
#15969 = CARTESIAN_POINT('',(50.8,0.,0.));
#15970 = VECTOR('',#15971,25.4);
#15971 = DIRECTION('',(0.,1.,0.));
#15972 = PCURVE('',#15783,#15973);
#15973 = DEFINITIONAL_REPRESENTATION('',(#15974),#15978);
#15974 = LINE('',#15975,#15976);
#15975 = CARTESIAN_POINT('',(25.400000073045,-73.08523413971));
#15976 = VECTOR('',#15977,1.);
#15977 = DIRECTION('',(0.,1.));
#15978 = ( GEOMETRIC_REPRESENTATION_CONTEXT(2) 
PARAMETRIC_REPRESENTATION_CONTEXT() REPRESENTATION_CONTEXT('2D SPACE',''
  ) );
#15979 = PCURVE('',#15894,#15980);
#15980 = DEFINITIONAL_REPRESENTATION('',(#15981),#15985);
#15981 = LINE('',#15982,#15983);
#15982 = CARTESIAN_POINT('',(-9.525,0.));
#15983 = VECTOR('',#15984,1.);
#15984 = DIRECTION('',(1.,0.));
#15985 = ( GEOMETRIC_REPRESENTATION_CONTEXT(2) 
PARAMETRIC_REPRESENTATION_CONTEXT() REPRESENTATION_CONTEXT('2D SPACE',''
  ) );
#15986 = ORIENTED_EDGE('',*,*,#15987,.T.);
#15987 = EDGE_CURVE('',#15965,#15988,#15990,.T.);
#15988 = VERTEX_POINT('',#15989);
#15989 = CARTESIAN_POINT('',(0.,142.875,0.));
#15990 = SURFACE_CURVE('',#15991,(#15995,#16002),.PCURVE_S1.);
#15991 = LINE('',#15992,#15993);
#15992 = CARTESIAN_POINT('',(50.8,142.875,0.));
#15993 = VECTOR('',#15994,25.4);
#15994 = DIRECTION('',(-1.,0.,0.));
#15995 = PCURVE('',#15783,#15996);
#15996 = DEFINITIONAL_REPRESENTATION('',(#15997),#16001);
#15997 = LINE('',#15998,#15999);
#15998 = CARTESIAN_POINT('',(25.400000073045,69.789765860286));
#15999 = VECTOR('',#16000,1.);
#16000 = DIRECTION('',(-1.,0.));
#16001 = ( GEOMETRIC_REPRESENTATION_CONTEXT(2) 
PARAMETRIC_REPRESENTATION_CONTEXT() REPRESENTATION_CONTEXT('2D SPACE',''
  ) );
#16002 = PCURVE('',#16003,#16008);
#16003 = PLANE('',#16004);
#16004 = AXIS2_PLACEMENT_3D('',#16005,#16006,#16007);
#16005 = CARTESIAN_POINT('',(50.8,142.875,0.));
#16006 = DIRECTION('',(0.,-1.,0.));
#16007 = DIRECTION('',(-1.,0.,0.));
#16008 = DEFINITIONAL_REPRESENTATION('',(#16009),#16013);
#16009 = LINE('',#16010,#16011);
#16010 = CARTESIAN_POINT('',(0.,-0.));
#16011 = VECTOR('',#16012,1.);
#16012 = DIRECTION('',(1.,0.));
#16013 = ( GEOMETRIC_REPRESENTATION_CONTEXT(2) 
PARAMETRIC_REPRESENTATION_CONTEXT() REPRESENTATION_CONTEXT('2D SPACE',''
  ) );
#16014 = ORIENTED_EDGE('',*,*,#16015,.T.);
#16015 = EDGE_CURVE('',#15988,#15799,#16016,.T.);
#16016 = SURFACE_CURVE('',#16017,(#16021,#16028),.PCURVE_S1.);
#16017 = LINE('',#16018,#16019);
#16018 = CARTESIAN_POINT('',(0.,142.875,0.));
#16019 = VECTOR('',#16020,25.4);
#16020 = DIRECTION('',(0.,-1.,0.));
#16021 = PCURVE('',#15783,#16022);
#16022 = DEFINITIONAL_REPRESENTATION('',(#16023),#16027);
#16023 = LINE('',#16024,#16025);
#16024 = CARTESIAN_POINT('',(-25.39999992695,69.789765860286));
#16025 = VECTOR('',#16026,1.);
#16026 = DIRECTION('',(0.,-1.));
#16027 = ( GEOMETRIC_REPRESENTATION_CONTEXT(2) 
PARAMETRIC_REPRESENTATION_CONTEXT() REPRESENTATION_CONTEXT('2D SPACE',''
  ) );
#16028 = PCURVE('',#15816,#16029);
#16029 = DEFINITIONAL_REPRESENTATION('',(#16030),#16034);
#16030 = LINE('',#16031,#16032);
#16031 = CARTESIAN_POINT('',(0.,0.));
#16032 = VECTOR('',#16033,1.);
#16033 = DIRECTION('',(1.,0.));
#16034 = ( GEOMETRIC_REPRESENTATION_CONTEXT(2) 
PARAMETRIC_REPRESENTATION_CONTEXT() REPRESENTATION_CONTEXT('2D SPACE',''
  ) );
#16035 = ORIENTED_EDGE('',*,*,#15851,.T.);
#16036 = FACE_BOUND('',#16037,.F.);
#16037 = EDGE_LOOP('',(#16038));
#16038 = ORIENTED_EDGE('',*,*,#16039,.F.);
#16039 = EDGE_CURVE('',#16040,#16040,#16042,.T.);
#16040 = VERTEX_POINT('',#16041);
#16041 = CARTESIAN_POINT('',(38.1,31.75,0.));
#16042 = SURFACE_CURVE('',#16043,(#16048,#16055),.PCURVE_S1.);
#16043 = CIRCLE('',#16044,12.7);
#16044 = AXIS2_PLACEMENT_3D('',#16045,#16046,#16047);
#16045 = CARTESIAN_POINT('',(25.4,31.75,0.));
#16046 = DIRECTION('',(0.,0.,1.));
#16047 = DIRECTION('',(1.,0.,-0.));
#16048 = PCURVE('',#15783,#16049);
#16049 = DEFINITIONAL_REPRESENTATION('',(#16050),#16054);
#16050 = CIRCLE('',#16051,12.7);
#16051 = AXIS2_PLACEMENT_2D('',#16052,#16053);
#16052 = CARTESIAN_POINT('',(7.304510112327E-08,-41.33523413971));
#16053 = DIRECTION('',(1.,0.));
#16054 = ( GEOMETRIC_REPRESENTATION_CONTEXT(2) 
PARAMETRIC_REPRESENTATION_CONTEXT() REPRESENTATION_CONTEXT('2D SPACE',''
  ) );
#16055 = PCURVE('',#16056,#16061);
#16056 = CYLINDRICAL_SURFACE('',#16057,12.7);
#16057 = AXIS2_PLACEMENT_3D('',#16058,#16059,#16060);
#16058 = CARTESIAN_POINT('',(25.4,31.75,-0.254));
#16059 = DIRECTION('',(0.,0.,1.));
#16060 = DIRECTION('',(1.,0.,-0.));
#16061 = DEFINITIONAL_REPRESENTATION('',(#16062),#16066);
#16062 = LINE('',#16063,#16064);
#16063 = CARTESIAN_POINT('',(0.,0.254));
#16064 = VECTOR('',#16065,1.);
#16065 = DIRECTION('',(1.,0.));
#16066 = ( GEOMETRIC_REPRESENTATION_CONTEXT(2) 
PARAMETRIC_REPRESENTATION_CONTEXT() REPRESENTATION_CONTEXT('2D SPACE',''
  ) );
#16067 = FACE_BOUND('',#16068,.F.);
#16068 = EDGE_LOOP('',(#16069));
#16069 = ORIENTED_EDGE('',*,*,#16070,.F.);
#16070 = EDGE_CURVE('',#16071,#16071,#16073,.T.);
#16071 = VERTEX_POINT('',#16072);
#16072 = CARTESIAN_POINT('',(38.1,117.475,0.));
#16073 = SURFACE_CURVE('',#16074,(#16079,#16086),.PCURVE_S1.);
#16074 = CIRCLE('',#16075,12.7);
#16075 = AXIS2_PLACEMENT_3D('',#16076,#16077,#16078);
#16076 = CARTESIAN_POINT('',(25.4,117.475,0.));
#16077 = DIRECTION('',(0.,0.,1.));
#16078 = DIRECTION('',(1.,0.,-0.));
#16079 = PCURVE('',#15783,#16080);
#16080 = DEFINITIONAL_REPRESENTATION('',(#16081),#16085);
#16081 = CIRCLE('',#16082,12.7);
#16082 = AXIS2_PLACEMENT_2D('',#16083,#16084);
#16083 = CARTESIAN_POINT('',(7.304510112327E-08,44.389765860286));
#16084 = DIRECTION('',(1.,0.));
#16085 = ( GEOMETRIC_REPRESENTATION_CONTEXT(2) 
PARAMETRIC_REPRESENTATION_CONTEXT() REPRESENTATION_CONTEXT('2D SPACE',''
  ) );
#16086 = PCURVE('',#16087,#16092);
#16087 = CYLINDRICAL_SURFACE('',#16088,12.7);
#16088 = AXIS2_PLACEMENT_3D('',#16089,#16090,#16091);
#16089 = CARTESIAN_POINT('',(25.4,117.475,-0.254));
#16090 = DIRECTION('',(0.,0.,1.));
#16091 = DIRECTION('',(1.,0.,-0.));
#16092 = DEFINITIONAL_REPRESENTATION('',(#16093),#16097);
#16093 = LINE('',#16094,#16095);
#16094 = CARTESIAN_POINT('',(0.,0.254));
#16095 = VECTOR('',#16096,1.);
#16096 = DIRECTION('',(1.,0.));
#16097 = ( GEOMETRIC_REPRESENTATION_CONTEXT(2) 
PARAMETRIC_REPRESENTATION_CONTEXT() REPRESENTATION_CONTEXT('2D SPACE',''
  ) );
#16098 = ADVANCED_FACE('',(#16099,#16171,#16197),#15729,.T.);
#16099 = FACE_BOUND('',#16100,.T.);
#16100 = EDGE_LOOP('',(#16101,#16102,#16103,#16126,#16149,#16170));
#16101 = ORIENTED_EDGE('',*,*,#15713,.T.);
#16102 = ORIENTED_EDGE('',*,*,#15906,.F.);
#16103 = ORIENTED_EDGE('',*,*,#16104,.T.);
#16104 = EDGE_CURVE('',#15879,#16105,#16107,.T.);
#16105 = VERTEX_POINT('',#16106);
#16106 = CARTESIAN_POINT('',(50.8,142.875,6.35));
#16107 = SURFACE_CURVE('',#16108,(#16112,#16119),.PCURVE_S1.);
#16108 = LINE('',#16109,#16110);
#16109 = CARTESIAN_POINT('',(50.8,0.,6.35));
#16110 = VECTOR('',#16111,25.4);
#16111 = DIRECTION('',(0.,1.,0.));
#16112 = PCURVE('',#15729,#16113);
#16113 = DEFINITIONAL_REPRESENTATION('',(#16114),#16118);
#16114 = LINE('',#16115,#16116);
#16115 = CARTESIAN_POINT('',(25.400000073045,-73.08523413971));
#16116 = VECTOR('',#16117,1.);
#16117 = DIRECTION('',(0.,1.));
#16118 = ( GEOMETRIC_REPRESENTATION_CONTEXT(2) 
PARAMETRIC_REPRESENTATION_CONTEXT() REPRESENTATION_CONTEXT('2D SPACE',''
  ) );
#16119 = PCURVE('',#15894,#16120);
#16120 = DEFINITIONAL_REPRESENTATION('',(#16121),#16125);
#16121 = LINE('',#16122,#16123);
#16122 = CARTESIAN_POINT('',(-9.525,-6.35));
#16123 = VECTOR('',#16124,1.);
#16124 = DIRECTION('',(1.,0.));
#16125 = ( GEOMETRIC_REPRESENTATION_CONTEXT(2) 
PARAMETRIC_REPRESENTATION_CONTEXT() REPRESENTATION_CONTEXT('2D SPACE',''
  ) );
#16126 = ORIENTED_EDGE('',*,*,#16127,.T.);
#16127 = EDGE_CURVE('',#16105,#16128,#16130,.T.);
#16128 = VERTEX_POINT('',#16129);
#16129 = CARTESIAN_POINT('',(0.,142.875,6.35));
#16130 = SURFACE_CURVE('',#16131,(#16135,#16142),.PCURVE_S1.);
#16131 = LINE('',#16132,#16133);
#16132 = CARTESIAN_POINT('',(50.8,142.875,6.35));
#16133 = VECTOR('',#16134,25.4);
#16134 = DIRECTION('',(-1.,0.,0.));
#16135 = PCURVE('',#15729,#16136);
#16136 = DEFINITIONAL_REPRESENTATION('',(#16137),#16141);
#16137 = LINE('',#16138,#16139);
#16138 = CARTESIAN_POINT('',(25.400000073045,69.789765860286));
#16139 = VECTOR('',#16140,1.);
#16140 = DIRECTION('',(-1.,0.));
#16141 = ( GEOMETRIC_REPRESENTATION_CONTEXT(2) 
PARAMETRIC_REPRESENTATION_CONTEXT() REPRESENTATION_CONTEXT('2D SPACE',''
  ) );
#16142 = PCURVE('',#16003,#16143);
#16143 = DEFINITIONAL_REPRESENTATION('',(#16144),#16148);
#16144 = LINE('',#16145,#16146);
#16145 = CARTESIAN_POINT('',(0.,-6.35));
#16146 = VECTOR('',#16147,1.);
#16147 = DIRECTION('',(1.,0.));
#16148 = ( GEOMETRIC_REPRESENTATION_CONTEXT(2) 
PARAMETRIC_REPRESENTATION_CONTEXT() REPRESENTATION_CONTEXT('2D SPACE',''
  ) );
#16149 = ORIENTED_EDGE('',*,*,#16150,.T.);
#16150 = EDGE_CURVE('',#16128,#15801,#16151,.T.);
#16151 = SURFACE_CURVE('',#16152,(#16156,#16163),.PCURVE_S1.);
#16152 = LINE('',#16153,#16154);
#16153 = CARTESIAN_POINT('',(0.,142.875,6.35));
#16154 = VECTOR('',#16155,25.4);
#16155 = DIRECTION('',(0.,-1.,0.));
#16156 = PCURVE('',#15729,#16157);
#16157 = DEFINITIONAL_REPRESENTATION('',(#16158),#16162);
#16158 = LINE('',#16159,#16160);
#16159 = CARTESIAN_POINT('',(-25.39999992695,69.789765860286));
#16160 = VECTOR('',#16161,1.);
#16161 = DIRECTION('',(0.,-1.));
#16162 = ( GEOMETRIC_REPRESENTATION_CONTEXT(2) 
PARAMETRIC_REPRESENTATION_CONTEXT() REPRESENTATION_CONTEXT('2D SPACE',''
  ) );
#16163 = PCURVE('',#15816,#16164);
#16164 = DEFINITIONAL_REPRESENTATION('',(#16165),#16169);
#16165 = LINE('',#16166,#16167);
#16166 = CARTESIAN_POINT('',(0.,-6.35));
#16167 = VECTOR('',#16168,1.);
#16168 = DIRECTION('',(1.,0.));
#16169 = ( GEOMETRIC_REPRESENTATION_CONTEXT(2) 
PARAMETRIC_REPRESENTATION_CONTEXT() REPRESENTATION_CONTEXT('2D SPACE',''
  ) );
#16170 = ORIENTED_EDGE('',*,*,#15828,.T.);
#16171 = FACE_BOUND('',#16172,.T.);
#16172 = EDGE_LOOP('',(#16173));
#16173 = ORIENTED_EDGE('',*,*,#16174,.F.);
#16174 = EDGE_CURVE('',#16175,#16175,#16177,.T.);
#16175 = VERTEX_POINT('',#16176);
#16176 = CARTESIAN_POINT('',(38.1,31.75,6.35));
#16177 = SURFACE_CURVE('',#16178,(#16183,#16190),.PCURVE_S1.);
#16178 = CIRCLE('',#16179,12.7);
#16179 = AXIS2_PLACEMENT_3D('',#16180,#16181,#16182);
#16180 = CARTESIAN_POINT('',(25.4,31.75,6.35));
#16181 = DIRECTION('',(0.,0.,1.));
#16182 = DIRECTION('',(1.,0.,-0.));
#16183 = PCURVE('',#15729,#16184);
#16184 = DEFINITIONAL_REPRESENTATION('',(#16185),#16189);
#16185 = CIRCLE('',#16186,12.7);
#16186 = AXIS2_PLACEMENT_2D('',#16187,#16188);
#16187 = CARTESIAN_POINT('',(7.304510112327E-08,-41.33523413971));
#16188 = DIRECTION('',(1.,0.));
#16189 = ( GEOMETRIC_REPRESENTATION_CONTEXT(2) 
PARAMETRIC_REPRESENTATION_CONTEXT() REPRESENTATION_CONTEXT('2D SPACE',''
  ) );
#16190 = PCURVE('',#16056,#16191);
#16191 = DEFINITIONAL_REPRESENTATION('',(#16192),#16196);
#16192 = LINE('',#16193,#16194);
#16193 = CARTESIAN_POINT('',(0.,6.604));
#16194 = VECTOR('',#16195,1.);
#16195 = DIRECTION('',(1.,0.));
#16196 = ( GEOMETRIC_REPRESENTATION_CONTEXT(2) 
PARAMETRIC_REPRESENTATION_CONTEXT() REPRESENTATION_CONTEXT('2D SPACE',''
  ) );
#16197 = FACE_BOUND('',#16198,.T.);
#16198 = EDGE_LOOP('',(#16199));
#16199 = ORIENTED_EDGE('',*,*,#16200,.F.);
#16200 = EDGE_CURVE('',#16201,#16201,#16203,.T.);
#16201 = VERTEX_POINT('',#16202);
#16202 = CARTESIAN_POINT('',(38.1,117.475,6.35));
#16203 = SURFACE_CURVE('',#16204,(#16209,#16216),.PCURVE_S1.);
#16204 = CIRCLE('',#16205,12.7);
#16205 = AXIS2_PLACEMENT_3D('',#16206,#16207,#16208);
#16206 = CARTESIAN_POINT('',(25.4,117.475,6.35));
#16207 = DIRECTION('',(0.,0.,1.));
#16208 = DIRECTION('',(1.,0.,-0.));
#16209 = PCURVE('',#15729,#16210);
#16210 = DEFINITIONAL_REPRESENTATION('',(#16211),#16215);
#16211 = CIRCLE('',#16212,12.7);
#16212 = AXIS2_PLACEMENT_2D('',#16213,#16214);
#16213 = CARTESIAN_POINT('',(7.304510112327E-08,44.389765860286));
#16214 = DIRECTION('',(1.,0.));
#16215 = ( GEOMETRIC_REPRESENTATION_CONTEXT(2) 
PARAMETRIC_REPRESENTATION_CONTEXT() REPRESENTATION_CONTEXT('2D SPACE',''
  ) );
#16216 = PCURVE('',#16087,#16217);
#16217 = DEFINITIONAL_REPRESENTATION('',(#16218),#16222);
#16218 = LINE('',#16219,#16220);
#16219 = CARTESIAN_POINT('',(0.,6.604));
#16220 = VECTOR('',#16221,1.);
#16221 = DIRECTION('',(1.,0.));
#16222 = ( GEOMETRIC_REPRESENTATION_CONTEXT(2) 
PARAMETRIC_REPRESENTATION_CONTEXT() REPRESENTATION_CONTEXT('2D SPACE',''
  ) );
#16223 = ADVANCED_FACE('',(#16224),#15816,.F.);
#16224 = FACE_BOUND('',#16225,.F.);
#16225 = EDGE_LOOP('',(#16226,#16247,#16248,#16249));
#16226 = ORIENTED_EDGE('',*,*,#16227,.T.);
#16227 = EDGE_CURVE('',#15988,#16128,#16228,.T.);
#16228 = SURFACE_CURVE('',#16229,(#16233,#16240),.PCURVE_S1.);
#16229 = LINE('',#16230,#16231);
#16230 = CARTESIAN_POINT('',(0.,142.875,0.));
#16231 = VECTOR('',#16232,25.4);
#16232 = DIRECTION('',(0.,0.,1.));
#16233 = PCURVE('',#15816,#16234);
#16234 = DEFINITIONAL_REPRESENTATION('',(#16235),#16239);
#16235 = LINE('',#16236,#16237);
#16236 = CARTESIAN_POINT('',(0.,0.));
#16237 = VECTOR('',#16238,1.);
#16238 = DIRECTION('',(0.,-1.));
#16239 = ( GEOMETRIC_REPRESENTATION_CONTEXT(2) 
PARAMETRIC_REPRESENTATION_CONTEXT() REPRESENTATION_CONTEXT('2D SPACE',''
  ) );
#16240 = PCURVE('',#16003,#16241);
#16241 = DEFINITIONAL_REPRESENTATION('',(#16242),#16246);
#16242 = LINE('',#16243,#16244);
#16243 = CARTESIAN_POINT('',(50.8,0.));
#16244 = VECTOR('',#16245,1.);
#16245 = DIRECTION('',(0.,-1.));
#16246 = ( GEOMETRIC_REPRESENTATION_CONTEXT(2) 
PARAMETRIC_REPRESENTATION_CONTEXT() REPRESENTATION_CONTEXT('2D SPACE',''
  ) );
#16247 = ORIENTED_EDGE('',*,*,#16150,.T.);
#16248 = ORIENTED_EDGE('',*,*,#15798,.F.);
#16249 = ORIENTED_EDGE('',*,*,#16015,.F.);
#16250 = ADVANCED_FACE('',(#16251),#15894,.F.);
#16251 = FACE_BOUND('',#16252,.F.);
#16252 = EDGE_LOOP('',(#16253,#16254,#16255,#16276));
#16253 = ORIENTED_EDGE('',*,*,#15876,.T.);
#16254 = ORIENTED_EDGE('',*,*,#16104,.T.);
#16255 = ORIENTED_EDGE('',*,*,#16256,.F.);
#16256 = EDGE_CURVE('',#15965,#16105,#16257,.T.);
#16257 = SURFACE_CURVE('',#16258,(#16262,#16269),.PCURVE_S1.);
#16258 = LINE('',#16259,#16260);
#16259 = CARTESIAN_POINT('',(50.8,142.875,0.));
#16260 = VECTOR('',#16261,25.4);
#16261 = DIRECTION('',(0.,0.,1.));
#16262 = PCURVE('',#15894,#16263);
#16263 = DEFINITIONAL_REPRESENTATION('',(#16264),#16268);
#16264 = LINE('',#16265,#16266);
#16265 = CARTESIAN_POINT('',(133.35,0.));
#16266 = VECTOR('',#16267,1.);
#16267 = DIRECTION('',(0.,-1.));
#16268 = ( GEOMETRIC_REPRESENTATION_CONTEXT(2) 
PARAMETRIC_REPRESENTATION_CONTEXT() REPRESENTATION_CONTEXT('2D SPACE',''
  ) );
#16269 = PCURVE('',#16003,#16270);
#16270 = DEFINITIONAL_REPRESENTATION('',(#16271),#16275);
#16271 = LINE('',#16272,#16273);
#16272 = CARTESIAN_POINT('',(0.,-0.));
#16273 = VECTOR('',#16274,1.);
#16274 = DIRECTION('',(0.,-1.));
#16275 = ( GEOMETRIC_REPRESENTATION_CONTEXT(2) 
PARAMETRIC_REPRESENTATION_CONTEXT() REPRESENTATION_CONTEXT('2D SPACE',''
  ) );
#16276 = ORIENTED_EDGE('',*,*,#15964,.F.);
#16277 = ADVANCED_FACE('',(#16278),#16003,.F.);
#16278 = FACE_BOUND('',#16279,.F.);
#16279 = EDGE_LOOP('',(#16280,#16281,#16282,#16283));
#16280 = ORIENTED_EDGE('',*,*,#16256,.T.);
#16281 = ORIENTED_EDGE('',*,*,#16127,.T.);
#16282 = ORIENTED_EDGE('',*,*,#16227,.F.);
#16283 = ORIENTED_EDGE('',*,*,#15987,.F.);
#16284 = ADVANCED_FACE('',(#16285),#16056,.F.);
#16285 = FACE_BOUND('',#16286,.F.);
#16286 = EDGE_LOOP('',(#16287,#16288,#16309,#16310));
#16287 = ORIENTED_EDGE('',*,*,#16174,.F.);
#16288 = ORIENTED_EDGE('',*,*,#16289,.F.);
#16289 = EDGE_CURVE('',#16040,#16175,#16290,.T.);
#16290 = SEAM_CURVE('',#16291,(#16295,#16302),.PCURVE_S1.);
#16291 = LINE('',#16292,#16293);
#16292 = CARTESIAN_POINT('',(38.1,31.75,-0.254));
#16293 = VECTOR('',#16294,25.4);
#16294 = DIRECTION('',(0.,0.,1.));
#16295 = PCURVE('',#16056,#16296);
#16296 = DEFINITIONAL_REPRESENTATION('',(#16297),#16301);
#16297 = LINE('',#16298,#16299);
#16298 = CARTESIAN_POINT('',(6.28318530718,-0.));
#16299 = VECTOR('',#16300,1.);
#16300 = DIRECTION('',(0.,1.));
#16301 = ( GEOMETRIC_REPRESENTATION_CONTEXT(2) 
PARAMETRIC_REPRESENTATION_CONTEXT() REPRESENTATION_CONTEXT('2D SPACE',''
  ) );
#16302 = PCURVE('',#16056,#16303);
#16303 = DEFINITIONAL_REPRESENTATION('',(#16304),#16308);
#16304 = LINE('',#16305,#16306);
#16305 = CARTESIAN_POINT('',(0.,-0.));
#16306 = VECTOR('',#16307,1.);
#16307 = DIRECTION('',(0.,1.));
#16308 = ( GEOMETRIC_REPRESENTATION_CONTEXT(2) 
PARAMETRIC_REPRESENTATION_CONTEXT() REPRESENTATION_CONTEXT('2D SPACE',''
  ) );
#16309 = ORIENTED_EDGE('',*,*,#16039,.T.);
#16310 = ORIENTED_EDGE('',*,*,#16289,.T.);
#16311 = ADVANCED_FACE('',(#16312),#16087,.F.);
#16312 = FACE_BOUND('',#16313,.F.);
#16313 = EDGE_LOOP('',(#16314,#16315,#16336,#16337));
#16314 = ORIENTED_EDGE('',*,*,#16200,.F.);
#16315 = ORIENTED_EDGE('',*,*,#16316,.F.);
#16316 = EDGE_CURVE('',#16071,#16201,#16317,.T.);
#16317 = SEAM_CURVE('',#16318,(#16322,#16329),.PCURVE_S1.);
#16318 = LINE('',#16319,#16320);
#16319 = CARTESIAN_POINT('',(38.1,117.475,-0.254));
#16320 = VECTOR('',#16321,25.4);
#16321 = DIRECTION('',(0.,0.,1.));
#16322 = PCURVE('',#16087,#16323);
#16323 = DEFINITIONAL_REPRESENTATION('',(#16324),#16328);
#16324 = LINE('',#16325,#16326);
#16325 = CARTESIAN_POINT('',(6.28318530718,-0.));
#16326 = VECTOR('',#16327,1.);
#16327 = DIRECTION('',(0.,1.));
#16328 = ( GEOMETRIC_REPRESENTATION_CONTEXT(2) 
PARAMETRIC_REPRESENTATION_CONTEXT() REPRESENTATION_CONTEXT('2D SPACE',''
  ) );
#16329 = PCURVE('',#16087,#16330);
#16330 = DEFINITIONAL_REPRESENTATION('',(#16331),#16335);
#16331 = LINE('',#16332,#16333);
#16332 = CARTESIAN_POINT('',(0.,-0.));
#16333 = VECTOR('',#16334,1.);
#16334 = DIRECTION('',(0.,1.));
#16335 = ( GEOMETRIC_REPRESENTATION_CONTEXT(2) 
PARAMETRIC_REPRESENTATION_CONTEXT() REPRESENTATION_CONTEXT('2D SPACE',''
  ) );
#16336 = ORIENTED_EDGE('',*,*,#16070,.T.);
#16337 = ORIENTED_EDGE('',*,*,#16316,.T.);
#16338 = ( GEOMETRIC_REPRESENTATION_CONTEXT(3) 
GLOBAL_UNCERTAINTY_ASSIGNED_CONTEXT((#16342)) 
GLOBAL_UNIT_ASSIGNED_CONTEXT((#16339,#16340,#16341)) 
REPRESENTATION_CONTEXT('Context #1',
  '3D Context with UNIT and UNCERTAINTY') );
#16339 = ( LENGTH_UNIT() NAMED_UNIT(*) SI_UNIT(.MILLI.,.METRE.) );
#16340 = ( NAMED_UNIT(*) PLANE_ANGLE_UNIT() SI_UNIT($,.RADIAN.) );
#16341 = ( NAMED_UNIT(*) SI_UNIT($,.STERADIAN.) SOLID_ANGLE_UNIT() );
#16342 = UNCERTAINTY_MEASURE_WITH_UNIT(LENGTH_MEASURE(2.54E-06),#16339,
  'distance_accuracy_value','confusion accuracy');
#16343 = CONTEXT_DEPENDENT_SHAPE_REPRESENTATION(#16344,#16346);
#16344 = ( REPRESENTATION_RELATIONSHIP('','',#15671,#10) 
REPRESENTATION_RELATIONSHIP_WITH_TRANSFORMATION(#16345) 
SHAPE_REPRESENTATION_RELATIONSHIP() );
#16345 = ITEM_DEFINED_TRANSFORMATION('','',#11,#151);
#16346 = PRODUCT_DEFINITION_SHAPE('Placement','Placement of an item',
  #16347);
#16347 = NEXT_ASSEMBLY_USAGE_OCCURRENCE('35','Wing','',#5,#15666,$);
#16348 = PRODUCT_RELATED_PRODUCT_CATEGORY('part',$,(#15668));
#16349 = SHAPE_DEFINITION_REPRESENTATION(#16350,#16356);
#16350 = PRODUCT_DEFINITION_SHAPE('','',#16351);
#16351 = PRODUCT_DEFINITION('design','',#16352,#16355);
#16352 = PRODUCT_DEFINITION_FORMATION('','',#16353);
#16353 = PRODUCT('Wing','Wing','',(#16354));
#16354 = PRODUCT_CONTEXT('',#2,'mechanical');
#16355 = PRODUCT_DEFINITION_CONTEXT('part definition',#2,'design');
#16356 = ADVANCED_BREP_SHAPE_REPRESENTATION('',(#11,#16357),#17023);
#16357 = MANIFOLD_SOLID_BREP('',#16358);
#16358 = CLOSED_SHELL('',(#16359,#16479,#16557,#16643,#16783,#16908,
    #16935,#16962,#16969,#16996));
#16359 = ADVANCED_FACE('',(#16360),#16374,.F.);
#16360 = FACE_BOUND('',#16361,.F.);
#16361 = EDGE_LOOP('',(#16362,#16397,#16425,#16453));
#16362 = ORIENTED_EDGE('',*,*,#16363,.T.);
#16363 = EDGE_CURVE('',#16364,#16366,#16368,.T.);
#16364 = VERTEX_POINT('',#16365);
#16365 = CARTESIAN_POINT('',(9.524999205113,0.,0.));
#16366 = VERTEX_POINT('',#16367);
#16367 = CARTESIAN_POINT('',(9.524999205113,0.,6.35));
#16368 = SURFACE_CURVE('',#16369,(#16373,#16385),.PCURVE_S1.);
#16369 = LINE('',#16370,#16371);
#16370 = CARTESIAN_POINT('',(9.524999205113,0.,0.));
#16371 = VECTOR('',#16372,25.4);
#16372 = DIRECTION('',(0.,0.,1.));
#16373 = PCURVE('',#16374,#16379);
#16374 = PLANE('',#16375);
#16375 = AXIS2_PLACEMENT_3D('',#16376,#16377,#16378);
#16376 = CARTESIAN_POINT('',(9.524999205113,0.,0.));
#16377 = DIRECTION('',(0.,1.,0.));
#16378 = DIRECTION('',(1.,0.,0.));
#16379 = DEFINITIONAL_REPRESENTATION('',(#16380),#16384);
#16380 = LINE('',#16381,#16382);
#16381 = CARTESIAN_POINT('',(1.409983241274E-15,0.));
#16382 = VECTOR('',#16383,1.);
#16383 = DIRECTION('',(0.,-1.));
#16384 = ( GEOMETRIC_REPRESENTATION_CONTEXT(2) 
PARAMETRIC_REPRESENTATION_CONTEXT() REPRESENTATION_CONTEXT('2D SPACE',''
  ) );
#16385 = PCURVE('',#16386,#16391);
#16386 = CYLINDRICAL_SURFACE('',#16387,9.525);
#16387 = AXIS2_PLACEMENT_3D('',#16388,#16389,#16390);
#16388 = CARTESIAN_POINT('',(9.524999205113,9.525,0.));
#16389 = DIRECTION('',(-0.,-0.,-1.));
#16390 = DIRECTION('',(1.,0.,0.));
#16391 = DEFINITIONAL_REPRESENTATION('',(#16392),#16396);
#16392 = LINE('',#16393,#16394);
#16393 = CARTESIAN_POINT('',(-4.712388980385,0.));
#16394 = VECTOR('',#16395,1.);
#16395 = DIRECTION('',(-0.,-1.));
#16396 = ( GEOMETRIC_REPRESENTATION_CONTEXT(2) 
PARAMETRIC_REPRESENTATION_CONTEXT() REPRESENTATION_CONTEXT('2D SPACE',''
  ) );
#16397 = ORIENTED_EDGE('',*,*,#16398,.T.);
#16398 = EDGE_CURVE('',#16366,#16399,#16401,.T.);
#16399 = VERTEX_POINT('',#16400);
#16400 = CARTESIAN_POINT('',(41.274999892538,0.,6.35));
#16401 = SURFACE_CURVE('',#16402,(#16406,#16413),.PCURVE_S1.);
#16402 = LINE('',#16403,#16404);
#16403 = CARTESIAN_POINT('',(0.,0.,6.35));
#16404 = VECTOR('',#16405,25.4);
#16405 = DIRECTION('',(1.,0.,0.));
#16406 = PCURVE('',#16374,#16407);
#16407 = DEFINITIONAL_REPRESENTATION('',(#16408),#16412);
#16408 = LINE('',#16409,#16410);
#16409 = CARTESIAN_POINT('',(-9.524999205113,-6.35));
#16410 = VECTOR('',#16411,1.);
#16411 = DIRECTION('',(1.,0.));
#16412 = ( GEOMETRIC_REPRESENTATION_CONTEXT(2) 
PARAMETRIC_REPRESENTATION_CONTEXT() REPRESENTATION_CONTEXT('2D SPACE',''
  ) );
#16413 = PCURVE('',#16414,#16419);
#16414 = PLANE('',#16415);
#16415 = AXIS2_PLACEMENT_3D('',#16416,#16417,#16418);
#16416 = CARTESIAN_POINT('',(25.399999926955,73.085234139714,6.35));
#16417 = DIRECTION('',(0.,0.,1.));
#16418 = DIRECTION('',(1.,0.,-0.));
#16419 = DEFINITIONAL_REPRESENTATION('',(#16420),#16424);
#16420 = LINE('',#16421,#16422);
#16421 = CARTESIAN_POINT('',(-25.39999992695,-73.08523413971));
#16422 = VECTOR('',#16423,1.);
#16423 = DIRECTION('',(1.,0.));
#16424 = ( GEOMETRIC_REPRESENTATION_CONTEXT(2) 
PARAMETRIC_REPRESENTATION_CONTEXT() REPRESENTATION_CONTEXT('2D SPACE',''
  ) );
#16425 = ORIENTED_EDGE('',*,*,#16426,.F.);
#16426 = EDGE_CURVE('',#16427,#16399,#16429,.T.);
#16427 = VERTEX_POINT('',#16428);
#16428 = CARTESIAN_POINT('',(41.274999892538,0.,0.));
#16429 = SURFACE_CURVE('',#16430,(#16434,#16441),.PCURVE_S1.);
#16430 = LINE('',#16431,#16432);
#16431 = CARTESIAN_POINT('',(41.274999892538,0.,0.));
#16432 = VECTOR('',#16433,25.4);
#16433 = DIRECTION('',(0.,0.,1.));
#16434 = PCURVE('',#16374,#16435);
#16435 = DEFINITIONAL_REPRESENTATION('',(#16436),#16440);
#16436 = LINE('',#16437,#16438);
#16437 = CARTESIAN_POINT('',(31.750000687426,0.));
#16438 = VECTOR('',#16439,1.);
#16439 = DIRECTION('',(0.,-1.));
#16440 = ( GEOMETRIC_REPRESENTATION_CONTEXT(2) 
PARAMETRIC_REPRESENTATION_CONTEXT() REPRESENTATION_CONTEXT('2D SPACE',''
  ) );
#16441 = PCURVE('',#16442,#16447);
#16442 = CYLINDRICAL_SURFACE('',#16443,9.525);
#16443 = AXIS2_PLACEMENT_3D('',#16444,#16445,#16446);
#16444 = CARTESIAN_POINT('',(41.274999892538,9.525,0.));
#16445 = DIRECTION('',(0.,0.,-1.));
#16446 = DIRECTION('',(-1.,0.,0.));
#16447 = DEFINITIONAL_REPRESENTATION('',(#16448),#16452);
#16448 = LINE('',#16449,#16450);
#16449 = CARTESIAN_POINT('',(4.712388980385,0.));
#16450 = VECTOR('',#16451,1.);
#16451 = DIRECTION('',(0.,-1.));
#16452 = ( GEOMETRIC_REPRESENTATION_CONTEXT(2) 
PARAMETRIC_REPRESENTATION_CONTEXT() REPRESENTATION_CONTEXT('2D SPACE',''
  ) );
#16453 = ORIENTED_EDGE('',*,*,#16454,.F.);
#16454 = EDGE_CURVE('',#16364,#16427,#16455,.T.);
#16455 = SURFACE_CURVE('',#16456,(#16460,#16467),.PCURVE_S1.);
#16456 = LINE('',#16457,#16458);
#16457 = CARTESIAN_POINT('',(0.,0.,0.));
#16458 = VECTOR('',#16459,25.4);
#16459 = DIRECTION('',(1.,0.,0.));
#16460 = PCURVE('',#16374,#16461);
#16461 = DEFINITIONAL_REPRESENTATION('',(#16462),#16466);
#16462 = LINE('',#16463,#16464);
#16463 = CARTESIAN_POINT('',(-9.524999205113,0.));
#16464 = VECTOR('',#16465,1.);
#16465 = DIRECTION('',(1.,0.));
#16466 = ( GEOMETRIC_REPRESENTATION_CONTEXT(2) 
PARAMETRIC_REPRESENTATION_CONTEXT() REPRESENTATION_CONTEXT('2D SPACE',''
  ) );
#16467 = PCURVE('',#16468,#16473);
#16468 = PLANE('',#16469);
#16469 = AXIS2_PLACEMENT_3D('',#16470,#16471,#16472);
#16470 = CARTESIAN_POINT('',(25.399999926955,73.085234139714,0.));
#16471 = DIRECTION('',(0.,0.,1.));
#16472 = DIRECTION('',(1.,0.,-0.));
#16473 = DEFINITIONAL_REPRESENTATION('',(#16474),#16478);
#16474 = LINE('',#16475,#16476);
#16475 = CARTESIAN_POINT('',(-25.39999992695,-73.08523413971));
#16476 = VECTOR('',#16477,1.);
#16477 = DIRECTION('',(1.,0.));
#16478 = ( GEOMETRIC_REPRESENTATION_CONTEXT(2) 
PARAMETRIC_REPRESENTATION_CONTEXT() REPRESENTATION_CONTEXT('2D SPACE',''
  ) );
#16479 = ADVANCED_FACE('',(#16480),#16386,.T.);
#16480 = FACE_BOUND('',#16481,.F.);
#16481 = EDGE_LOOP('',(#16482,#16512,#16534,#16535));
#16482 = ORIENTED_EDGE('',*,*,#16483,.T.);
#16483 = EDGE_CURVE('',#16484,#16486,#16488,.T.);
#16484 = VERTEX_POINT('',#16485);
#16485 = CARTESIAN_POINT('',(-3.974437411181E-07,9.525,0.));
#16486 = VERTEX_POINT('',#16487);
#16487 = CARTESIAN_POINT('',(-3.974437411181E-07,9.525,6.35));
#16488 = SURFACE_CURVE('',#16489,(#16493,#16500),.PCURVE_S1.);
#16489 = LINE('',#16490,#16491);
#16490 = CARTESIAN_POINT('',(-3.974437411181E-07,9.525,0.));
#16491 = VECTOR('',#16492,25.4);
#16492 = DIRECTION('',(0.,0.,1.));
#16493 = PCURVE('',#16386,#16494);
#16494 = DEFINITIONAL_REPRESENTATION('',(#16495),#16499);
#16495 = LINE('',#16496,#16497);
#16496 = CARTESIAN_POINT('',(-3.14159265359,0.));
#16497 = VECTOR('',#16498,1.);
#16498 = DIRECTION('',(-0.,-1.));
#16499 = ( GEOMETRIC_REPRESENTATION_CONTEXT(2) 
PARAMETRIC_REPRESENTATION_CONTEXT() REPRESENTATION_CONTEXT('2D SPACE',''
  ) );
#16500 = PCURVE('',#16501,#16506);
#16501 = PLANE('',#16502);
#16502 = AXIS2_PLACEMENT_3D('',#16503,#16504,#16505);
#16503 = CARTESIAN_POINT('',(0.,142.875,0.));
#16504 = DIRECTION('',(1.,0.,-0.));
#16505 = DIRECTION('',(0.,-1.,0.));
#16506 = DEFINITIONAL_REPRESENTATION('',(#16507),#16511);
#16507 = LINE('',#16508,#16509);
#16508 = CARTESIAN_POINT('',(133.35,0.));
#16509 = VECTOR('',#16510,1.);
#16510 = DIRECTION('',(0.,-1.));
#16511 = ( GEOMETRIC_REPRESENTATION_CONTEXT(2) 
PARAMETRIC_REPRESENTATION_CONTEXT() REPRESENTATION_CONTEXT('2D SPACE',''
  ) );
#16512 = ORIENTED_EDGE('',*,*,#16513,.T.);
#16513 = EDGE_CURVE('',#16486,#16366,#16514,.T.);
#16514 = SURFACE_CURVE('',#16515,(#16520,#16527),.PCURVE_S1.);
#16515 = CIRCLE('',#16516,9.525);
#16516 = AXIS2_PLACEMENT_3D('',#16517,#16518,#16519);
#16517 = CARTESIAN_POINT('',(9.524999205113,9.525,6.35));
#16518 = DIRECTION('',(0.,0.,1.));
#16519 = DIRECTION('',(1.,0.,0.));
#16520 = PCURVE('',#16386,#16521);
#16521 = DEFINITIONAL_REPRESENTATION('',(#16522),#16526);
#16522 = LINE('',#16523,#16524);
#16523 = CARTESIAN_POINT('',(-0.,-6.35));
#16524 = VECTOR('',#16525,1.);
#16525 = DIRECTION('',(-1.,0.));
#16526 = ( GEOMETRIC_REPRESENTATION_CONTEXT(2) 
PARAMETRIC_REPRESENTATION_CONTEXT() REPRESENTATION_CONTEXT('2D SPACE',''
  ) );
#16527 = PCURVE('',#16414,#16528);
#16528 = DEFINITIONAL_REPRESENTATION('',(#16529),#16533);
#16529 = CIRCLE('',#16530,9.525);
#16530 = AXIS2_PLACEMENT_2D('',#16531,#16532);
#16531 = CARTESIAN_POINT('',(-15.87500072184,-63.56023413971));
#16532 = DIRECTION('',(1.,0.));
#16533 = ( GEOMETRIC_REPRESENTATION_CONTEXT(2) 
PARAMETRIC_REPRESENTATION_CONTEXT() REPRESENTATION_CONTEXT('2D SPACE',''
  ) );
#16534 = ORIENTED_EDGE('',*,*,#16363,.F.);
#16535 = ORIENTED_EDGE('',*,*,#16536,.F.);
#16536 = EDGE_CURVE('',#16484,#16364,#16537,.T.);
#16537 = SURFACE_CURVE('',#16538,(#16543,#16550),.PCURVE_S1.);
#16538 = CIRCLE('',#16539,9.525);
#16539 = AXIS2_PLACEMENT_3D('',#16540,#16541,#16542);
#16540 = CARTESIAN_POINT('',(9.524999205113,9.525,0.));
#16541 = DIRECTION('',(0.,0.,1.));
#16542 = DIRECTION('',(1.,0.,0.));
#16543 = PCURVE('',#16386,#16544);
#16544 = DEFINITIONAL_REPRESENTATION('',(#16545),#16549);
#16545 = LINE('',#16546,#16547);
#16546 = CARTESIAN_POINT('',(-0.,0.));
#16547 = VECTOR('',#16548,1.);
#16548 = DIRECTION('',(-1.,0.));
#16549 = ( GEOMETRIC_REPRESENTATION_CONTEXT(2) 
PARAMETRIC_REPRESENTATION_CONTEXT() REPRESENTATION_CONTEXT('2D SPACE',''
  ) );
#16550 = PCURVE('',#16468,#16551);
#16551 = DEFINITIONAL_REPRESENTATION('',(#16552),#16556);
#16552 = CIRCLE('',#16553,9.525);
#16553 = AXIS2_PLACEMENT_2D('',#16554,#16555);
#16554 = CARTESIAN_POINT('',(-15.87500072184,-63.56023413971));
#16555 = DIRECTION('',(1.,0.));
#16556 = ( GEOMETRIC_REPRESENTATION_CONTEXT(2) 
PARAMETRIC_REPRESENTATION_CONTEXT() REPRESENTATION_CONTEXT('2D SPACE',''
  ) );
#16557 = ADVANCED_FACE('',(#16558),#16442,.T.);
#16558 = FACE_BOUND('',#16559,.T.);
#16559 = EDGE_LOOP('',(#16560,#16590,#16616,#16617));
#16560 = ORIENTED_EDGE('',*,*,#16561,.T.);
#16561 = EDGE_CURVE('',#16562,#16564,#16566,.T.);
#16562 = VERTEX_POINT('',#16563);
#16563 = CARTESIAN_POINT('',(50.799999946269,9.525,0.));
#16564 = VERTEX_POINT('',#16565);
#16565 = CARTESIAN_POINT('',(50.799999946269,9.525,6.35));
#16566 = SURFACE_CURVE('',#16567,(#16571,#16578),.PCURVE_S1.);
#16567 = LINE('',#16568,#16569);
#16568 = CARTESIAN_POINT('',(50.799999946269,9.525,0.));
#16569 = VECTOR('',#16570,25.4);
#16570 = DIRECTION('',(0.,0.,1.));
#16571 = PCURVE('',#16442,#16572);
#16572 = DEFINITIONAL_REPRESENTATION('',(#16573),#16577);
#16573 = LINE('',#16574,#16575);
#16574 = CARTESIAN_POINT('',(3.14159265359,0.));
#16575 = VECTOR('',#16576,1.);
#16576 = DIRECTION('',(0.,-1.));
#16577 = ( GEOMETRIC_REPRESENTATION_CONTEXT(2) 
PARAMETRIC_REPRESENTATION_CONTEXT() REPRESENTATION_CONTEXT('2D SPACE',''
  ) );
#16578 = PCURVE('',#16579,#16584);
#16579 = PLANE('',#16580);
#16580 = AXIS2_PLACEMENT_3D('',#16581,#16582,#16583);
#16581 = CARTESIAN_POINT('',(50.8,9.525,0.));
#16582 = DIRECTION('',(-1.,0.,0.));
#16583 = DIRECTION('',(0.,1.,0.));
#16584 = DEFINITIONAL_REPRESENTATION('',(#16585),#16589);
#16585 = LINE('',#16586,#16587);
#16586 = CARTESIAN_POINT('',(0.,0.));
#16587 = VECTOR('',#16588,1.);
#16588 = DIRECTION('',(0.,-1.));
#16589 = ( GEOMETRIC_REPRESENTATION_CONTEXT(2) 
PARAMETRIC_REPRESENTATION_CONTEXT() REPRESENTATION_CONTEXT('2D SPACE',''
  ) );
#16590 = ORIENTED_EDGE('',*,*,#16591,.T.);
#16591 = EDGE_CURVE('',#16564,#16399,#16592,.T.);
#16592 = SURFACE_CURVE('',#16593,(#16598,#16605),.PCURVE_S1.);
#16593 = CIRCLE('',#16594,9.525);
#16594 = AXIS2_PLACEMENT_3D('',#16595,#16596,#16597);
#16595 = CARTESIAN_POINT('',(41.274999892538,9.525,6.35));
#16596 = DIRECTION('',(0.,0.,-1.));
#16597 = DIRECTION('',(-1.,0.,0.));
#16598 = PCURVE('',#16442,#16599);
#16599 = DEFINITIONAL_REPRESENTATION('',(#16600),#16604);
#16600 = LINE('',#16601,#16602);
#16601 = CARTESIAN_POINT('',(0.,-6.35));
#16602 = VECTOR('',#16603,1.);
#16603 = DIRECTION('',(1.,0.));
#16604 = ( GEOMETRIC_REPRESENTATION_CONTEXT(2) 
PARAMETRIC_REPRESENTATION_CONTEXT() REPRESENTATION_CONTEXT('2D SPACE',''
  ) );
#16605 = PCURVE('',#16414,#16606);
#16606 = DEFINITIONAL_REPRESENTATION('',(#16607),#16615);
#16607 = ( BOUNDED_CURVE() B_SPLINE_CURVE(2,(#16608,#16609,#16610,#16611
    ,#16612,#16613,#16614),.UNSPECIFIED.,.T.,.F.) 
B_SPLINE_CURVE_WITH_KNOTS((1,2,2,2,2,1),(-2.094395102393,0.,
    2.094395102393,4.188790204786,6.28318530718,8.377580409573),
.UNSPECIFIED.) CURVE() GEOMETRIC_REPRESENTATION_ITEM() 
RATIONAL_B_SPLINE_CURVE((1.,0.5,1.,0.5,1.,0.5,1.)) REPRESENTATION_ITEM(
  '') );
#16608 = CARTESIAN_POINT('',(6.349999965584,-63.56023413971));
#16609 = CARTESIAN_POINT('',(6.349999965584,-47.06245019762));
#16610 = CARTESIAN_POINT('',(20.637499965584,-55.31134216866));
#16611 = CARTESIAN_POINT('',(34.924999965583,-63.56023413971));
#16612 = CARTESIAN_POINT('',(20.637499965584,-71.80912611076));
#16613 = CARTESIAN_POINT('',(6.349999965584,-80.0580180818));
#16614 = CARTESIAN_POINT('',(6.349999965584,-63.56023413971));
#16615 = ( GEOMETRIC_REPRESENTATION_CONTEXT(2) 
PARAMETRIC_REPRESENTATION_CONTEXT() REPRESENTATION_CONTEXT('2D SPACE',''
  ) );
#16616 = ORIENTED_EDGE('',*,*,#16426,.F.);
#16617 = ORIENTED_EDGE('',*,*,#16618,.F.);
#16618 = EDGE_CURVE('',#16562,#16427,#16619,.T.);
#16619 = SURFACE_CURVE('',#16620,(#16625,#16632),.PCURVE_S1.);
#16620 = CIRCLE('',#16621,9.525);
#16621 = AXIS2_PLACEMENT_3D('',#16622,#16623,#16624);
#16622 = CARTESIAN_POINT('',(41.274999892538,9.525,0.));
#16623 = DIRECTION('',(0.,0.,-1.));
#16624 = DIRECTION('',(-1.,0.,0.));
#16625 = PCURVE('',#16442,#16626);
#16626 = DEFINITIONAL_REPRESENTATION('',(#16627),#16631);
#16627 = LINE('',#16628,#16629);
#16628 = CARTESIAN_POINT('',(0.,0.));
#16629 = VECTOR('',#16630,1.);
#16630 = DIRECTION('',(1.,0.));
#16631 = ( GEOMETRIC_REPRESENTATION_CONTEXT(2) 
PARAMETRIC_REPRESENTATION_CONTEXT() REPRESENTATION_CONTEXT('2D SPACE',''
  ) );
#16632 = PCURVE('',#16468,#16633);
#16633 = DEFINITIONAL_REPRESENTATION('',(#16634),#16642);
#16634 = ( BOUNDED_CURVE() B_SPLINE_CURVE(2,(#16635,#16636,#16637,#16638
    ,#16639,#16640,#16641),.UNSPECIFIED.,.T.,.F.) 
B_SPLINE_CURVE_WITH_KNOTS((1,2,2,2,2,1),(-2.094395102393,0.,
    2.094395102393,4.188790204786,6.28318530718,8.377580409573),
.UNSPECIFIED.) CURVE() GEOMETRIC_REPRESENTATION_ITEM() 
RATIONAL_B_SPLINE_CURVE((1.,0.5,1.,0.5,1.,0.5,1.)) REPRESENTATION_ITEM(
  '') );
#16635 = CARTESIAN_POINT('',(6.349999965584,-63.56023413971));
#16636 = CARTESIAN_POINT('',(6.349999965584,-47.06245019762));
#16637 = CARTESIAN_POINT('',(20.637499965584,-55.31134216866));
#16638 = CARTESIAN_POINT('',(34.924999965583,-63.56023413971));
#16639 = CARTESIAN_POINT('',(20.637499965584,-71.80912611076));
#16640 = CARTESIAN_POINT('',(6.349999965584,-80.0580180818));
#16641 = CARTESIAN_POINT('',(6.349999965584,-63.56023413971));
#16642 = ( GEOMETRIC_REPRESENTATION_CONTEXT(2) 
PARAMETRIC_REPRESENTATION_CONTEXT() REPRESENTATION_CONTEXT('2D SPACE',''
  ) );
#16643 = ADVANCED_FACE('',(#16644,#16721,#16752),#16468,.F.);
#16644 = FACE_BOUND('',#16645,.F.);
#16645 = EDGE_LOOP('',(#16646,#16647,#16648,#16671,#16699,#16720));
#16646 = ORIENTED_EDGE('',*,*,#16454,.T.);
#16647 = ORIENTED_EDGE('',*,*,#16618,.F.);
#16648 = ORIENTED_EDGE('',*,*,#16649,.T.);
#16649 = EDGE_CURVE('',#16562,#16650,#16652,.T.);
#16650 = VERTEX_POINT('',#16651);
#16651 = CARTESIAN_POINT('',(50.8,142.875,0.));
#16652 = SURFACE_CURVE('',#16653,(#16657,#16664),.PCURVE_S1.);
#16653 = LINE('',#16654,#16655);
#16654 = CARTESIAN_POINT('',(50.8,0.,0.));
#16655 = VECTOR('',#16656,25.4);
#16656 = DIRECTION('',(0.,1.,0.));
#16657 = PCURVE('',#16468,#16658);
#16658 = DEFINITIONAL_REPRESENTATION('',(#16659),#16663);
#16659 = LINE('',#16660,#16661);
#16660 = CARTESIAN_POINT('',(25.400000073045,-73.08523413971));
#16661 = VECTOR('',#16662,1.);
#16662 = DIRECTION('',(0.,1.));
#16663 = ( GEOMETRIC_REPRESENTATION_CONTEXT(2) 
PARAMETRIC_REPRESENTATION_CONTEXT() REPRESENTATION_CONTEXT('2D SPACE',''
  ) );
#16664 = PCURVE('',#16579,#16665);
#16665 = DEFINITIONAL_REPRESENTATION('',(#16666),#16670);
#16666 = LINE('',#16667,#16668);
#16667 = CARTESIAN_POINT('',(-9.525,0.));
#16668 = VECTOR('',#16669,1.);
#16669 = DIRECTION('',(1.,0.));
#16670 = ( GEOMETRIC_REPRESENTATION_CONTEXT(2) 
PARAMETRIC_REPRESENTATION_CONTEXT() REPRESENTATION_CONTEXT('2D SPACE',''
  ) );
#16671 = ORIENTED_EDGE('',*,*,#16672,.T.);
#16672 = EDGE_CURVE('',#16650,#16673,#16675,.T.);
#16673 = VERTEX_POINT('',#16674);
#16674 = CARTESIAN_POINT('',(0.,142.875,0.));
#16675 = SURFACE_CURVE('',#16676,(#16680,#16687),.PCURVE_S1.);
#16676 = LINE('',#16677,#16678);
#16677 = CARTESIAN_POINT('',(50.8,142.875,0.));
#16678 = VECTOR('',#16679,25.4);
#16679 = DIRECTION('',(-1.,0.,0.));
#16680 = PCURVE('',#16468,#16681);
#16681 = DEFINITIONAL_REPRESENTATION('',(#16682),#16686);
#16682 = LINE('',#16683,#16684);
#16683 = CARTESIAN_POINT('',(25.400000073045,69.789765860286));
#16684 = VECTOR('',#16685,1.);
#16685 = DIRECTION('',(-1.,0.));
#16686 = ( GEOMETRIC_REPRESENTATION_CONTEXT(2) 
PARAMETRIC_REPRESENTATION_CONTEXT() REPRESENTATION_CONTEXT('2D SPACE',''
  ) );
#16687 = PCURVE('',#16688,#16693);
#16688 = PLANE('',#16689);
#16689 = AXIS2_PLACEMENT_3D('',#16690,#16691,#16692);
#16690 = CARTESIAN_POINT('',(50.8,142.875,0.));
#16691 = DIRECTION('',(0.,-1.,0.));
#16692 = DIRECTION('',(-1.,0.,0.));
#16693 = DEFINITIONAL_REPRESENTATION('',(#16694),#16698);
#16694 = LINE('',#16695,#16696);
#16695 = CARTESIAN_POINT('',(0.,-0.));
#16696 = VECTOR('',#16697,1.);
#16697 = DIRECTION('',(1.,0.));
#16698 = ( GEOMETRIC_REPRESENTATION_CONTEXT(2) 
PARAMETRIC_REPRESENTATION_CONTEXT() REPRESENTATION_CONTEXT('2D SPACE',''
  ) );
#16699 = ORIENTED_EDGE('',*,*,#16700,.T.);
#16700 = EDGE_CURVE('',#16673,#16484,#16701,.T.);
#16701 = SURFACE_CURVE('',#16702,(#16706,#16713),.PCURVE_S1.);
#16702 = LINE('',#16703,#16704);
#16703 = CARTESIAN_POINT('',(0.,142.875,0.));
#16704 = VECTOR('',#16705,25.4);
#16705 = DIRECTION('',(0.,-1.,0.));
#16706 = PCURVE('',#16468,#16707);
#16707 = DEFINITIONAL_REPRESENTATION('',(#16708),#16712);
#16708 = LINE('',#16709,#16710);
#16709 = CARTESIAN_POINT('',(-25.39999992695,69.789765860286));
#16710 = VECTOR('',#16711,1.);
#16711 = DIRECTION('',(0.,-1.));
#16712 = ( GEOMETRIC_REPRESENTATION_CONTEXT(2) 
PARAMETRIC_REPRESENTATION_CONTEXT() REPRESENTATION_CONTEXT('2D SPACE',''
  ) );
#16713 = PCURVE('',#16501,#16714);
#16714 = DEFINITIONAL_REPRESENTATION('',(#16715),#16719);
#16715 = LINE('',#16716,#16717);
#16716 = CARTESIAN_POINT('',(0.,0.));
#16717 = VECTOR('',#16718,1.);
#16718 = DIRECTION('',(1.,0.));
#16719 = ( GEOMETRIC_REPRESENTATION_CONTEXT(2) 
PARAMETRIC_REPRESENTATION_CONTEXT() REPRESENTATION_CONTEXT('2D SPACE',''
  ) );
#16720 = ORIENTED_EDGE('',*,*,#16536,.T.);
#16721 = FACE_BOUND('',#16722,.F.);
#16722 = EDGE_LOOP('',(#16723));
#16723 = ORIENTED_EDGE('',*,*,#16724,.F.);
#16724 = EDGE_CURVE('',#16725,#16725,#16727,.T.);
#16725 = VERTEX_POINT('',#16726);
#16726 = CARTESIAN_POINT('',(38.1,31.75,0.));
#16727 = SURFACE_CURVE('',#16728,(#16733,#16740),.PCURVE_S1.);
#16728 = CIRCLE('',#16729,12.7);
#16729 = AXIS2_PLACEMENT_3D('',#16730,#16731,#16732);
#16730 = CARTESIAN_POINT('',(25.4,31.75,0.));
#16731 = DIRECTION('',(0.,0.,1.));
#16732 = DIRECTION('',(1.,0.,-0.));
#16733 = PCURVE('',#16468,#16734);
#16734 = DEFINITIONAL_REPRESENTATION('',(#16735),#16739);
#16735 = CIRCLE('',#16736,12.7);
#16736 = AXIS2_PLACEMENT_2D('',#16737,#16738);
#16737 = CARTESIAN_POINT('',(7.304510112327E-08,-41.33523413971));
#16738 = DIRECTION('',(1.,0.));
#16739 = ( GEOMETRIC_REPRESENTATION_CONTEXT(2) 
PARAMETRIC_REPRESENTATION_CONTEXT() REPRESENTATION_CONTEXT('2D SPACE',''
  ) );
#16740 = PCURVE('',#16741,#16746);
#16741 = CYLINDRICAL_SURFACE('',#16742,12.7);
#16742 = AXIS2_PLACEMENT_3D('',#16743,#16744,#16745);
#16743 = CARTESIAN_POINT('',(25.4,31.75,-0.254));
#16744 = DIRECTION('',(0.,0.,1.));
#16745 = DIRECTION('',(1.,0.,-0.));
#16746 = DEFINITIONAL_REPRESENTATION('',(#16747),#16751);
#16747 = LINE('',#16748,#16749);
#16748 = CARTESIAN_POINT('',(0.,0.254));
#16749 = VECTOR('',#16750,1.);
#16750 = DIRECTION('',(1.,0.));
#16751 = ( GEOMETRIC_REPRESENTATION_CONTEXT(2) 
PARAMETRIC_REPRESENTATION_CONTEXT() REPRESENTATION_CONTEXT('2D SPACE',''
  ) );
#16752 = FACE_BOUND('',#16753,.F.);
#16753 = EDGE_LOOP('',(#16754));
#16754 = ORIENTED_EDGE('',*,*,#16755,.F.);
#16755 = EDGE_CURVE('',#16756,#16756,#16758,.T.);
#16756 = VERTEX_POINT('',#16757);
#16757 = CARTESIAN_POINT('',(38.1,117.475,0.));
#16758 = SURFACE_CURVE('',#16759,(#16764,#16771),.PCURVE_S1.);
#16759 = CIRCLE('',#16760,12.7);
#16760 = AXIS2_PLACEMENT_3D('',#16761,#16762,#16763);
#16761 = CARTESIAN_POINT('',(25.4,117.475,0.));
#16762 = DIRECTION('',(0.,0.,1.));
#16763 = DIRECTION('',(1.,0.,-0.));
#16764 = PCURVE('',#16468,#16765);
#16765 = DEFINITIONAL_REPRESENTATION('',(#16766),#16770);
#16766 = CIRCLE('',#16767,12.7);
#16767 = AXIS2_PLACEMENT_2D('',#16768,#16769);
#16768 = CARTESIAN_POINT('',(7.304510112327E-08,44.389765860286));
#16769 = DIRECTION('',(1.,0.));
#16770 = ( GEOMETRIC_REPRESENTATION_CONTEXT(2) 
PARAMETRIC_REPRESENTATION_CONTEXT() REPRESENTATION_CONTEXT('2D SPACE',''
  ) );
#16771 = PCURVE('',#16772,#16777);
#16772 = CYLINDRICAL_SURFACE('',#16773,12.7);
#16773 = AXIS2_PLACEMENT_3D('',#16774,#16775,#16776);
#16774 = CARTESIAN_POINT('',(25.4,117.475,-0.254));
#16775 = DIRECTION('',(0.,0.,1.));
#16776 = DIRECTION('',(1.,0.,-0.));
#16777 = DEFINITIONAL_REPRESENTATION('',(#16778),#16782);
#16778 = LINE('',#16779,#16780);
#16779 = CARTESIAN_POINT('',(0.,0.254));
#16780 = VECTOR('',#16781,1.);
#16781 = DIRECTION('',(1.,0.));
#16782 = ( GEOMETRIC_REPRESENTATION_CONTEXT(2) 
PARAMETRIC_REPRESENTATION_CONTEXT() REPRESENTATION_CONTEXT('2D SPACE',''
  ) );
#16783 = ADVANCED_FACE('',(#16784,#16856,#16882),#16414,.T.);
#16784 = FACE_BOUND('',#16785,.T.);
#16785 = EDGE_LOOP('',(#16786,#16787,#16788,#16811,#16834,#16855));
#16786 = ORIENTED_EDGE('',*,*,#16398,.T.);
#16787 = ORIENTED_EDGE('',*,*,#16591,.F.);
#16788 = ORIENTED_EDGE('',*,*,#16789,.T.);
#16789 = EDGE_CURVE('',#16564,#16790,#16792,.T.);
#16790 = VERTEX_POINT('',#16791);
#16791 = CARTESIAN_POINT('',(50.8,142.875,6.35));
#16792 = SURFACE_CURVE('',#16793,(#16797,#16804),.PCURVE_S1.);
#16793 = LINE('',#16794,#16795);
#16794 = CARTESIAN_POINT('',(50.8,0.,6.35));
#16795 = VECTOR('',#16796,25.4);
#16796 = DIRECTION('',(0.,1.,0.));
#16797 = PCURVE('',#16414,#16798);
#16798 = DEFINITIONAL_REPRESENTATION('',(#16799),#16803);
#16799 = LINE('',#16800,#16801);
#16800 = CARTESIAN_POINT('',(25.400000073045,-73.08523413971));
#16801 = VECTOR('',#16802,1.);
#16802 = DIRECTION('',(0.,1.));
#16803 = ( GEOMETRIC_REPRESENTATION_CONTEXT(2) 
PARAMETRIC_REPRESENTATION_CONTEXT() REPRESENTATION_CONTEXT('2D SPACE',''
  ) );
#16804 = PCURVE('',#16579,#16805);
#16805 = DEFINITIONAL_REPRESENTATION('',(#16806),#16810);
#16806 = LINE('',#16807,#16808);
#16807 = CARTESIAN_POINT('',(-9.525,-6.35));
#16808 = VECTOR('',#16809,1.);
#16809 = DIRECTION('',(1.,0.));
#16810 = ( GEOMETRIC_REPRESENTATION_CONTEXT(2) 
PARAMETRIC_REPRESENTATION_CONTEXT() REPRESENTATION_CONTEXT('2D SPACE',''
  ) );
#16811 = ORIENTED_EDGE('',*,*,#16812,.T.);
#16812 = EDGE_CURVE('',#16790,#16813,#16815,.T.);
#16813 = VERTEX_POINT('',#16814);
#16814 = CARTESIAN_POINT('',(0.,142.875,6.35));
#16815 = SURFACE_CURVE('',#16816,(#16820,#16827),.PCURVE_S1.);
#16816 = LINE('',#16817,#16818);
#16817 = CARTESIAN_POINT('',(50.8,142.875,6.35));
#16818 = VECTOR('',#16819,25.4);
#16819 = DIRECTION('',(-1.,0.,0.));
#16820 = PCURVE('',#16414,#16821);
#16821 = DEFINITIONAL_REPRESENTATION('',(#16822),#16826);
#16822 = LINE('',#16823,#16824);
#16823 = CARTESIAN_POINT('',(25.400000073045,69.789765860286));
#16824 = VECTOR('',#16825,1.);
#16825 = DIRECTION('',(-1.,0.));
#16826 = ( GEOMETRIC_REPRESENTATION_CONTEXT(2) 
PARAMETRIC_REPRESENTATION_CONTEXT() REPRESENTATION_CONTEXT('2D SPACE',''
  ) );
#16827 = PCURVE('',#16688,#16828);
#16828 = DEFINITIONAL_REPRESENTATION('',(#16829),#16833);
#16829 = LINE('',#16830,#16831);
#16830 = CARTESIAN_POINT('',(0.,-6.35));
#16831 = VECTOR('',#16832,1.);
#16832 = DIRECTION('',(1.,0.));
#16833 = ( GEOMETRIC_REPRESENTATION_CONTEXT(2) 
PARAMETRIC_REPRESENTATION_CONTEXT() REPRESENTATION_CONTEXT('2D SPACE',''
  ) );
#16834 = ORIENTED_EDGE('',*,*,#16835,.T.);
#16835 = EDGE_CURVE('',#16813,#16486,#16836,.T.);
#16836 = SURFACE_CURVE('',#16837,(#16841,#16848),.PCURVE_S1.);
#16837 = LINE('',#16838,#16839);
#16838 = CARTESIAN_POINT('',(0.,142.875,6.35));
#16839 = VECTOR('',#16840,25.4);
#16840 = DIRECTION('',(0.,-1.,0.));
#16841 = PCURVE('',#16414,#16842);
#16842 = DEFINITIONAL_REPRESENTATION('',(#16843),#16847);
#16843 = LINE('',#16844,#16845);
#16844 = CARTESIAN_POINT('',(-25.39999992695,69.789765860286));
#16845 = VECTOR('',#16846,1.);
#16846 = DIRECTION('',(0.,-1.));
#16847 = ( GEOMETRIC_REPRESENTATION_CONTEXT(2) 
PARAMETRIC_REPRESENTATION_CONTEXT() REPRESENTATION_CONTEXT('2D SPACE',''
  ) );
#16848 = PCURVE('',#16501,#16849);
#16849 = DEFINITIONAL_REPRESENTATION('',(#16850),#16854);
#16850 = LINE('',#16851,#16852);
#16851 = CARTESIAN_POINT('',(0.,-6.35));
#16852 = VECTOR('',#16853,1.);
#16853 = DIRECTION('',(1.,0.));
#16854 = ( GEOMETRIC_REPRESENTATION_CONTEXT(2) 
PARAMETRIC_REPRESENTATION_CONTEXT() REPRESENTATION_CONTEXT('2D SPACE',''
  ) );
#16855 = ORIENTED_EDGE('',*,*,#16513,.T.);
#16856 = FACE_BOUND('',#16857,.T.);
#16857 = EDGE_LOOP('',(#16858));
#16858 = ORIENTED_EDGE('',*,*,#16859,.F.);
#16859 = EDGE_CURVE('',#16860,#16860,#16862,.T.);
#16860 = VERTEX_POINT('',#16861);
#16861 = CARTESIAN_POINT('',(38.1,31.75,6.35));
#16862 = SURFACE_CURVE('',#16863,(#16868,#16875),.PCURVE_S1.);
#16863 = CIRCLE('',#16864,12.7);
#16864 = AXIS2_PLACEMENT_3D('',#16865,#16866,#16867);
#16865 = CARTESIAN_POINT('',(25.4,31.75,6.35));
#16866 = DIRECTION('',(0.,0.,1.));
#16867 = DIRECTION('',(1.,0.,-0.));
#16868 = PCURVE('',#16414,#16869);
#16869 = DEFINITIONAL_REPRESENTATION('',(#16870),#16874);
#16870 = CIRCLE('',#16871,12.7);
#16871 = AXIS2_PLACEMENT_2D('',#16872,#16873);
#16872 = CARTESIAN_POINT('',(7.304510112327E-08,-41.33523413971));
#16873 = DIRECTION('',(1.,0.));
#16874 = ( GEOMETRIC_REPRESENTATION_CONTEXT(2) 
PARAMETRIC_REPRESENTATION_CONTEXT() REPRESENTATION_CONTEXT('2D SPACE',''
  ) );
#16875 = PCURVE('',#16741,#16876);
#16876 = DEFINITIONAL_REPRESENTATION('',(#16877),#16881);
#16877 = LINE('',#16878,#16879);
#16878 = CARTESIAN_POINT('',(0.,6.604));
#16879 = VECTOR('',#16880,1.);
#16880 = DIRECTION('',(1.,0.));
#16881 = ( GEOMETRIC_REPRESENTATION_CONTEXT(2) 
PARAMETRIC_REPRESENTATION_CONTEXT() REPRESENTATION_CONTEXT('2D SPACE',''
  ) );
#16882 = FACE_BOUND('',#16883,.T.);
#16883 = EDGE_LOOP('',(#16884));
#16884 = ORIENTED_EDGE('',*,*,#16885,.F.);
#16885 = EDGE_CURVE('',#16886,#16886,#16888,.T.);
#16886 = VERTEX_POINT('',#16887);
#16887 = CARTESIAN_POINT('',(38.1,117.475,6.35));
#16888 = SURFACE_CURVE('',#16889,(#16894,#16901),.PCURVE_S1.);
#16889 = CIRCLE('',#16890,12.7);
#16890 = AXIS2_PLACEMENT_3D('',#16891,#16892,#16893);
#16891 = CARTESIAN_POINT('',(25.4,117.475,6.35));
#16892 = DIRECTION('',(0.,0.,1.));
#16893 = DIRECTION('',(1.,0.,-0.));
#16894 = PCURVE('',#16414,#16895);
#16895 = DEFINITIONAL_REPRESENTATION('',(#16896),#16900);
#16896 = CIRCLE('',#16897,12.7);
#16897 = AXIS2_PLACEMENT_2D('',#16898,#16899);
#16898 = CARTESIAN_POINT('',(7.304510112327E-08,44.389765860286));
#16899 = DIRECTION('',(1.,0.));
#16900 = ( GEOMETRIC_REPRESENTATION_CONTEXT(2) 
PARAMETRIC_REPRESENTATION_CONTEXT() REPRESENTATION_CONTEXT('2D SPACE',''
  ) );
#16901 = PCURVE('',#16772,#16902);
#16902 = DEFINITIONAL_REPRESENTATION('',(#16903),#16907);
#16903 = LINE('',#16904,#16905);
#16904 = CARTESIAN_POINT('',(0.,6.604));
#16905 = VECTOR('',#16906,1.);
#16906 = DIRECTION('',(1.,0.));
#16907 = ( GEOMETRIC_REPRESENTATION_CONTEXT(2) 
PARAMETRIC_REPRESENTATION_CONTEXT() REPRESENTATION_CONTEXT('2D SPACE',''
  ) );
#16908 = ADVANCED_FACE('',(#16909),#16501,.F.);
#16909 = FACE_BOUND('',#16910,.F.);
#16910 = EDGE_LOOP('',(#16911,#16932,#16933,#16934));
#16911 = ORIENTED_EDGE('',*,*,#16912,.T.);
#16912 = EDGE_CURVE('',#16673,#16813,#16913,.T.);
#16913 = SURFACE_CURVE('',#16914,(#16918,#16925),.PCURVE_S1.);
#16914 = LINE('',#16915,#16916);
#16915 = CARTESIAN_POINT('',(0.,142.875,0.));
#16916 = VECTOR('',#16917,25.4);
#16917 = DIRECTION('',(0.,0.,1.));
#16918 = PCURVE('',#16501,#16919);
#16919 = DEFINITIONAL_REPRESENTATION('',(#16920),#16924);
#16920 = LINE('',#16921,#16922);
#16921 = CARTESIAN_POINT('',(0.,0.));
#16922 = VECTOR('',#16923,1.);
#16923 = DIRECTION('',(0.,-1.));
#16924 = ( GEOMETRIC_REPRESENTATION_CONTEXT(2) 
PARAMETRIC_REPRESENTATION_CONTEXT() REPRESENTATION_CONTEXT('2D SPACE',''
  ) );
#16925 = PCURVE('',#16688,#16926);
#16926 = DEFINITIONAL_REPRESENTATION('',(#16927),#16931);
#16927 = LINE('',#16928,#16929);
#16928 = CARTESIAN_POINT('',(50.8,0.));
#16929 = VECTOR('',#16930,1.);
#16930 = DIRECTION('',(0.,-1.));
#16931 = ( GEOMETRIC_REPRESENTATION_CONTEXT(2) 
PARAMETRIC_REPRESENTATION_CONTEXT() REPRESENTATION_CONTEXT('2D SPACE',''
  ) );
#16932 = ORIENTED_EDGE('',*,*,#16835,.T.);
#16933 = ORIENTED_EDGE('',*,*,#16483,.F.);
#16934 = ORIENTED_EDGE('',*,*,#16700,.F.);
#16935 = ADVANCED_FACE('',(#16936),#16579,.F.);
#16936 = FACE_BOUND('',#16937,.F.);
#16937 = EDGE_LOOP('',(#16938,#16939,#16940,#16961));
#16938 = ORIENTED_EDGE('',*,*,#16561,.T.);
#16939 = ORIENTED_EDGE('',*,*,#16789,.T.);
#16940 = ORIENTED_EDGE('',*,*,#16941,.F.);
#16941 = EDGE_CURVE('',#16650,#16790,#16942,.T.);
#16942 = SURFACE_CURVE('',#16943,(#16947,#16954),.PCURVE_S1.);
#16943 = LINE('',#16944,#16945);
#16944 = CARTESIAN_POINT('',(50.8,142.875,0.));
#16945 = VECTOR('',#16946,25.4);
#16946 = DIRECTION('',(0.,0.,1.));
#16947 = PCURVE('',#16579,#16948);
#16948 = DEFINITIONAL_REPRESENTATION('',(#16949),#16953);
#16949 = LINE('',#16950,#16951);
#16950 = CARTESIAN_POINT('',(133.35,0.));
#16951 = VECTOR('',#16952,1.);
#16952 = DIRECTION('',(0.,-1.));
#16953 = ( GEOMETRIC_REPRESENTATION_CONTEXT(2) 
PARAMETRIC_REPRESENTATION_CONTEXT() REPRESENTATION_CONTEXT('2D SPACE',''
  ) );
#16954 = PCURVE('',#16688,#16955);
#16955 = DEFINITIONAL_REPRESENTATION('',(#16956),#16960);
#16956 = LINE('',#16957,#16958);
#16957 = CARTESIAN_POINT('',(0.,-0.));
#16958 = VECTOR('',#16959,1.);
#16959 = DIRECTION('',(0.,-1.));
#16960 = ( GEOMETRIC_REPRESENTATION_CONTEXT(2) 
PARAMETRIC_REPRESENTATION_CONTEXT() REPRESENTATION_CONTEXT('2D SPACE',''
  ) );
#16961 = ORIENTED_EDGE('',*,*,#16649,.F.);
#16962 = ADVANCED_FACE('',(#16963),#16688,.F.);
#16963 = FACE_BOUND('',#16964,.F.);
#16964 = EDGE_LOOP('',(#16965,#16966,#16967,#16968));
#16965 = ORIENTED_EDGE('',*,*,#16941,.T.);
#16966 = ORIENTED_EDGE('',*,*,#16812,.T.);
#16967 = ORIENTED_EDGE('',*,*,#16912,.F.);
#16968 = ORIENTED_EDGE('',*,*,#16672,.F.);
#16969 = ADVANCED_FACE('',(#16970),#16741,.F.);
#16970 = FACE_BOUND('',#16971,.F.);
#16971 = EDGE_LOOP('',(#16972,#16973,#16994,#16995));
#16972 = ORIENTED_EDGE('',*,*,#16859,.F.);
#16973 = ORIENTED_EDGE('',*,*,#16974,.F.);
#16974 = EDGE_CURVE('',#16725,#16860,#16975,.T.);
#16975 = SEAM_CURVE('',#16976,(#16980,#16987),.PCURVE_S1.);
#16976 = LINE('',#16977,#16978);
#16977 = CARTESIAN_POINT('',(38.1,31.75,-0.254));
#16978 = VECTOR('',#16979,25.4);
#16979 = DIRECTION('',(0.,0.,1.));
#16980 = PCURVE('',#16741,#16981);
#16981 = DEFINITIONAL_REPRESENTATION('',(#16982),#16986);
#16982 = LINE('',#16983,#16984);
#16983 = CARTESIAN_POINT('',(6.28318530718,-0.));
#16984 = VECTOR('',#16985,1.);
#16985 = DIRECTION('',(0.,1.));
#16986 = ( GEOMETRIC_REPRESENTATION_CONTEXT(2) 
PARAMETRIC_REPRESENTATION_CONTEXT() REPRESENTATION_CONTEXT('2D SPACE',''
  ) );
#16987 = PCURVE('',#16741,#16988);
#16988 = DEFINITIONAL_REPRESENTATION('',(#16989),#16993);
#16989 = LINE('',#16990,#16991);
#16990 = CARTESIAN_POINT('',(0.,-0.));
#16991 = VECTOR('',#16992,1.);
#16992 = DIRECTION('',(0.,1.));
#16993 = ( GEOMETRIC_REPRESENTATION_CONTEXT(2) 
PARAMETRIC_REPRESENTATION_CONTEXT() REPRESENTATION_CONTEXT('2D SPACE',''
  ) );
#16994 = ORIENTED_EDGE('',*,*,#16724,.T.);
#16995 = ORIENTED_EDGE('',*,*,#16974,.T.);
#16996 = ADVANCED_FACE('',(#16997),#16772,.F.);
#16997 = FACE_BOUND('',#16998,.F.);
#16998 = EDGE_LOOP('',(#16999,#17000,#17021,#17022));
#16999 = ORIENTED_EDGE('',*,*,#16885,.F.);
#17000 = ORIENTED_EDGE('',*,*,#17001,.F.);
#17001 = EDGE_CURVE('',#16756,#16886,#17002,.T.);
#17002 = SEAM_CURVE('',#17003,(#17007,#17014),.PCURVE_S1.);
#17003 = LINE('',#17004,#17005);
#17004 = CARTESIAN_POINT('',(38.1,117.475,-0.254));
#17005 = VECTOR('',#17006,25.4);
#17006 = DIRECTION('',(0.,0.,1.));
#17007 = PCURVE('',#16772,#17008);
#17008 = DEFINITIONAL_REPRESENTATION('',(#17009),#17013);
#17009 = LINE('',#17010,#17011);
#17010 = CARTESIAN_POINT('',(6.28318530718,-0.));
#17011 = VECTOR('',#17012,1.);
#17012 = DIRECTION('',(0.,1.));
#17013 = ( GEOMETRIC_REPRESENTATION_CONTEXT(2) 
PARAMETRIC_REPRESENTATION_CONTEXT() REPRESENTATION_CONTEXT('2D SPACE',''
  ) );
#17014 = PCURVE('',#16772,#17015);
#17015 = DEFINITIONAL_REPRESENTATION('',(#17016),#17020);
#17016 = LINE('',#17017,#17018);
#17017 = CARTESIAN_POINT('',(0.,-0.));
#17018 = VECTOR('',#17019,1.);
#17019 = DIRECTION('',(0.,1.));
#17020 = ( GEOMETRIC_REPRESENTATION_CONTEXT(2) 
PARAMETRIC_REPRESENTATION_CONTEXT() REPRESENTATION_CONTEXT('2D SPACE',''
  ) );
#17021 = ORIENTED_EDGE('',*,*,#16755,.T.);
#17022 = ORIENTED_EDGE('',*,*,#17001,.T.);
#17023 = ( GEOMETRIC_REPRESENTATION_CONTEXT(3) 
GLOBAL_UNCERTAINTY_ASSIGNED_CONTEXT((#17027)) 
GLOBAL_UNIT_ASSIGNED_CONTEXT((#17024,#17025,#17026)) 
REPRESENTATION_CONTEXT('Context #1',
  '3D Context with UNIT and UNCERTAINTY') );
#17024 = ( LENGTH_UNIT() NAMED_UNIT(*) SI_UNIT(.MILLI.,.METRE.) );
#17025 = ( NAMED_UNIT(*) PLANE_ANGLE_UNIT() SI_UNIT($,.RADIAN.) );
#17026 = ( NAMED_UNIT(*) SI_UNIT($,.STERADIAN.) SOLID_ANGLE_UNIT() );
#17027 = UNCERTAINTY_MEASURE_WITH_UNIT(LENGTH_MEASURE(2.54E-06),#17024,
  'distance_accuracy_value','confusion accuracy');
#17028 = CONTEXT_DEPENDENT_SHAPE_REPRESENTATION(#17029,#17031);
#17029 = ( REPRESENTATION_RELATIONSHIP('','',#16356,#10) 
REPRESENTATION_RELATIONSHIP_WITH_TRANSFORMATION(#17030) 
SHAPE_REPRESENTATION_RELATIONSHIP() );
#17030 = ITEM_DEFINED_TRANSFORMATION('','',#11,#155);
#17031 = PRODUCT_DEFINITION_SHAPE('Placement','Placement of an item',
  #17032);
#17032 = NEXT_ASSEMBLY_USAGE_OCCURRENCE('36','Wing','',#5,#16351,$);
#17033 = PRODUCT_RELATED_PRODUCT_CATEGORY('part',$,(#16353));
#17034 = SHAPE_DEFINITION_REPRESENTATION(#17035,#17041);
#17035 = PRODUCT_DEFINITION_SHAPE('','',#17036);
#17036 = PRODUCT_DEFINITION('design','',#17037,#17040);
#17037 = PRODUCT_DEFINITION_FORMATION('','',#17038);
#17038 = PRODUCT('Tail','Tail','',(#17039));
#17039 = PRODUCT_CONTEXT('',#2,'mechanical');
#17040 = PRODUCT_DEFINITION_CONTEXT('part definition',#2,'design');
#17041 = ADVANCED_BREP_SHAPE_REPRESENTATION('',(#11,#17042),#17616);
#17042 = MANIFOLD_SOLID_BREP('',#17043);
#17043 = CLOSED_SHELL('',(#17044,#17164,#17242,#17320,#17429,#17528,
    #17555,#17582,#17589));
#17044 = ADVANCED_FACE('',(#17045),#17059,.F.);
#17045 = FACE_BOUND('',#17046,.F.);
#17046 = EDGE_LOOP('',(#17047,#17082,#17110,#17138));
#17047 = ORIENTED_EDGE('',*,*,#17048,.T.);
#17048 = EDGE_CURVE('',#17049,#17051,#17053,.T.);
#17049 = VERTEX_POINT('',#17050);
#17050 = CARTESIAN_POINT('',(9.524999205113,0.,0.));
#17051 = VERTEX_POINT('',#17052);
#17052 = CARTESIAN_POINT('',(9.524999205113,0.,6.35));
#17053 = SURFACE_CURVE('',#17054,(#17058,#17070),.PCURVE_S1.);
#17054 = LINE('',#17055,#17056);
#17055 = CARTESIAN_POINT('',(9.524999205113,0.,0.));
#17056 = VECTOR('',#17057,25.4);
#17057 = DIRECTION('',(0.,0.,1.));
#17058 = PCURVE('',#17059,#17064);
#17059 = PLANE('',#17060);
#17060 = AXIS2_PLACEMENT_3D('',#17061,#17062,#17063);
#17061 = CARTESIAN_POINT('',(9.524999205113,0.,0.));
#17062 = DIRECTION('',(0.,1.,0.));
#17063 = DIRECTION('',(1.,0.,0.));
#17064 = DEFINITIONAL_REPRESENTATION('',(#17065),#17069);
#17065 = LINE('',#17066,#17067);
#17066 = CARTESIAN_POINT('',(1.409983241274E-15,0.));
#17067 = VECTOR('',#17068,1.);
#17068 = DIRECTION('',(0.,-1.));
#17069 = ( GEOMETRIC_REPRESENTATION_CONTEXT(2) 
PARAMETRIC_REPRESENTATION_CONTEXT() REPRESENTATION_CONTEXT('2D SPACE',''
  ) );
#17070 = PCURVE('',#17071,#17076);
#17071 = CYLINDRICAL_SURFACE('',#17072,9.525);
#17072 = AXIS2_PLACEMENT_3D('',#17073,#17074,#17075);
#17073 = CARTESIAN_POINT('',(9.524999205113,9.525,0.));
#17074 = DIRECTION('',(-0.,-0.,-1.));
#17075 = DIRECTION('',(1.,0.,0.));
#17076 = DEFINITIONAL_REPRESENTATION('',(#17077),#17081);
#17077 = LINE('',#17078,#17079);
#17078 = CARTESIAN_POINT('',(-4.712388980385,0.));
#17079 = VECTOR('',#17080,1.);
#17080 = DIRECTION('',(-0.,-1.));
#17081 = ( GEOMETRIC_REPRESENTATION_CONTEXT(2) 
PARAMETRIC_REPRESENTATION_CONTEXT() REPRESENTATION_CONTEXT('2D SPACE',''
  ) );
#17082 = ORIENTED_EDGE('',*,*,#17083,.T.);
#17083 = EDGE_CURVE('',#17051,#17084,#17086,.T.);
#17084 = VERTEX_POINT('',#17085);
#17085 = CARTESIAN_POINT('',(41.274999892538,0.,6.35));
#17086 = SURFACE_CURVE('',#17087,(#17091,#17098),.PCURVE_S1.);
#17087 = LINE('',#17088,#17089);
#17088 = CARTESIAN_POINT('',(0.,0.,6.35));
#17089 = VECTOR('',#17090,25.4);
#17090 = DIRECTION('',(1.,0.,0.));
#17091 = PCURVE('',#17059,#17092);
#17092 = DEFINITIONAL_REPRESENTATION('',(#17093),#17097);
#17093 = LINE('',#17094,#17095);
#17094 = CARTESIAN_POINT('',(-9.524999205113,-6.35));
#17095 = VECTOR('',#17096,1.);
#17096 = DIRECTION('',(1.,0.));
#17097 = ( GEOMETRIC_REPRESENTATION_CONTEXT(2) 
PARAMETRIC_REPRESENTATION_CONTEXT() REPRESENTATION_CONTEXT('2D SPACE',''
  ) );
#17098 = PCURVE('',#17099,#17104);
#17099 = PLANE('',#17100);
#17100 = AXIS2_PLACEMENT_3D('',#17101,#17102,#17103);
#17101 = CARTESIAN_POINT('',(25.399999900185,47.508770433278,6.35));
#17102 = DIRECTION('',(0.,0.,1.));
#17103 = DIRECTION('',(1.,0.,-0.));
#17104 = DEFINITIONAL_REPRESENTATION('',(#17105),#17109);
#17105 = LINE('',#17106,#17107);
#17106 = CARTESIAN_POINT('',(-25.39999990018,-47.50877043327));
#17107 = VECTOR('',#17108,1.);
#17108 = DIRECTION('',(1.,0.));
#17109 = ( GEOMETRIC_REPRESENTATION_CONTEXT(2) 
PARAMETRIC_REPRESENTATION_CONTEXT() REPRESENTATION_CONTEXT('2D SPACE',''
  ) );
#17110 = ORIENTED_EDGE('',*,*,#17111,.F.);
#17111 = EDGE_CURVE('',#17112,#17084,#17114,.T.);
#17112 = VERTEX_POINT('',#17113);
#17113 = CARTESIAN_POINT('',(41.274999892538,0.,0.));
#17114 = SURFACE_CURVE('',#17115,(#17119,#17126),.PCURVE_S1.);
#17115 = LINE('',#17116,#17117);
#17116 = CARTESIAN_POINT('',(41.274999892538,0.,0.));
#17117 = VECTOR('',#17118,25.4);
#17118 = DIRECTION('',(0.,0.,1.));
#17119 = PCURVE('',#17059,#17120);
#17120 = DEFINITIONAL_REPRESENTATION('',(#17121),#17125);
#17121 = LINE('',#17122,#17123);
#17122 = CARTESIAN_POINT('',(31.750000687426,0.));
#17123 = VECTOR('',#17124,1.);
#17124 = DIRECTION('',(0.,-1.));
#17125 = ( GEOMETRIC_REPRESENTATION_CONTEXT(2) 
PARAMETRIC_REPRESENTATION_CONTEXT() REPRESENTATION_CONTEXT('2D SPACE',''
  ) );
#17126 = PCURVE('',#17127,#17132);
#17127 = CYLINDRICAL_SURFACE('',#17128,9.525);
#17128 = AXIS2_PLACEMENT_3D('',#17129,#17130,#17131);
#17129 = CARTESIAN_POINT('',(41.274999892538,9.525,0.));
#17130 = DIRECTION('',(-0.,-0.,-1.));
#17131 = DIRECTION('',(1.,0.,0.));
#17132 = DEFINITIONAL_REPRESENTATION('',(#17133),#17137);
#17133 = LINE('',#17134,#17135);
#17134 = CARTESIAN_POINT('',(-4.712388980385,0.));
#17135 = VECTOR('',#17136,1.);
#17136 = DIRECTION('',(-0.,-1.));
#17137 = ( GEOMETRIC_REPRESENTATION_CONTEXT(2) 
PARAMETRIC_REPRESENTATION_CONTEXT() REPRESENTATION_CONTEXT('2D SPACE',''
  ) );
#17138 = ORIENTED_EDGE('',*,*,#17139,.F.);
#17139 = EDGE_CURVE('',#17049,#17112,#17140,.T.);
#17140 = SURFACE_CURVE('',#17141,(#17145,#17152),.PCURVE_S1.);
#17141 = LINE('',#17142,#17143);
#17142 = CARTESIAN_POINT('',(0.,0.,0.));
#17143 = VECTOR('',#17144,25.4);
#17144 = DIRECTION('',(1.,0.,0.));
#17145 = PCURVE('',#17059,#17146);
#17146 = DEFINITIONAL_REPRESENTATION('',(#17147),#17151);
#17147 = LINE('',#17148,#17149);
#17148 = CARTESIAN_POINT('',(-9.524999205113,0.));
#17149 = VECTOR('',#17150,1.);
#17150 = DIRECTION('',(1.,0.));
#17151 = ( GEOMETRIC_REPRESENTATION_CONTEXT(2) 
PARAMETRIC_REPRESENTATION_CONTEXT() REPRESENTATION_CONTEXT('2D SPACE',''
  ) );
#17152 = PCURVE('',#17153,#17158);
#17153 = PLANE('',#17154);
#17154 = AXIS2_PLACEMENT_3D('',#17155,#17156,#17157);
#17155 = CARTESIAN_POINT('',(25.399999900185,47.508770433278,0.));
#17156 = DIRECTION('',(0.,0.,1.));
#17157 = DIRECTION('',(1.,0.,-0.));
#17158 = DEFINITIONAL_REPRESENTATION('',(#17159),#17163);
#17159 = LINE('',#17160,#17161);
#17160 = CARTESIAN_POINT('',(-25.39999990018,-47.50877043327));
#17161 = VECTOR('',#17162,1.);
#17162 = DIRECTION('',(1.,0.));
#17163 = ( GEOMETRIC_REPRESENTATION_CONTEXT(2) 
PARAMETRIC_REPRESENTATION_CONTEXT() REPRESENTATION_CONTEXT('2D SPACE',''
  ) );
#17164 = ADVANCED_FACE('',(#17165),#17071,.T.);
#17165 = FACE_BOUND('',#17166,.F.);
#17166 = EDGE_LOOP('',(#17167,#17197,#17219,#17220));
#17167 = ORIENTED_EDGE('',*,*,#17168,.T.);
#17168 = EDGE_CURVE('',#17169,#17171,#17173,.T.);
#17169 = VERTEX_POINT('',#17170);
#17170 = CARTESIAN_POINT('',(-3.974437411181E-07,9.525,0.));
#17171 = VERTEX_POINT('',#17172);
#17172 = CARTESIAN_POINT('',(-3.974437411181E-07,9.525,6.35));
#17173 = SURFACE_CURVE('',#17174,(#17178,#17185),.PCURVE_S1.);
#17174 = LINE('',#17175,#17176);
#17175 = CARTESIAN_POINT('',(-3.974437411181E-07,9.525,0.));
#17176 = VECTOR('',#17177,25.4);
#17177 = DIRECTION('',(0.,0.,1.));
#17178 = PCURVE('',#17071,#17179);
#17179 = DEFINITIONAL_REPRESENTATION('',(#17180),#17184);
#17180 = LINE('',#17181,#17182);
#17181 = CARTESIAN_POINT('',(-3.14159265359,0.));
#17182 = VECTOR('',#17183,1.);
#17183 = DIRECTION('',(-0.,-1.));
#17184 = ( GEOMETRIC_REPRESENTATION_CONTEXT(2) 
PARAMETRIC_REPRESENTATION_CONTEXT() REPRESENTATION_CONTEXT('2D SPACE',''
  ) );
#17185 = PCURVE('',#17186,#17191);
#17186 = PLANE('',#17187);
#17187 = AXIS2_PLACEMENT_3D('',#17188,#17189,#17190);
#17188 = CARTESIAN_POINT('',(0.,92.075,0.));
#17189 = DIRECTION('',(1.,0.,-0.));
#17190 = DIRECTION('',(0.,-1.,0.));
#17191 = DEFINITIONAL_REPRESENTATION('',(#17192),#17196);
#17192 = LINE('',#17193,#17194);
#17193 = CARTESIAN_POINT('',(82.55,0.));
#17194 = VECTOR('',#17195,1.);
#17195 = DIRECTION('',(0.,-1.));
#17196 = ( GEOMETRIC_REPRESENTATION_CONTEXT(2) 
PARAMETRIC_REPRESENTATION_CONTEXT() REPRESENTATION_CONTEXT('2D SPACE',''
  ) );
#17197 = ORIENTED_EDGE('',*,*,#17198,.T.);
#17198 = EDGE_CURVE('',#17171,#17051,#17199,.T.);
#17199 = SURFACE_CURVE('',#17200,(#17205,#17212),.PCURVE_S1.);
#17200 = CIRCLE('',#17201,9.525);
#17201 = AXIS2_PLACEMENT_3D('',#17202,#17203,#17204);
#17202 = CARTESIAN_POINT('',(9.524999205113,9.525,6.35));
#17203 = DIRECTION('',(0.,0.,1.));
#17204 = DIRECTION('',(1.,0.,0.));
#17205 = PCURVE('',#17071,#17206);
#17206 = DEFINITIONAL_REPRESENTATION('',(#17207),#17211);
#17207 = LINE('',#17208,#17209);
#17208 = CARTESIAN_POINT('',(-0.,-6.35));
#17209 = VECTOR('',#17210,1.);
#17210 = DIRECTION('',(-1.,0.));
#17211 = ( GEOMETRIC_REPRESENTATION_CONTEXT(2) 
PARAMETRIC_REPRESENTATION_CONTEXT() REPRESENTATION_CONTEXT('2D SPACE',''
  ) );
#17212 = PCURVE('',#17099,#17213);
#17213 = DEFINITIONAL_REPRESENTATION('',(#17214),#17218);
#17214 = CIRCLE('',#17215,9.525);
#17215 = AXIS2_PLACEMENT_2D('',#17216,#17217);
#17216 = CARTESIAN_POINT('',(-15.87500069507,-37.98377043327));
#17217 = DIRECTION('',(1.,0.));
#17218 = ( GEOMETRIC_REPRESENTATION_CONTEXT(2) 
PARAMETRIC_REPRESENTATION_CONTEXT() REPRESENTATION_CONTEXT('2D SPACE',''
  ) );
#17219 = ORIENTED_EDGE('',*,*,#17048,.F.);
#17220 = ORIENTED_EDGE('',*,*,#17221,.F.);
#17221 = EDGE_CURVE('',#17169,#17049,#17222,.T.);
#17222 = SURFACE_CURVE('',#17223,(#17228,#17235),.PCURVE_S1.);
#17223 = CIRCLE('',#17224,9.525);
#17224 = AXIS2_PLACEMENT_3D('',#17225,#17226,#17227);
#17225 = CARTESIAN_POINT('',(9.524999205113,9.525,0.));
#17226 = DIRECTION('',(0.,0.,1.));
#17227 = DIRECTION('',(1.,0.,0.));
#17228 = PCURVE('',#17071,#17229);
#17229 = DEFINITIONAL_REPRESENTATION('',(#17230),#17234);
#17230 = LINE('',#17231,#17232);
#17231 = CARTESIAN_POINT('',(-0.,0.));
#17232 = VECTOR('',#17233,1.);
#17233 = DIRECTION('',(-1.,0.));
#17234 = ( GEOMETRIC_REPRESENTATION_CONTEXT(2) 
PARAMETRIC_REPRESENTATION_CONTEXT() REPRESENTATION_CONTEXT('2D SPACE',''
  ) );
#17235 = PCURVE('',#17153,#17236);
#17236 = DEFINITIONAL_REPRESENTATION('',(#17237),#17241);
#17237 = CIRCLE('',#17238,9.525);
#17238 = AXIS2_PLACEMENT_2D('',#17239,#17240);
#17239 = CARTESIAN_POINT('',(-15.87500069507,-37.98377043327));
#17240 = DIRECTION('',(1.,0.));
#17241 = ( GEOMETRIC_REPRESENTATION_CONTEXT(2) 
PARAMETRIC_REPRESENTATION_CONTEXT() REPRESENTATION_CONTEXT('2D SPACE',''
  ) );
#17242 = ADVANCED_FACE('',(#17243),#17127,.T.);
#17243 = FACE_BOUND('',#17244,.F.);
#17244 = EDGE_LOOP('',(#17245,#17246,#17270,#17298));
#17245 = ORIENTED_EDGE('',*,*,#17111,.T.);
#17246 = ORIENTED_EDGE('',*,*,#17247,.T.);
#17247 = EDGE_CURVE('',#17084,#17248,#17250,.T.);
#17248 = VERTEX_POINT('',#17249);
#17249 = CARTESIAN_POINT('',(50.799999946269,9.525,6.35));
#17250 = SURFACE_CURVE('',#17251,(#17256,#17263),.PCURVE_S1.);
#17251 = CIRCLE('',#17252,9.525);
#17252 = AXIS2_PLACEMENT_3D('',#17253,#17254,#17255);
#17253 = CARTESIAN_POINT('',(41.274999892538,9.525,6.35));
#17254 = DIRECTION('',(0.,0.,1.));
#17255 = DIRECTION('',(1.,0.,0.));
#17256 = PCURVE('',#17127,#17257);
#17257 = DEFINITIONAL_REPRESENTATION('',(#17258),#17262);
#17258 = LINE('',#17259,#17260);
#17259 = CARTESIAN_POINT('',(-0.,-6.35));
#17260 = VECTOR('',#17261,1.);
#17261 = DIRECTION('',(-1.,0.));
#17262 = ( GEOMETRIC_REPRESENTATION_CONTEXT(2) 
PARAMETRIC_REPRESENTATION_CONTEXT() REPRESENTATION_CONTEXT('2D SPACE',''
  ) );
#17263 = PCURVE('',#17099,#17264);
#17264 = DEFINITIONAL_REPRESENTATION('',(#17265),#17269);
#17265 = CIRCLE('',#17266,9.525);
#17266 = AXIS2_PLACEMENT_2D('',#17267,#17268);
#17267 = CARTESIAN_POINT('',(15.874999992353,-37.98377043327));
#17268 = DIRECTION('',(1.,0.));
#17269 = ( GEOMETRIC_REPRESENTATION_CONTEXT(2) 
PARAMETRIC_REPRESENTATION_CONTEXT() REPRESENTATION_CONTEXT('2D SPACE',''
  ) );
#17270 = ORIENTED_EDGE('',*,*,#17271,.F.);
#17271 = EDGE_CURVE('',#17272,#17248,#17274,.T.);
#17272 = VERTEX_POINT('',#17273);
#17273 = CARTESIAN_POINT('',(50.799999946269,9.525,0.));
#17274 = SURFACE_CURVE('',#17275,(#17279,#17286),.PCURVE_S1.);
#17275 = LINE('',#17276,#17277);
#17276 = CARTESIAN_POINT('',(50.799999946269,9.525,0.));
#17277 = VECTOR('',#17278,25.4);
#17278 = DIRECTION('',(0.,0.,1.));
#17279 = PCURVE('',#17127,#17280);
#17280 = DEFINITIONAL_REPRESENTATION('',(#17281),#17285);
#17281 = LINE('',#17282,#17283);
#17282 = CARTESIAN_POINT('',(-6.28318530718,0.));
#17283 = VECTOR('',#17284,1.);
#17284 = DIRECTION('',(-0.,-1.));
#17285 = ( GEOMETRIC_REPRESENTATION_CONTEXT(2) 
PARAMETRIC_REPRESENTATION_CONTEXT() REPRESENTATION_CONTEXT('2D SPACE',''
  ) );
#17286 = PCURVE('',#17287,#17292);
#17287 = PLANE('',#17288);
#17288 = AXIS2_PLACEMENT_3D('',#17289,#17290,#17291);
#17289 = CARTESIAN_POINT('',(50.8,9.525,0.));
#17290 = DIRECTION('',(-1.,0.,0.));
#17291 = DIRECTION('',(0.,1.,0.));
#17292 = DEFINITIONAL_REPRESENTATION('',(#17293),#17297);
#17293 = LINE('',#17294,#17295);
#17294 = CARTESIAN_POINT('',(0.,0.));
#17295 = VECTOR('',#17296,1.);
#17296 = DIRECTION('',(0.,-1.));
#17297 = ( GEOMETRIC_REPRESENTATION_CONTEXT(2) 
PARAMETRIC_REPRESENTATION_CONTEXT() REPRESENTATION_CONTEXT('2D SPACE',''
  ) );
#17298 = ORIENTED_EDGE('',*,*,#17299,.F.);
#17299 = EDGE_CURVE('',#17112,#17272,#17300,.T.);
#17300 = SURFACE_CURVE('',#17301,(#17306,#17313),.PCURVE_S1.);
#17301 = CIRCLE('',#17302,9.525);
#17302 = AXIS2_PLACEMENT_3D('',#17303,#17304,#17305);
#17303 = CARTESIAN_POINT('',(41.274999892538,9.525,0.));
#17304 = DIRECTION('',(0.,0.,1.));
#17305 = DIRECTION('',(1.,0.,0.));
#17306 = PCURVE('',#17127,#17307);
#17307 = DEFINITIONAL_REPRESENTATION('',(#17308),#17312);
#17308 = LINE('',#17309,#17310);
#17309 = CARTESIAN_POINT('',(-0.,0.));
#17310 = VECTOR('',#17311,1.);
#17311 = DIRECTION('',(-1.,0.));
#17312 = ( GEOMETRIC_REPRESENTATION_CONTEXT(2) 
PARAMETRIC_REPRESENTATION_CONTEXT() REPRESENTATION_CONTEXT('2D SPACE',''
  ) );
#17313 = PCURVE('',#17153,#17314);
#17314 = DEFINITIONAL_REPRESENTATION('',(#17315),#17319);
#17315 = CIRCLE('',#17316,9.525);
#17316 = AXIS2_PLACEMENT_2D('',#17317,#17318);
#17317 = CARTESIAN_POINT('',(15.874999992353,-37.98377043327));
#17318 = DIRECTION('',(1.,0.));
#17319 = ( GEOMETRIC_REPRESENTATION_CONTEXT(2) 
PARAMETRIC_REPRESENTATION_CONTEXT() REPRESENTATION_CONTEXT('2D SPACE',''
  ) );
#17320 = ADVANCED_FACE('',(#17321,#17398),#17153,.F.);
#17321 = FACE_BOUND('',#17322,.F.);
#17322 = EDGE_LOOP('',(#17323,#17324,#17325,#17348,#17376,#17397));
#17323 = ORIENTED_EDGE('',*,*,#17139,.T.);
#17324 = ORIENTED_EDGE('',*,*,#17299,.T.);
#17325 = ORIENTED_EDGE('',*,*,#17326,.T.);
#17326 = EDGE_CURVE('',#17272,#17327,#17329,.T.);
#17327 = VERTEX_POINT('',#17328);
#17328 = CARTESIAN_POINT('',(50.8,92.075,0.));
#17329 = SURFACE_CURVE('',#17330,(#17334,#17341),.PCURVE_S1.);
#17330 = LINE('',#17331,#17332);
#17331 = CARTESIAN_POINT('',(50.8,0.,0.));
#17332 = VECTOR('',#17333,25.4);
#17333 = DIRECTION('',(0.,1.,0.));
#17334 = PCURVE('',#17153,#17335);
#17335 = DEFINITIONAL_REPRESENTATION('',(#17336),#17340);
#17336 = LINE('',#17337,#17338);
#17337 = CARTESIAN_POINT('',(25.400000099815,-47.50877043327));
#17338 = VECTOR('',#17339,1.);
#17339 = DIRECTION('',(0.,1.));
#17340 = ( GEOMETRIC_REPRESENTATION_CONTEXT(2) 
PARAMETRIC_REPRESENTATION_CONTEXT() REPRESENTATION_CONTEXT('2D SPACE',''
  ) );
#17341 = PCURVE('',#17287,#17342);
#17342 = DEFINITIONAL_REPRESENTATION('',(#17343),#17347);
#17343 = LINE('',#17344,#17345);
#17344 = CARTESIAN_POINT('',(-9.525,0.));
#17345 = VECTOR('',#17346,1.);
#17346 = DIRECTION('',(1.,0.));
#17347 = ( GEOMETRIC_REPRESENTATION_CONTEXT(2) 
PARAMETRIC_REPRESENTATION_CONTEXT() REPRESENTATION_CONTEXT('2D SPACE',''
  ) );
#17348 = ORIENTED_EDGE('',*,*,#17349,.T.);
#17349 = EDGE_CURVE('',#17327,#17350,#17352,.T.);
#17350 = VERTEX_POINT('',#17351);
#17351 = CARTESIAN_POINT('',(0.,92.075,0.));
#17352 = SURFACE_CURVE('',#17353,(#17357,#17364),.PCURVE_S1.);
#17353 = LINE('',#17354,#17355);
#17354 = CARTESIAN_POINT('',(50.8,92.075,0.));
#17355 = VECTOR('',#17356,25.4);
#17356 = DIRECTION('',(-1.,0.,0.));
#17357 = PCURVE('',#17153,#17358);
#17358 = DEFINITIONAL_REPRESENTATION('',(#17359),#17363);
#17359 = LINE('',#17360,#17361);
#17360 = CARTESIAN_POINT('',(25.400000099815,44.566229566722));
#17361 = VECTOR('',#17362,1.);
#17362 = DIRECTION('',(-1.,0.));
#17363 = ( GEOMETRIC_REPRESENTATION_CONTEXT(2) 
PARAMETRIC_REPRESENTATION_CONTEXT() REPRESENTATION_CONTEXT('2D SPACE',''
  ) );
#17364 = PCURVE('',#17365,#17370);
#17365 = PLANE('',#17366);
#17366 = AXIS2_PLACEMENT_3D('',#17367,#17368,#17369);
#17367 = CARTESIAN_POINT('',(50.8,92.075,0.));
#17368 = DIRECTION('',(0.,-1.,0.));
#17369 = DIRECTION('',(-1.,0.,0.));
#17370 = DEFINITIONAL_REPRESENTATION('',(#17371),#17375);
#17371 = LINE('',#17372,#17373);
#17372 = CARTESIAN_POINT('',(0.,-0.));
#17373 = VECTOR('',#17374,1.);
#17374 = DIRECTION('',(1.,0.));
#17375 = ( GEOMETRIC_REPRESENTATION_CONTEXT(2) 
PARAMETRIC_REPRESENTATION_CONTEXT() REPRESENTATION_CONTEXT('2D SPACE',''
  ) );
#17376 = ORIENTED_EDGE('',*,*,#17377,.T.);
#17377 = EDGE_CURVE('',#17350,#17169,#17378,.T.);
#17378 = SURFACE_CURVE('',#17379,(#17383,#17390),.PCURVE_S1.);
#17379 = LINE('',#17380,#17381);
#17380 = CARTESIAN_POINT('',(0.,92.075,0.));
#17381 = VECTOR('',#17382,25.4);
#17382 = DIRECTION('',(0.,-1.,0.));
#17383 = PCURVE('',#17153,#17384);
#17384 = DEFINITIONAL_REPRESENTATION('',(#17385),#17389);
#17385 = LINE('',#17386,#17387);
#17386 = CARTESIAN_POINT('',(-25.39999990018,44.566229566722));
#17387 = VECTOR('',#17388,1.);
#17388 = DIRECTION('',(0.,-1.));
#17389 = ( GEOMETRIC_REPRESENTATION_CONTEXT(2) 
PARAMETRIC_REPRESENTATION_CONTEXT() REPRESENTATION_CONTEXT('2D SPACE',''
  ) );
#17390 = PCURVE('',#17186,#17391);
#17391 = DEFINITIONAL_REPRESENTATION('',(#17392),#17396);
#17392 = LINE('',#17393,#17394);
#17393 = CARTESIAN_POINT('',(0.,0.));
#17394 = VECTOR('',#17395,1.);
#17395 = DIRECTION('',(1.,0.));
#17396 = ( GEOMETRIC_REPRESENTATION_CONTEXT(2) 
PARAMETRIC_REPRESENTATION_CONTEXT() REPRESENTATION_CONTEXT('2D SPACE',''
  ) );
#17397 = ORIENTED_EDGE('',*,*,#17221,.T.);
#17398 = FACE_BOUND('',#17399,.F.);
#17399 = EDGE_LOOP('',(#17400));
#17400 = ORIENTED_EDGE('',*,*,#17401,.F.);
#17401 = EDGE_CURVE('',#17402,#17402,#17404,.T.);
#17402 = VERTEX_POINT('',#17403);
#17403 = CARTESIAN_POINT('',(38.1,31.75,0.));
#17404 = SURFACE_CURVE('',#17405,(#17410,#17417),.PCURVE_S1.);
#17405 = CIRCLE('',#17406,12.7);
#17406 = AXIS2_PLACEMENT_3D('',#17407,#17408,#17409);
#17407 = CARTESIAN_POINT('',(25.4,31.75,0.));
#17408 = DIRECTION('',(0.,0.,1.));
#17409 = DIRECTION('',(1.,0.,-0.));
#17410 = PCURVE('',#17153,#17411);
#17411 = DEFINITIONAL_REPRESENTATION('',(#17412),#17416);
#17412 = CIRCLE('',#17413,12.7);
#17413 = AXIS2_PLACEMENT_2D('',#17414,#17415);
#17414 = CARTESIAN_POINT('',(9.981457764763E-08,-15.75877043327));
#17415 = DIRECTION('',(1.,0.));
#17416 = ( GEOMETRIC_REPRESENTATION_CONTEXT(2) 
PARAMETRIC_REPRESENTATION_CONTEXT() REPRESENTATION_CONTEXT('2D SPACE',''
  ) );
#17417 = PCURVE('',#17418,#17423);
#17418 = CYLINDRICAL_SURFACE('',#17419,12.7);
#17419 = AXIS2_PLACEMENT_3D('',#17420,#17421,#17422);
#17420 = CARTESIAN_POINT('',(25.4,31.75,-0.254));
#17421 = DIRECTION('',(0.,0.,1.));
#17422 = DIRECTION('',(1.,0.,-0.));
#17423 = DEFINITIONAL_REPRESENTATION('',(#17424),#17428);
#17424 = LINE('',#17425,#17426);
#17425 = CARTESIAN_POINT('',(0.,0.254));
#17426 = VECTOR('',#17427,1.);
#17427 = DIRECTION('',(1.,0.));
#17428 = ( GEOMETRIC_REPRESENTATION_CONTEXT(2) 
PARAMETRIC_REPRESENTATION_CONTEXT() REPRESENTATION_CONTEXT('2D SPACE',''
  ) );
#17429 = ADVANCED_FACE('',(#17430,#17502),#17099,.T.);
#17430 = FACE_BOUND('',#17431,.T.);
#17431 = EDGE_LOOP('',(#17432,#17433,#17434,#17457,#17480,#17501));
#17432 = ORIENTED_EDGE('',*,*,#17083,.T.);
#17433 = ORIENTED_EDGE('',*,*,#17247,.T.);
#17434 = ORIENTED_EDGE('',*,*,#17435,.T.);
#17435 = EDGE_CURVE('',#17248,#17436,#17438,.T.);
#17436 = VERTEX_POINT('',#17437);
#17437 = CARTESIAN_POINT('',(50.8,92.075,6.35));
#17438 = SURFACE_CURVE('',#17439,(#17443,#17450),.PCURVE_S1.);
#17439 = LINE('',#17440,#17441);
#17440 = CARTESIAN_POINT('',(50.8,0.,6.35));
#17441 = VECTOR('',#17442,25.4);
#17442 = DIRECTION('',(0.,1.,0.));
#17443 = PCURVE('',#17099,#17444);
#17444 = DEFINITIONAL_REPRESENTATION('',(#17445),#17449);
#17445 = LINE('',#17446,#17447);
#17446 = CARTESIAN_POINT('',(25.400000099815,-47.50877043327));
#17447 = VECTOR('',#17448,1.);
#17448 = DIRECTION('',(0.,1.));
#17449 = ( GEOMETRIC_REPRESENTATION_CONTEXT(2) 
PARAMETRIC_REPRESENTATION_CONTEXT() REPRESENTATION_CONTEXT('2D SPACE',''
  ) );
#17450 = PCURVE('',#17287,#17451);
#17451 = DEFINITIONAL_REPRESENTATION('',(#17452),#17456);
#17452 = LINE('',#17453,#17454);
#17453 = CARTESIAN_POINT('',(-9.525,-6.35));
#17454 = VECTOR('',#17455,1.);
#17455 = DIRECTION('',(1.,0.));
#17456 = ( GEOMETRIC_REPRESENTATION_CONTEXT(2) 
PARAMETRIC_REPRESENTATION_CONTEXT() REPRESENTATION_CONTEXT('2D SPACE',''
  ) );
#17457 = ORIENTED_EDGE('',*,*,#17458,.T.);
#17458 = EDGE_CURVE('',#17436,#17459,#17461,.T.);
#17459 = VERTEX_POINT('',#17460);
#17460 = CARTESIAN_POINT('',(0.,92.075,6.35));
#17461 = SURFACE_CURVE('',#17462,(#17466,#17473),.PCURVE_S1.);
#17462 = LINE('',#17463,#17464);
#17463 = CARTESIAN_POINT('',(50.8,92.075,6.35));
#17464 = VECTOR('',#17465,25.4);
#17465 = DIRECTION('',(-1.,0.,0.));
#17466 = PCURVE('',#17099,#17467);
#17467 = DEFINITIONAL_REPRESENTATION('',(#17468),#17472);
#17468 = LINE('',#17469,#17470);
#17469 = CARTESIAN_POINT('',(25.400000099815,44.566229566722));
#17470 = VECTOR('',#17471,1.);
#17471 = DIRECTION('',(-1.,0.));
#17472 = ( GEOMETRIC_REPRESENTATION_CONTEXT(2) 
PARAMETRIC_REPRESENTATION_CONTEXT() REPRESENTATION_CONTEXT('2D SPACE',''
  ) );
#17473 = PCURVE('',#17365,#17474);
#17474 = DEFINITIONAL_REPRESENTATION('',(#17475),#17479);
#17475 = LINE('',#17476,#17477);
#17476 = CARTESIAN_POINT('',(0.,-6.35));
#17477 = VECTOR('',#17478,1.);
#17478 = DIRECTION('',(1.,0.));
#17479 = ( GEOMETRIC_REPRESENTATION_CONTEXT(2) 
PARAMETRIC_REPRESENTATION_CONTEXT() REPRESENTATION_CONTEXT('2D SPACE',''
  ) );
#17480 = ORIENTED_EDGE('',*,*,#17481,.T.);
#17481 = EDGE_CURVE('',#17459,#17171,#17482,.T.);
#17482 = SURFACE_CURVE('',#17483,(#17487,#17494),.PCURVE_S1.);
#17483 = LINE('',#17484,#17485);
#17484 = CARTESIAN_POINT('',(0.,92.075,6.35));
#17485 = VECTOR('',#17486,25.4);
#17486 = DIRECTION('',(0.,-1.,0.));
#17487 = PCURVE('',#17099,#17488);
#17488 = DEFINITIONAL_REPRESENTATION('',(#17489),#17493);
#17489 = LINE('',#17490,#17491);
#17490 = CARTESIAN_POINT('',(-25.39999990018,44.566229566722));
#17491 = VECTOR('',#17492,1.);
#17492 = DIRECTION('',(0.,-1.));
#17493 = ( GEOMETRIC_REPRESENTATION_CONTEXT(2) 
PARAMETRIC_REPRESENTATION_CONTEXT() REPRESENTATION_CONTEXT('2D SPACE',''
  ) );
#17494 = PCURVE('',#17186,#17495);
#17495 = DEFINITIONAL_REPRESENTATION('',(#17496),#17500);
#17496 = LINE('',#17497,#17498);
#17497 = CARTESIAN_POINT('',(0.,-6.35));
#17498 = VECTOR('',#17499,1.);
#17499 = DIRECTION('',(1.,0.));
#17500 = ( GEOMETRIC_REPRESENTATION_CONTEXT(2) 
PARAMETRIC_REPRESENTATION_CONTEXT() REPRESENTATION_CONTEXT('2D SPACE',''
  ) );
#17501 = ORIENTED_EDGE('',*,*,#17198,.T.);
#17502 = FACE_BOUND('',#17503,.T.);
#17503 = EDGE_LOOP('',(#17504));
#17504 = ORIENTED_EDGE('',*,*,#17505,.F.);
#17505 = EDGE_CURVE('',#17506,#17506,#17508,.T.);
#17506 = VERTEX_POINT('',#17507);
#17507 = CARTESIAN_POINT('',(38.1,31.75,6.35));
#17508 = SURFACE_CURVE('',#17509,(#17514,#17521),.PCURVE_S1.);
#17509 = CIRCLE('',#17510,12.7);
#17510 = AXIS2_PLACEMENT_3D('',#17511,#17512,#17513);
#17511 = CARTESIAN_POINT('',(25.4,31.75,6.35));
#17512 = DIRECTION('',(0.,0.,1.));
#17513 = DIRECTION('',(1.,0.,-0.));
#17514 = PCURVE('',#17099,#17515);
#17515 = DEFINITIONAL_REPRESENTATION('',(#17516),#17520);
#17516 = CIRCLE('',#17517,12.7);
#17517 = AXIS2_PLACEMENT_2D('',#17518,#17519);
#17518 = CARTESIAN_POINT('',(9.981457764763E-08,-15.75877043327));
#17519 = DIRECTION('',(1.,0.));
#17520 = ( GEOMETRIC_REPRESENTATION_CONTEXT(2) 
PARAMETRIC_REPRESENTATION_CONTEXT() REPRESENTATION_CONTEXT('2D SPACE',''
  ) );
#17521 = PCURVE('',#17418,#17522);
#17522 = DEFINITIONAL_REPRESENTATION('',(#17523),#17527);
#17523 = LINE('',#17524,#17525);
#17524 = CARTESIAN_POINT('',(0.,6.604));
#17525 = VECTOR('',#17526,1.);
#17526 = DIRECTION('',(1.,0.));
#17527 = ( GEOMETRIC_REPRESENTATION_CONTEXT(2) 
PARAMETRIC_REPRESENTATION_CONTEXT() REPRESENTATION_CONTEXT('2D SPACE',''
  ) );
#17528 = ADVANCED_FACE('',(#17529),#17186,.F.);
#17529 = FACE_BOUND('',#17530,.F.);
#17530 = EDGE_LOOP('',(#17531,#17552,#17553,#17554));
#17531 = ORIENTED_EDGE('',*,*,#17532,.T.);
#17532 = EDGE_CURVE('',#17350,#17459,#17533,.T.);
#17533 = SURFACE_CURVE('',#17534,(#17538,#17545),.PCURVE_S1.);
#17534 = LINE('',#17535,#17536);
#17535 = CARTESIAN_POINT('',(0.,92.075,0.));
#17536 = VECTOR('',#17537,25.4);
#17537 = DIRECTION('',(0.,0.,1.));
#17538 = PCURVE('',#17186,#17539);
#17539 = DEFINITIONAL_REPRESENTATION('',(#17540),#17544);
#17540 = LINE('',#17541,#17542);
#17541 = CARTESIAN_POINT('',(0.,0.));
#17542 = VECTOR('',#17543,1.);
#17543 = DIRECTION('',(0.,-1.));
#17544 = ( GEOMETRIC_REPRESENTATION_CONTEXT(2) 
PARAMETRIC_REPRESENTATION_CONTEXT() REPRESENTATION_CONTEXT('2D SPACE',''
  ) );
#17545 = PCURVE('',#17365,#17546);
#17546 = DEFINITIONAL_REPRESENTATION('',(#17547),#17551);
#17547 = LINE('',#17548,#17549);
#17548 = CARTESIAN_POINT('',(50.8,0.));
#17549 = VECTOR('',#17550,1.);
#17550 = DIRECTION('',(0.,-1.));
#17551 = ( GEOMETRIC_REPRESENTATION_CONTEXT(2) 
PARAMETRIC_REPRESENTATION_CONTEXT() REPRESENTATION_CONTEXT('2D SPACE',''
  ) );
#17552 = ORIENTED_EDGE('',*,*,#17481,.T.);
#17553 = ORIENTED_EDGE('',*,*,#17168,.F.);
#17554 = ORIENTED_EDGE('',*,*,#17377,.F.);
#17555 = ADVANCED_FACE('',(#17556),#17287,.F.);
#17556 = FACE_BOUND('',#17557,.F.);
#17557 = EDGE_LOOP('',(#17558,#17559,#17560,#17581));
#17558 = ORIENTED_EDGE('',*,*,#17271,.T.);
#17559 = ORIENTED_EDGE('',*,*,#17435,.T.);
#17560 = ORIENTED_EDGE('',*,*,#17561,.F.);
#17561 = EDGE_CURVE('',#17327,#17436,#17562,.T.);
#17562 = SURFACE_CURVE('',#17563,(#17567,#17574),.PCURVE_S1.);
#17563 = LINE('',#17564,#17565);
#17564 = CARTESIAN_POINT('',(50.8,92.075,0.));
#17565 = VECTOR('',#17566,25.4);
#17566 = DIRECTION('',(0.,0.,1.));
#17567 = PCURVE('',#17287,#17568);
#17568 = DEFINITIONAL_REPRESENTATION('',(#17569),#17573);
#17569 = LINE('',#17570,#17571);
#17570 = CARTESIAN_POINT('',(82.55,0.));
#17571 = VECTOR('',#17572,1.);
#17572 = DIRECTION('',(0.,-1.));
#17573 = ( GEOMETRIC_REPRESENTATION_CONTEXT(2) 
PARAMETRIC_REPRESENTATION_CONTEXT() REPRESENTATION_CONTEXT('2D SPACE',''
  ) );
#17574 = PCURVE('',#17365,#17575);
#17575 = DEFINITIONAL_REPRESENTATION('',(#17576),#17580);
#17576 = LINE('',#17577,#17578);
#17577 = CARTESIAN_POINT('',(0.,-0.));
#17578 = VECTOR('',#17579,1.);
#17579 = DIRECTION('',(0.,-1.));
#17580 = ( GEOMETRIC_REPRESENTATION_CONTEXT(2) 
PARAMETRIC_REPRESENTATION_CONTEXT() REPRESENTATION_CONTEXT('2D SPACE',''
  ) );
#17581 = ORIENTED_EDGE('',*,*,#17326,.F.);
#17582 = ADVANCED_FACE('',(#17583),#17365,.F.);
#17583 = FACE_BOUND('',#17584,.F.);
#17584 = EDGE_LOOP('',(#17585,#17586,#17587,#17588));
#17585 = ORIENTED_EDGE('',*,*,#17561,.T.);
#17586 = ORIENTED_EDGE('',*,*,#17458,.T.);
#17587 = ORIENTED_EDGE('',*,*,#17532,.F.);
#17588 = ORIENTED_EDGE('',*,*,#17349,.F.);
#17589 = ADVANCED_FACE('',(#17590),#17418,.F.);
#17590 = FACE_BOUND('',#17591,.F.);
#17591 = EDGE_LOOP('',(#17592,#17593,#17614,#17615));
#17592 = ORIENTED_EDGE('',*,*,#17505,.F.);
#17593 = ORIENTED_EDGE('',*,*,#17594,.F.);
#17594 = EDGE_CURVE('',#17402,#17506,#17595,.T.);
#17595 = SEAM_CURVE('',#17596,(#17600,#17607),.PCURVE_S1.);
#17596 = LINE('',#17597,#17598);
#17597 = CARTESIAN_POINT('',(38.1,31.75,-0.254));
#17598 = VECTOR('',#17599,25.4);
#17599 = DIRECTION('',(0.,0.,1.));
#17600 = PCURVE('',#17418,#17601);
#17601 = DEFINITIONAL_REPRESENTATION('',(#17602),#17606);
#17602 = LINE('',#17603,#17604);
#17603 = CARTESIAN_POINT('',(6.28318530718,-0.));
#17604 = VECTOR('',#17605,1.);
#17605 = DIRECTION('',(0.,1.));
#17606 = ( GEOMETRIC_REPRESENTATION_CONTEXT(2) 
PARAMETRIC_REPRESENTATION_CONTEXT() REPRESENTATION_CONTEXT('2D SPACE',''
  ) );
#17607 = PCURVE('',#17418,#17608);
#17608 = DEFINITIONAL_REPRESENTATION('',(#17609),#17613);
#17609 = LINE('',#17610,#17611);
#17610 = CARTESIAN_POINT('',(0.,-0.));
#17611 = VECTOR('',#17612,1.);
#17612 = DIRECTION('',(0.,1.));
#17613 = ( GEOMETRIC_REPRESENTATION_CONTEXT(2) 
PARAMETRIC_REPRESENTATION_CONTEXT() REPRESENTATION_CONTEXT('2D SPACE',''
  ) );
#17614 = ORIENTED_EDGE('',*,*,#17401,.T.);
#17615 = ORIENTED_EDGE('',*,*,#17594,.T.);
#17616 = ( GEOMETRIC_REPRESENTATION_CONTEXT(3) 
GLOBAL_UNCERTAINTY_ASSIGNED_CONTEXT((#17620)) 
GLOBAL_UNIT_ASSIGNED_CONTEXT((#17617,#17618,#17619)) 
REPRESENTATION_CONTEXT('Context #1',
  '3D Context with UNIT and UNCERTAINTY') );
#17617 = ( LENGTH_UNIT() NAMED_UNIT(*) SI_UNIT(.MILLI.,.METRE.) );
#17618 = ( NAMED_UNIT(*) PLANE_ANGLE_UNIT() SI_UNIT($,.RADIAN.) );
#17619 = ( NAMED_UNIT(*) SI_UNIT($,.STERADIAN.) SOLID_ANGLE_UNIT() );
#17620 = UNCERTAINTY_MEASURE_WITH_UNIT(LENGTH_MEASURE(2.54E-06),#17617,
  'distance_accuracy_value','confusion accuracy');
#17621 = CONTEXT_DEPENDENT_SHAPE_REPRESENTATION(#17622,#17624);
#17622 = ( REPRESENTATION_RELATIONSHIP('','',#17041,#10) 
REPRESENTATION_RELATIONSHIP_WITH_TRANSFORMATION(#17623) 
SHAPE_REPRESENTATION_RELATIONSHIP() );
#17623 = ITEM_DEFINED_TRANSFORMATION('','',#11,#159);
#17624 = PRODUCT_DEFINITION_SHAPE('Placement','Placement of an item',
  #17625);
#17625 = NEXT_ASSEMBLY_USAGE_OCCURRENCE('37','Tail','',#5,#17036,$);
#17626 = PRODUCT_RELATED_PRODUCT_CATEGORY('part',$,(#17038));
#17627 = SHAPE_DEFINITION_REPRESENTATION(#17628,#17634);
#17628 = PRODUCT_DEFINITION_SHAPE('','',#17629);
#17629 = PRODUCT_DEFINITION('design','',#17630,#17633);
#17630 = PRODUCT_DEFINITION_FORMATION('','',#17631);
#17631 = PRODUCT('Tail','Tail','',(#17632));
#17632 = PRODUCT_CONTEXT('',#2,'mechanical');
#17633 = PRODUCT_DEFINITION_CONTEXT('part definition',#2,'design');
#17634 = ADVANCED_BREP_SHAPE_REPRESENTATION('',(#11,#17635),#18209);
#17635 = MANIFOLD_SOLID_BREP('',#17636);
#17636 = CLOSED_SHELL('',(#17637,#17757,#17835,#17913,#18022,#18121,
    #18148,#18175,#18182));
#17637 = ADVANCED_FACE('',(#17638),#17652,.F.);
#17638 = FACE_BOUND('',#17639,.F.);
#17639 = EDGE_LOOP('',(#17640,#17675,#17703,#17731));
#17640 = ORIENTED_EDGE('',*,*,#17641,.T.);
#17641 = EDGE_CURVE('',#17642,#17644,#17646,.T.);
#17642 = VERTEX_POINT('',#17643);
#17643 = CARTESIAN_POINT('',(9.524999205113,0.,0.));
#17644 = VERTEX_POINT('',#17645);
#17645 = CARTESIAN_POINT('',(9.524999205113,0.,6.35));
#17646 = SURFACE_CURVE('',#17647,(#17651,#17663),.PCURVE_S1.);
#17647 = LINE('',#17648,#17649);
#17648 = CARTESIAN_POINT('',(9.524999205113,0.,0.));
#17649 = VECTOR('',#17650,25.4);
#17650 = DIRECTION('',(0.,0.,1.));
#17651 = PCURVE('',#17652,#17657);
#17652 = PLANE('',#17653);
#17653 = AXIS2_PLACEMENT_3D('',#17654,#17655,#17656);
#17654 = CARTESIAN_POINT('',(9.524999205113,0.,0.));
#17655 = DIRECTION('',(0.,1.,0.));
#17656 = DIRECTION('',(1.,0.,0.));
#17657 = DEFINITIONAL_REPRESENTATION('',(#17658),#17662);
#17658 = LINE('',#17659,#17660);
#17659 = CARTESIAN_POINT('',(1.409983241274E-15,0.));
#17660 = VECTOR('',#17661,1.);
#17661 = DIRECTION('',(0.,-1.));
#17662 = ( GEOMETRIC_REPRESENTATION_CONTEXT(2) 
PARAMETRIC_REPRESENTATION_CONTEXT() REPRESENTATION_CONTEXT('2D SPACE',''
  ) );
#17663 = PCURVE('',#17664,#17669);
#17664 = CYLINDRICAL_SURFACE('',#17665,9.525);
#17665 = AXIS2_PLACEMENT_3D('',#17666,#17667,#17668);
#17666 = CARTESIAN_POINT('',(9.524999205113,9.525,0.));
#17667 = DIRECTION('',(-0.,-0.,-1.));
#17668 = DIRECTION('',(1.,0.,0.));
#17669 = DEFINITIONAL_REPRESENTATION('',(#17670),#17674);
#17670 = LINE('',#17671,#17672);
#17671 = CARTESIAN_POINT('',(-4.712388980385,0.));
#17672 = VECTOR('',#17673,1.);
#17673 = DIRECTION('',(-0.,-1.));
#17674 = ( GEOMETRIC_REPRESENTATION_CONTEXT(2) 
PARAMETRIC_REPRESENTATION_CONTEXT() REPRESENTATION_CONTEXT('2D SPACE',''
  ) );
#17675 = ORIENTED_EDGE('',*,*,#17676,.T.);
#17676 = EDGE_CURVE('',#17644,#17677,#17679,.T.);
#17677 = VERTEX_POINT('',#17678);
#17678 = CARTESIAN_POINT('',(41.274999892538,0.,6.35));
#17679 = SURFACE_CURVE('',#17680,(#17684,#17691),.PCURVE_S1.);
#17680 = LINE('',#17681,#17682);
#17681 = CARTESIAN_POINT('',(0.,0.,6.35));
#17682 = VECTOR('',#17683,25.4);
#17683 = DIRECTION('',(1.,0.,0.));
#17684 = PCURVE('',#17652,#17685);
#17685 = DEFINITIONAL_REPRESENTATION('',(#17686),#17690);
#17686 = LINE('',#17687,#17688);
#17687 = CARTESIAN_POINT('',(-9.524999205113,-6.35));
#17688 = VECTOR('',#17689,1.);
#17689 = DIRECTION('',(1.,0.));
#17690 = ( GEOMETRIC_REPRESENTATION_CONTEXT(2) 
PARAMETRIC_REPRESENTATION_CONTEXT() REPRESENTATION_CONTEXT('2D SPACE',''
  ) );
#17691 = PCURVE('',#17692,#17697);
#17692 = PLANE('',#17693);
#17693 = AXIS2_PLACEMENT_3D('',#17694,#17695,#17696);
#17694 = CARTESIAN_POINT('',(25.399999900185,47.508770433278,6.35));
#17695 = DIRECTION('',(0.,0.,1.));
#17696 = DIRECTION('',(1.,0.,-0.));
#17697 = DEFINITIONAL_REPRESENTATION('',(#17698),#17702);
#17698 = LINE('',#17699,#17700);
#17699 = CARTESIAN_POINT('',(-25.39999990018,-47.50877043327));
#17700 = VECTOR('',#17701,1.);
#17701 = DIRECTION('',(1.,0.));
#17702 = ( GEOMETRIC_REPRESENTATION_CONTEXT(2) 
PARAMETRIC_REPRESENTATION_CONTEXT() REPRESENTATION_CONTEXT('2D SPACE',''
  ) );
#17703 = ORIENTED_EDGE('',*,*,#17704,.F.);
#17704 = EDGE_CURVE('',#17705,#17677,#17707,.T.);
#17705 = VERTEX_POINT('',#17706);
#17706 = CARTESIAN_POINT('',(41.274999892538,0.,0.));
#17707 = SURFACE_CURVE('',#17708,(#17712,#17719),.PCURVE_S1.);
#17708 = LINE('',#17709,#17710);
#17709 = CARTESIAN_POINT('',(41.274999892538,0.,0.));
#17710 = VECTOR('',#17711,25.4);
#17711 = DIRECTION('',(0.,0.,1.));
#17712 = PCURVE('',#17652,#17713);
#17713 = DEFINITIONAL_REPRESENTATION('',(#17714),#17718);
#17714 = LINE('',#17715,#17716);
#17715 = CARTESIAN_POINT('',(31.750000687426,0.));
#17716 = VECTOR('',#17717,1.);
#17717 = DIRECTION('',(0.,-1.));
#17718 = ( GEOMETRIC_REPRESENTATION_CONTEXT(2) 
PARAMETRIC_REPRESENTATION_CONTEXT() REPRESENTATION_CONTEXT('2D SPACE',''
  ) );
#17719 = PCURVE('',#17720,#17725);
#17720 = CYLINDRICAL_SURFACE('',#17721,9.525);
#17721 = AXIS2_PLACEMENT_3D('',#17722,#17723,#17724);
#17722 = CARTESIAN_POINT('',(41.274999892538,9.525,0.));
#17723 = DIRECTION('',(-0.,-0.,-1.));
#17724 = DIRECTION('',(1.,0.,0.));
#17725 = DEFINITIONAL_REPRESENTATION('',(#17726),#17730);
#17726 = LINE('',#17727,#17728);
#17727 = CARTESIAN_POINT('',(-4.712388980385,0.));
#17728 = VECTOR('',#17729,1.);
#17729 = DIRECTION('',(-0.,-1.));
#17730 = ( GEOMETRIC_REPRESENTATION_CONTEXT(2) 
PARAMETRIC_REPRESENTATION_CONTEXT() REPRESENTATION_CONTEXT('2D SPACE',''
  ) );
#17731 = ORIENTED_EDGE('',*,*,#17732,.F.);
#17732 = EDGE_CURVE('',#17642,#17705,#17733,.T.);
#17733 = SURFACE_CURVE('',#17734,(#17738,#17745),.PCURVE_S1.);
#17734 = LINE('',#17735,#17736);
#17735 = CARTESIAN_POINT('',(0.,0.,0.));
#17736 = VECTOR('',#17737,25.4);
#17737 = DIRECTION('',(1.,0.,0.));
#17738 = PCURVE('',#17652,#17739);
#17739 = DEFINITIONAL_REPRESENTATION('',(#17740),#17744);
#17740 = LINE('',#17741,#17742);
#17741 = CARTESIAN_POINT('',(-9.524999205113,0.));
#17742 = VECTOR('',#17743,1.);
#17743 = DIRECTION('',(1.,0.));
#17744 = ( GEOMETRIC_REPRESENTATION_CONTEXT(2) 
PARAMETRIC_REPRESENTATION_CONTEXT() REPRESENTATION_CONTEXT('2D SPACE',''
  ) );
#17745 = PCURVE('',#17746,#17751);
#17746 = PLANE('',#17747);
#17747 = AXIS2_PLACEMENT_3D('',#17748,#17749,#17750);
#17748 = CARTESIAN_POINT('',(25.399999900185,47.508770433278,0.));
#17749 = DIRECTION('',(0.,0.,1.));
#17750 = DIRECTION('',(1.,0.,-0.));
#17751 = DEFINITIONAL_REPRESENTATION('',(#17752),#17756);
#17752 = LINE('',#17753,#17754);
#17753 = CARTESIAN_POINT('',(-25.39999990018,-47.50877043327));
#17754 = VECTOR('',#17755,1.);
#17755 = DIRECTION('',(1.,0.));
#17756 = ( GEOMETRIC_REPRESENTATION_CONTEXT(2) 
PARAMETRIC_REPRESENTATION_CONTEXT() REPRESENTATION_CONTEXT('2D SPACE',''
  ) );
#17757 = ADVANCED_FACE('',(#17758),#17664,.T.);
#17758 = FACE_BOUND('',#17759,.F.);
#17759 = EDGE_LOOP('',(#17760,#17790,#17812,#17813));
#17760 = ORIENTED_EDGE('',*,*,#17761,.T.);
#17761 = EDGE_CURVE('',#17762,#17764,#17766,.T.);
#17762 = VERTEX_POINT('',#17763);
#17763 = CARTESIAN_POINT('',(-3.974437411181E-07,9.525,0.));
#17764 = VERTEX_POINT('',#17765);
#17765 = CARTESIAN_POINT('',(-3.974437411181E-07,9.525,6.35));
#17766 = SURFACE_CURVE('',#17767,(#17771,#17778),.PCURVE_S1.);
#17767 = LINE('',#17768,#17769);
#17768 = CARTESIAN_POINT('',(-3.974437411181E-07,9.525,0.));
#17769 = VECTOR('',#17770,25.4);
#17770 = DIRECTION('',(0.,0.,1.));
#17771 = PCURVE('',#17664,#17772);
#17772 = DEFINITIONAL_REPRESENTATION('',(#17773),#17777);
#17773 = LINE('',#17774,#17775);
#17774 = CARTESIAN_POINT('',(-3.14159265359,0.));
#17775 = VECTOR('',#17776,1.);
#17776 = DIRECTION('',(-0.,-1.));
#17777 = ( GEOMETRIC_REPRESENTATION_CONTEXT(2) 
PARAMETRIC_REPRESENTATION_CONTEXT() REPRESENTATION_CONTEXT('2D SPACE',''
  ) );
#17778 = PCURVE('',#17779,#17784);
#17779 = PLANE('',#17780);
#17780 = AXIS2_PLACEMENT_3D('',#17781,#17782,#17783);
#17781 = CARTESIAN_POINT('',(0.,92.075,0.));
#17782 = DIRECTION('',(1.,0.,-0.));
#17783 = DIRECTION('',(0.,-1.,0.));
#17784 = DEFINITIONAL_REPRESENTATION('',(#17785),#17789);
#17785 = LINE('',#17786,#17787);
#17786 = CARTESIAN_POINT('',(82.55,0.));
#17787 = VECTOR('',#17788,1.);
#17788 = DIRECTION('',(0.,-1.));
#17789 = ( GEOMETRIC_REPRESENTATION_CONTEXT(2) 
PARAMETRIC_REPRESENTATION_CONTEXT() REPRESENTATION_CONTEXT('2D SPACE',''
  ) );
#17790 = ORIENTED_EDGE('',*,*,#17791,.T.);
#17791 = EDGE_CURVE('',#17764,#17644,#17792,.T.);
#17792 = SURFACE_CURVE('',#17793,(#17798,#17805),.PCURVE_S1.);
#17793 = CIRCLE('',#17794,9.525);
#17794 = AXIS2_PLACEMENT_3D('',#17795,#17796,#17797);
#17795 = CARTESIAN_POINT('',(9.524999205113,9.525,6.35));
#17796 = DIRECTION('',(0.,0.,1.));
#17797 = DIRECTION('',(1.,0.,0.));
#17798 = PCURVE('',#17664,#17799);
#17799 = DEFINITIONAL_REPRESENTATION('',(#17800),#17804);
#17800 = LINE('',#17801,#17802);
#17801 = CARTESIAN_POINT('',(-0.,-6.35));
#17802 = VECTOR('',#17803,1.);
#17803 = DIRECTION('',(-1.,0.));
#17804 = ( GEOMETRIC_REPRESENTATION_CONTEXT(2) 
PARAMETRIC_REPRESENTATION_CONTEXT() REPRESENTATION_CONTEXT('2D SPACE',''
  ) );
#17805 = PCURVE('',#17692,#17806);
#17806 = DEFINITIONAL_REPRESENTATION('',(#17807),#17811);
#17807 = CIRCLE('',#17808,9.525);
#17808 = AXIS2_PLACEMENT_2D('',#17809,#17810);
#17809 = CARTESIAN_POINT('',(-15.87500069507,-37.98377043327));
#17810 = DIRECTION('',(1.,0.));
#17811 = ( GEOMETRIC_REPRESENTATION_CONTEXT(2) 
PARAMETRIC_REPRESENTATION_CONTEXT() REPRESENTATION_CONTEXT('2D SPACE',''
  ) );
#17812 = ORIENTED_EDGE('',*,*,#17641,.F.);
#17813 = ORIENTED_EDGE('',*,*,#17814,.F.);
#17814 = EDGE_CURVE('',#17762,#17642,#17815,.T.);
#17815 = SURFACE_CURVE('',#17816,(#17821,#17828),.PCURVE_S1.);
#17816 = CIRCLE('',#17817,9.525);
#17817 = AXIS2_PLACEMENT_3D('',#17818,#17819,#17820);
#17818 = CARTESIAN_POINT('',(9.524999205113,9.525,0.));
#17819 = DIRECTION('',(0.,0.,1.));
#17820 = DIRECTION('',(1.,0.,0.));
#17821 = PCURVE('',#17664,#17822);
#17822 = DEFINITIONAL_REPRESENTATION('',(#17823),#17827);
#17823 = LINE('',#17824,#17825);
#17824 = CARTESIAN_POINT('',(-0.,0.));
#17825 = VECTOR('',#17826,1.);
#17826 = DIRECTION('',(-1.,0.));
#17827 = ( GEOMETRIC_REPRESENTATION_CONTEXT(2) 
PARAMETRIC_REPRESENTATION_CONTEXT() REPRESENTATION_CONTEXT('2D SPACE',''
  ) );
#17828 = PCURVE('',#17746,#17829);
#17829 = DEFINITIONAL_REPRESENTATION('',(#17830),#17834);
#17830 = CIRCLE('',#17831,9.525);
#17831 = AXIS2_PLACEMENT_2D('',#17832,#17833);
#17832 = CARTESIAN_POINT('',(-15.87500069507,-37.98377043327));
#17833 = DIRECTION('',(1.,0.));
#17834 = ( GEOMETRIC_REPRESENTATION_CONTEXT(2) 
PARAMETRIC_REPRESENTATION_CONTEXT() REPRESENTATION_CONTEXT('2D SPACE',''
  ) );
#17835 = ADVANCED_FACE('',(#17836),#17720,.T.);
#17836 = FACE_BOUND('',#17837,.F.);
#17837 = EDGE_LOOP('',(#17838,#17839,#17863,#17891));
#17838 = ORIENTED_EDGE('',*,*,#17704,.T.);
#17839 = ORIENTED_EDGE('',*,*,#17840,.T.);
#17840 = EDGE_CURVE('',#17677,#17841,#17843,.T.);
#17841 = VERTEX_POINT('',#17842);
#17842 = CARTESIAN_POINT('',(50.799999946269,9.525,6.35));
#17843 = SURFACE_CURVE('',#17844,(#17849,#17856),.PCURVE_S1.);
#17844 = CIRCLE('',#17845,9.525);
#17845 = AXIS2_PLACEMENT_3D('',#17846,#17847,#17848);
#17846 = CARTESIAN_POINT('',(41.274999892538,9.525,6.35));
#17847 = DIRECTION('',(0.,0.,1.));
#17848 = DIRECTION('',(1.,0.,0.));
#17849 = PCURVE('',#17720,#17850);
#17850 = DEFINITIONAL_REPRESENTATION('',(#17851),#17855);
#17851 = LINE('',#17852,#17853);
#17852 = CARTESIAN_POINT('',(-0.,-6.35));
#17853 = VECTOR('',#17854,1.);
#17854 = DIRECTION('',(-1.,0.));
#17855 = ( GEOMETRIC_REPRESENTATION_CONTEXT(2) 
PARAMETRIC_REPRESENTATION_CONTEXT() REPRESENTATION_CONTEXT('2D SPACE',''
  ) );
#17856 = PCURVE('',#17692,#17857);
#17857 = DEFINITIONAL_REPRESENTATION('',(#17858),#17862);
#17858 = CIRCLE('',#17859,9.525);
#17859 = AXIS2_PLACEMENT_2D('',#17860,#17861);
#17860 = CARTESIAN_POINT('',(15.874999992353,-37.98377043327));
#17861 = DIRECTION('',(1.,0.));
#17862 = ( GEOMETRIC_REPRESENTATION_CONTEXT(2) 
PARAMETRIC_REPRESENTATION_CONTEXT() REPRESENTATION_CONTEXT('2D SPACE',''
  ) );
#17863 = ORIENTED_EDGE('',*,*,#17864,.F.);
#17864 = EDGE_CURVE('',#17865,#17841,#17867,.T.);
#17865 = VERTEX_POINT('',#17866);
#17866 = CARTESIAN_POINT('',(50.799999946269,9.525,0.));
#17867 = SURFACE_CURVE('',#17868,(#17872,#17879),.PCURVE_S1.);
#17868 = LINE('',#17869,#17870);
#17869 = CARTESIAN_POINT('',(50.799999946269,9.525,0.));
#17870 = VECTOR('',#17871,25.4);
#17871 = DIRECTION('',(0.,0.,1.));
#17872 = PCURVE('',#17720,#17873);
#17873 = DEFINITIONAL_REPRESENTATION('',(#17874),#17878);
#17874 = LINE('',#17875,#17876);
#17875 = CARTESIAN_POINT('',(-6.28318530718,0.));
#17876 = VECTOR('',#17877,1.);
#17877 = DIRECTION('',(-0.,-1.));
#17878 = ( GEOMETRIC_REPRESENTATION_CONTEXT(2) 
PARAMETRIC_REPRESENTATION_CONTEXT() REPRESENTATION_CONTEXT('2D SPACE',''
  ) );
#17879 = PCURVE('',#17880,#17885);
#17880 = PLANE('',#17881);
#17881 = AXIS2_PLACEMENT_3D('',#17882,#17883,#17884);
#17882 = CARTESIAN_POINT('',(50.8,9.525,0.));
#17883 = DIRECTION('',(-1.,0.,0.));
#17884 = DIRECTION('',(0.,1.,0.));
#17885 = DEFINITIONAL_REPRESENTATION('',(#17886),#17890);
#17886 = LINE('',#17887,#17888);
#17887 = CARTESIAN_POINT('',(0.,0.));
#17888 = VECTOR('',#17889,1.);
#17889 = DIRECTION('',(0.,-1.));
#17890 = ( GEOMETRIC_REPRESENTATION_CONTEXT(2) 
PARAMETRIC_REPRESENTATION_CONTEXT() REPRESENTATION_CONTEXT('2D SPACE',''
  ) );
#17891 = ORIENTED_EDGE('',*,*,#17892,.F.);
#17892 = EDGE_CURVE('',#17705,#17865,#17893,.T.);
#17893 = SURFACE_CURVE('',#17894,(#17899,#17906),.PCURVE_S1.);
#17894 = CIRCLE('',#17895,9.525);
#17895 = AXIS2_PLACEMENT_3D('',#17896,#17897,#17898);
#17896 = CARTESIAN_POINT('',(41.274999892538,9.525,0.));
#17897 = DIRECTION('',(0.,0.,1.));
#17898 = DIRECTION('',(1.,0.,0.));
#17899 = PCURVE('',#17720,#17900);
#17900 = DEFINITIONAL_REPRESENTATION('',(#17901),#17905);
#17901 = LINE('',#17902,#17903);
#17902 = CARTESIAN_POINT('',(-0.,0.));
#17903 = VECTOR('',#17904,1.);
#17904 = DIRECTION('',(-1.,0.));
#17905 = ( GEOMETRIC_REPRESENTATION_CONTEXT(2) 
PARAMETRIC_REPRESENTATION_CONTEXT() REPRESENTATION_CONTEXT('2D SPACE',''
  ) );
#17906 = PCURVE('',#17746,#17907);
#17907 = DEFINITIONAL_REPRESENTATION('',(#17908),#17912);
#17908 = CIRCLE('',#17909,9.525);
#17909 = AXIS2_PLACEMENT_2D('',#17910,#17911);
#17910 = CARTESIAN_POINT('',(15.874999992353,-37.98377043327));
#17911 = DIRECTION('',(1.,0.));
#17912 = ( GEOMETRIC_REPRESENTATION_CONTEXT(2) 
PARAMETRIC_REPRESENTATION_CONTEXT() REPRESENTATION_CONTEXT('2D SPACE',''
  ) );
#17913 = ADVANCED_FACE('',(#17914,#17991),#17746,.F.);
#17914 = FACE_BOUND('',#17915,.F.);
#17915 = EDGE_LOOP('',(#17916,#17917,#17918,#17941,#17969,#17990));
#17916 = ORIENTED_EDGE('',*,*,#17732,.T.);
#17917 = ORIENTED_EDGE('',*,*,#17892,.T.);
#17918 = ORIENTED_EDGE('',*,*,#17919,.T.);
#17919 = EDGE_CURVE('',#17865,#17920,#17922,.T.);
#17920 = VERTEX_POINT('',#17921);
#17921 = CARTESIAN_POINT('',(50.8,92.075,0.));
#17922 = SURFACE_CURVE('',#17923,(#17927,#17934),.PCURVE_S1.);
#17923 = LINE('',#17924,#17925);
#17924 = CARTESIAN_POINT('',(50.8,0.,0.));
#17925 = VECTOR('',#17926,25.4);
#17926 = DIRECTION('',(0.,1.,0.));
#17927 = PCURVE('',#17746,#17928);
#17928 = DEFINITIONAL_REPRESENTATION('',(#17929),#17933);
#17929 = LINE('',#17930,#17931);
#17930 = CARTESIAN_POINT('',(25.400000099815,-47.50877043327));
#17931 = VECTOR('',#17932,1.);
#17932 = DIRECTION('',(0.,1.));
#17933 = ( GEOMETRIC_REPRESENTATION_CONTEXT(2) 
PARAMETRIC_REPRESENTATION_CONTEXT() REPRESENTATION_CONTEXT('2D SPACE',''
  ) );
#17934 = PCURVE('',#17880,#17935);
#17935 = DEFINITIONAL_REPRESENTATION('',(#17936),#17940);
#17936 = LINE('',#17937,#17938);
#17937 = CARTESIAN_POINT('',(-9.525,0.));
#17938 = VECTOR('',#17939,1.);
#17939 = DIRECTION('',(1.,0.));
#17940 = ( GEOMETRIC_REPRESENTATION_CONTEXT(2) 
PARAMETRIC_REPRESENTATION_CONTEXT() REPRESENTATION_CONTEXT('2D SPACE',''
  ) );
#17941 = ORIENTED_EDGE('',*,*,#17942,.T.);
#17942 = EDGE_CURVE('',#17920,#17943,#17945,.T.);
#17943 = VERTEX_POINT('',#17944);
#17944 = CARTESIAN_POINT('',(0.,92.075,0.));
#17945 = SURFACE_CURVE('',#17946,(#17950,#17957),.PCURVE_S1.);
#17946 = LINE('',#17947,#17948);
#17947 = CARTESIAN_POINT('',(50.8,92.075,0.));
#17948 = VECTOR('',#17949,25.4);
#17949 = DIRECTION('',(-1.,0.,0.));
#17950 = PCURVE('',#17746,#17951);
#17951 = DEFINITIONAL_REPRESENTATION('',(#17952),#17956);
#17952 = LINE('',#17953,#17954);
#17953 = CARTESIAN_POINT('',(25.400000099815,44.566229566722));
#17954 = VECTOR('',#17955,1.);
#17955 = DIRECTION('',(-1.,0.));
#17956 = ( GEOMETRIC_REPRESENTATION_CONTEXT(2) 
PARAMETRIC_REPRESENTATION_CONTEXT() REPRESENTATION_CONTEXT('2D SPACE',''
  ) );
#17957 = PCURVE('',#17958,#17963);
#17958 = PLANE('',#17959);
#17959 = AXIS2_PLACEMENT_3D('',#17960,#17961,#17962);
#17960 = CARTESIAN_POINT('',(50.8,92.075,0.));
#17961 = DIRECTION('',(0.,-1.,0.));
#17962 = DIRECTION('',(-1.,0.,0.));
#17963 = DEFINITIONAL_REPRESENTATION('',(#17964),#17968);
#17964 = LINE('',#17965,#17966);
#17965 = CARTESIAN_POINT('',(0.,-0.));
#17966 = VECTOR('',#17967,1.);
#17967 = DIRECTION('',(1.,0.));
#17968 = ( GEOMETRIC_REPRESENTATION_CONTEXT(2) 
PARAMETRIC_REPRESENTATION_CONTEXT() REPRESENTATION_CONTEXT('2D SPACE',''
  ) );
#17969 = ORIENTED_EDGE('',*,*,#17970,.T.);
#17970 = EDGE_CURVE('',#17943,#17762,#17971,.T.);
#17971 = SURFACE_CURVE('',#17972,(#17976,#17983),.PCURVE_S1.);
#17972 = LINE('',#17973,#17974);
#17973 = CARTESIAN_POINT('',(0.,92.075,0.));
#17974 = VECTOR('',#17975,25.4);
#17975 = DIRECTION('',(0.,-1.,0.));
#17976 = PCURVE('',#17746,#17977);
#17977 = DEFINITIONAL_REPRESENTATION('',(#17978),#17982);
#17978 = LINE('',#17979,#17980);
#17979 = CARTESIAN_POINT('',(-25.39999990018,44.566229566722));
#17980 = VECTOR('',#17981,1.);
#17981 = DIRECTION('',(0.,-1.));
#17982 = ( GEOMETRIC_REPRESENTATION_CONTEXT(2) 
PARAMETRIC_REPRESENTATION_CONTEXT() REPRESENTATION_CONTEXT('2D SPACE',''
  ) );
#17983 = PCURVE('',#17779,#17984);
#17984 = DEFINITIONAL_REPRESENTATION('',(#17985),#17989);
#17985 = LINE('',#17986,#17987);
#17986 = CARTESIAN_POINT('',(0.,0.));
#17987 = VECTOR('',#17988,1.);
#17988 = DIRECTION('',(1.,0.));
#17989 = ( GEOMETRIC_REPRESENTATION_CONTEXT(2) 
PARAMETRIC_REPRESENTATION_CONTEXT() REPRESENTATION_CONTEXT('2D SPACE',''
  ) );
#17990 = ORIENTED_EDGE('',*,*,#17814,.T.);
#17991 = FACE_BOUND('',#17992,.F.);
#17992 = EDGE_LOOP('',(#17993));
#17993 = ORIENTED_EDGE('',*,*,#17994,.F.);
#17994 = EDGE_CURVE('',#17995,#17995,#17997,.T.);
#17995 = VERTEX_POINT('',#17996);
#17996 = CARTESIAN_POINT('',(38.1,31.75,0.));
#17997 = SURFACE_CURVE('',#17998,(#18003,#18010),.PCURVE_S1.);
#17998 = CIRCLE('',#17999,12.7);
#17999 = AXIS2_PLACEMENT_3D('',#18000,#18001,#18002);
#18000 = CARTESIAN_POINT('',(25.4,31.75,0.));
#18001 = DIRECTION('',(0.,0.,1.));
#18002 = DIRECTION('',(1.,0.,-0.));
#18003 = PCURVE('',#17746,#18004);
#18004 = DEFINITIONAL_REPRESENTATION('',(#18005),#18009);
#18005 = CIRCLE('',#18006,12.7);
#18006 = AXIS2_PLACEMENT_2D('',#18007,#18008);
#18007 = CARTESIAN_POINT('',(9.981457764763E-08,-15.75877043327));
#18008 = DIRECTION('',(1.,0.));
#18009 = ( GEOMETRIC_REPRESENTATION_CONTEXT(2) 
PARAMETRIC_REPRESENTATION_CONTEXT() REPRESENTATION_CONTEXT('2D SPACE',''
  ) );
#18010 = PCURVE('',#18011,#18016);
#18011 = CYLINDRICAL_SURFACE('',#18012,12.7);
#18012 = AXIS2_PLACEMENT_3D('',#18013,#18014,#18015);
#18013 = CARTESIAN_POINT('',(25.4,31.75,-0.254));
#18014 = DIRECTION('',(0.,0.,1.));
#18015 = DIRECTION('',(1.,0.,-0.));
#18016 = DEFINITIONAL_REPRESENTATION('',(#18017),#18021);
#18017 = LINE('',#18018,#18019);
#18018 = CARTESIAN_POINT('',(0.,0.254));
#18019 = VECTOR('',#18020,1.);
#18020 = DIRECTION('',(1.,0.));
#18021 = ( GEOMETRIC_REPRESENTATION_CONTEXT(2) 
PARAMETRIC_REPRESENTATION_CONTEXT() REPRESENTATION_CONTEXT('2D SPACE',''
  ) );
#18022 = ADVANCED_FACE('',(#18023,#18095),#17692,.T.);
#18023 = FACE_BOUND('',#18024,.T.);
#18024 = EDGE_LOOP('',(#18025,#18026,#18027,#18050,#18073,#18094));
#18025 = ORIENTED_EDGE('',*,*,#17676,.T.);
#18026 = ORIENTED_EDGE('',*,*,#17840,.T.);
#18027 = ORIENTED_EDGE('',*,*,#18028,.T.);
#18028 = EDGE_CURVE('',#17841,#18029,#18031,.T.);
#18029 = VERTEX_POINT('',#18030);
#18030 = CARTESIAN_POINT('',(50.8,92.075,6.35));
#18031 = SURFACE_CURVE('',#18032,(#18036,#18043),.PCURVE_S1.);
#18032 = LINE('',#18033,#18034);
#18033 = CARTESIAN_POINT('',(50.8,0.,6.35));
#18034 = VECTOR('',#18035,25.4);
#18035 = DIRECTION('',(0.,1.,0.));
#18036 = PCURVE('',#17692,#18037);
#18037 = DEFINITIONAL_REPRESENTATION('',(#18038),#18042);
#18038 = LINE('',#18039,#18040);
#18039 = CARTESIAN_POINT('',(25.400000099815,-47.50877043327));
#18040 = VECTOR('',#18041,1.);
#18041 = DIRECTION('',(0.,1.));
#18042 = ( GEOMETRIC_REPRESENTATION_CONTEXT(2) 
PARAMETRIC_REPRESENTATION_CONTEXT() REPRESENTATION_CONTEXT('2D SPACE',''
  ) );
#18043 = PCURVE('',#17880,#18044);
#18044 = DEFINITIONAL_REPRESENTATION('',(#18045),#18049);
#18045 = LINE('',#18046,#18047);
#18046 = CARTESIAN_POINT('',(-9.525,-6.35));
#18047 = VECTOR('',#18048,1.);
#18048 = DIRECTION('',(1.,0.));
#18049 = ( GEOMETRIC_REPRESENTATION_CONTEXT(2) 
PARAMETRIC_REPRESENTATION_CONTEXT() REPRESENTATION_CONTEXT('2D SPACE',''
  ) );
#18050 = ORIENTED_EDGE('',*,*,#18051,.T.);
#18051 = EDGE_CURVE('',#18029,#18052,#18054,.T.);
#18052 = VERTEX_POINT('',#18053);
#18053 = CARTESIAN_POINT('',(0.,92.075,6.35));
#18054 = SURFACE_CURVE('',#18055,(#18059,#18066),.PCURVE_S1.);
#18055 = LINE('',#18056,#18057);
#18056 = CARTESIAN_POINT('',(50.8,92.075,6.35));
#18057 = VECTOR('',#18058,25.4);
#18058 = DIRECTION('',(-1.,0.,0.));
#18059 = PCURVE('',#17692,#18060);
#18060 = DEFINITIONAL_REPRESENTATION('',(#18061),#18065);
#18061 = LINE('',#18062,#18063);
#18062 = CARTESIAN_POINT('',(25.400000099815,44.566229566722));
#18063 = VECTOR('',#18064,1.);
#18064 = DIRECTION('',(-1.,0.));
#18065 = ( GEOMETRIC_REPRESENTATION_CONTEXT(2) 
PARAMETRIC_REPRESENTATION_CONTEXT() REPRESENTATION_CONTEXT('2D SPACE',''
  ) );
#18066 = PCURVE('',#17958,#18067);
#18067 = DEFINITIONAL_REPRESENTATION('',(#18068),#18072);
#18068 = LINE('',#18069,#18070);
#18069 = CARTESIAN_POINT('',(0.,-6.35));
#18070 = VECTOR('',#18071,1.);
#18071 = DIRECTION('',(1.,0.));
#18072 = ( GEOMETRIC_REPRESENTATION_CONTEXT(2) 
PARAMETRIC_REPRESENTATION_CONTEXT() REPRESENTATION_CONTEXT('2D SPACE',''
  ) );
#18073 = ORIENTED_EDGE('',*,*,#18074,.T.);
#18074 = EDGE_CURVE('',#18052,#17764,#18075,.T.);
#18075 = SURFACE_CURVE('',#18076,(#18080,#18087),.PCURVE_S1.);
#18076 = LINE('',#18077,#18078);
#18077 = CARTESIAN_POINT('',(0.,92.075,6.35));
#18078 = VECTOR('',#18079,25.4);
#18079 = DIRECTION('',(0.,-1.,0.));
#18080 = PCURVE('',#17692,#18081);
#18081 = DEFINITIONAL_REPRESENTATION('',(#18082),#18086);
#18082 = LINE('',#18083,#18084);
#18083 = CARTESIAN_POINT('',(-25.39999990018,44.566229566722));
#18084 = VECTOR('',#18085,1.);
#18085 = DIRECTION('',(0.,-1.));
#18086 = ( GEOMETRIC_REPRESENTATION_CONTEXT(2) 
PARAMETRIC_REPRESENTATION_CONTEXT() REPRESENTATION_CONTEXT('2D SPACE',''
  ) );
#18087 = PCURVE('',#17779,#18088);
#18088 = DEFINITIONAL_REPRESENTATION('',(#18089),#18093);
#18089 = LINE('',#18090,#18091);
#18090 = CARTESIAN_POINT('',(0.,-6.35));
#18091 = VECTOR('',#18092,1.);
#18092 = DIRECTION('',(1.,0.));
#18093 = ( GEOMETRIC_REPRESENTATION_CONTEXT(2) 
PARAMETRIC_REPRESENTATION_CONTEXT() REPRESENTATION_CONTEXT('2D SPACE',''
  ) );
#18094 = ORIENTED_EDGE('',*,*,#17791,.T.);
#18095 = FACE_BOUND('',#18096,.T.);
#18096 = EDGE_LOOP('',(#18097));
#18097 = ORIENTED_EDGE('',*,*,#18098,.F.);
#18098 = EDGE_CURVE('',#18099,#18099,#18101,.T.);
#18099 = VERTEX_POINT('',#18100);
#18100 = CARTESIAN_POINT('',(38.1,31.75,6.35));
#18101 = SURFACE_CURVE('',#18102,(#18107,#18114),.PCURVE_S1.);
#18102 = CIRCLE('',#18103,12.7);
#18103 = AXIS2_PLACEMENT_3D('',#18104,#18105,#18106);
#18104 = CARTESIAN_POINT('',(25.4,31.75,6.35));
#18105 = DIRECTION('',(0.,0.,1.));
#18106 = DIRECTION('',(1.,0.,-0.));
#18107 = PCURVE('',#17692,#18108);
#18108 = DEFINITIONAL_REPRESENTATION('',(#18109),#18113);
#18109 = CIRCLE('',#18110,12.7);
#18110 = AXIS2_PLACEMENT_2D('',#18111,#18112);
#18111 = CARTESIAN_POINT('',(9.981457764763E-08,-15.75877043327));
#18112 = DIRECTION('',(1.,0.));
#18113 = ( GEOMETRIC_REPRESENTATION_CONTEXT(2) 
PARAMETRIC_REPRESENTATION_CONTEXT() REPRESENTATION_CONTEXT('2D SPACE',''
  ) );
#18114 = PCURVE('',#18011,#18115);
#18115 = DEFINITIONAL_REPRESENTATION('',(#18116),#18120);
#18116 = LINE('',#18117,#18118);
#18117 = CARTESIAN_POINT('',(0.,6.604));
#18118 = VECTOR('',#18119,1.);
#18119 = DIRECTION('',(1.,0.));
#18120 = ( GEOMETRIC_REPRESENTATION_CONTEXT(2) 
PARAMETRIC_REPRESENTATION_CONTEXT() REPRESENTATION_CONTEXT('2D SPACE',''
  ) );
#18121 = ADVANCED_FACE('',(#18122),#17779,.F.);
#18122 = FACE_BOUND('',#18123,.F.);
#18123 = EDGE_LOOP('',(#18124,#18145,#18146,#18147));
#18124 = ORIENTED_EDGE('',*,*,#18125,.T.);
#18125 = EDGE_CURVE('',#17943,#18052,#18126,.T.);
#18126 = SURFACE_CURVE('',#18127,(#18131,#18138),.PCURVE_S1.);
#18127 = LINE('',#18128,#18129);
#18128 = CARTESIAN_POINT('',(0.,92.075,0.));
#18129 = VECTOR('',#18130,25.4);
#18130 = DIRECTION('',(0.,0.,1.));
#18131 = PCURVE('',#17779,#18132);
#18132 = DEFINITIONAL_REPRESENTATION('',(#18133),#18137);
#18133 = LINE('',#18134,#18135);
#18134 = CARTESIAN_POINT('',(0.,0.));
#18135 = VECTOR('',#18136,1.);
#18136 = DIRECTION('',(0.,-1.));
#18137 = ( GEOMETRIC_REPRESENTATION_CONTEXT(2) 
PARAMETRIC_REPRESENTATION_CONTEXT() REPRESENTATION_CONTEXT('2D SPACE',''
  ) );
#18138 = PCURVE('',#17958,#18139);
#18139 = DEFINITIONAL_REPRESENTATION('',(#18140),#18144);
#18140 = LINE('',#18141,#18142);
#18141 = CARTESIAN_POINT('',(50.8,0.));
#18142 = VECTOR('',#18143,1.);
#18143 = DIRECTION('',(0.,-1.));
#18144 = ( GEOMETRIC_REPRESENTATION_CONTEXT(2) 
PARAMETRIC_REPRESENTATION_CONTEXT() REPRESENTATION_CONTEXT('2D SPACE',''
  ) );
#18145 = ORIENTED_EDGE('',*,*,#18074,.T.);
#18146 = ORIENTED_EDGE('',*,*,#17761,.F.);
#18147 = ORIENTED_EDGE('',*,*,#17970,.F.);
#18148 = ADVANCED_FACE('',(#18149),#17880,.F.);
#18149 = FACE_BOUND('',#18150,.F.);
#18150 = EDGE_LOOP('',(#18151,#18152,#18153,#18174));
#18151 = ORIENTED_EDGE('',*,*,#17864,.T.);
#18152 = ORIENTED_EDGE('',*,*,#18028,.T.);
#18153 = ORIENTED_EDGE('',*,*,#18154,.F.);
#18154 = EDGE_CURVE('',#17920,#18029,#18155,.T.);
#18155 = SURFACE_CURVE('',#18156,(#18160,#18167),.PCURVE_S1.);
#18156 = LINE('',#18157,#18158);
#18157 = CARTESIAN_POINT('',(50.8,92.075,0.));
#18158 = VECTOR('',#18159,25.4);
#18159 = DIRECTION('',(0.,0.,1.));
#18160 = PCURVE('',#17880,#18161);
#18161 = DEFINITIONAL_REPRESENTATION('',(#18162),#18166);
#18162 = LINE('',#18163,#18164);
#18163 = CARTESIAN_POINT('',(82.55,0.));
#18164 = VECTOR('',#18165,1.);
#18165 = DIRECTION('',(0.,-1.));
#18166 = ( GEOMETRIC_REPRESENTATION_CONTEXT(2) 
PARAMETRIC_REPRESENTATION_CONTEXT() REPRESENTATION_CONTEXT('2D SPACE',''
  ) );
#18167 = PCURVE('',#17958,#18168);
#18168 = DEFINITIONAL_REPRESENTATION('',(#18169),#18173);
#18169 = LINE('',#18170,#18171);
#18170 = CARTESIAN_POINT('',(0.,-0.));
#18171 = VECTOR('',#18172,1.);
#18172 = DIRECTION('',(0.,-1.));
#18173 = ( GEOMETRIC_REPRESENTATION_CONTEXT(2) 
PARAMETRIC_REPRESENTATION_CONTEXT() REPRESENTATION_CONTEXT('2D SPACE',''
  ) );
#18174 = ORIENTED_EDGE('',*,*,#17919,.F.);
#18175 = ADVANCED_FACE('',(#18176),#17958,.F.);
#18176 = FACE_BOUND('',#18177,.F.);
#18177 = EDGE_LOOP('',(#18178,#18179,#18180,#18181));
#18178 = ORIENTED_EDGE('',*,*,#18154,.T.);
#18179 = ORIENTED_EDGE('',*,*,#18051,.T.);
#18180 = ORIENTED_EDGE('',*,*,#18125,.F.);
#18181 = ORIENTED_EDGE('',*,*,#17942,.F.);
#18182 = ADVANCED_FACE('',(#18183),#18011,.F.);
#18183 = FACE_BOUND('',#18184,.F.);
#18184 = EDGE_LOOP('',(#18185,#18186,#18207,#18208));
#18185 = ORIENTED_EDGE('',*,*,#18098,.F.);
#18186 = ORIENTED_EDGE('',*,*,#18187,.F.);
#18187 = EDGE_CURVE('',#17995,#18099,#18188,.T.);
#18188 = SEAM_CURVE('',#18189,(#18193,#18200),.PCURVE_S1.);
#18189 = LINE('',#18190,#18191);
#18190 = CARTESIAN_POINT('',(38.1,31.75,-0.254));
#18191 = VECTOR('',#18192,25.4);
#18192 = DIRECTION('',(0.,0.,1.));
#18193 = PCURVE('',#18011,#18194);
#18194 = DEFINITIONAL_REPRESENTATION('',(#18195),#18199);
#18195 = LINE('',#18196,#18197);
#18196 = CARTESIAN_POINT('',(6.28318530718,-0.));
#18197 = VECTOR('',#18198,1.);
#18198 = DIRECTION('',(0.,1.));
#18199 = ( GEOMETRIC_REPRESENTATION_CONTEXT(2) 
PARAMETRIC_REPRESENTATION_CONTEXT() REPRESENTATION_CONTEXT('2D SPACE',''
  ) );
#18200 = PCURVE('',#18011,#18201);
#18201 = DEFINITIONAL_REPRESENTATION('',(#18202),#18206);
#18202 = LINE('',#18203,#18204);
#18203 = CARTESIAN_POINT('',(0.,-0.));
#18204 = VECTOR('',#18205,1.);
#18205 = DIRECTION('',(0.,1.));
#18206 = ( GEOMETRIC_REPRESENTATION_CONTEXT(2) 
PARAMETRIC_REPRESENTATION_CONTEXT() REPRESENTATION_CONTEXT('2D SPACE',''
  ) );
#18207 = ORIENTED_EDGE('',*,*,#17994,.T.);
#18208 = ORIENTED_EDGE('',*,*,#18187,.T.);
#18209 = ( GEOMETRIC_REPRESENTATION_CONTEXT(3) 
GLOBAL_UNCERTAINTY_ASSIGNED_CONTEXT((#18213)) 
GLOBAL_UNIT_ASSIGNED_CONTEXT((#18210,#18211,#18212)) 
REPRESENTATION_CONTEXT('Context #1',
  '3D Context with UNIT and UNCERTAINTY') );
#18210 = ( LENGTH_UNIT() NAMED_UNIT(*) SI_UNIT(.MILLI.,.METRE.) );
#18211 = ( NAMED_UNIT(*) PLANE_ANGLE_UNIT() SI_UNIT($,.RADIAN.) );
#18212 = ( NAMED_UNIT(*) SI_UNIT($,.STERADIAN.) SOLID_ANGLE_UNIT() );
#18213 = UNCERTAINTY_MEASURE_WITH_UNIT(LENGTH_MEASURE(2.54E-06),#18210,
  'distance_accuracy_value','confusion accuracy');
#18214 = CONTEXT_DEPENDENT_SHAPE_REPRESENTATION(#18215,#18217);
#18215 = ( REPRESENTATION_RELATIONSHIP('','',#17634,#10) 
REPRESENTATION_RELATIONSHIP_WITH_TRANSFORMATION(#18216) 
SHAPE_REPRESENTATION_RELATIONSHIP() );
#18216 = ITEM_DEFINED_TRANSFORMATION('','',#11,#163);
#18217 = PRODUCT_DEFINITION_SHAPE('Placement','Placement of an item',
  #18218);
#18218 = NEXT_ASSEMBLY_USAGE_OCCURRENCE('38','Tail','',#5,#17629,$);
#18219 = PRODUCT_RELATED_PRODUCT_CATEGORY('part',$,(#17631));
#18220 = SHAPE_DEFINITION_REPRESENTATION(#1093,#18221);
#18221 = SHAPE_REPRESENTATION('',(#15),#1085);
#18222 = SHAPE_DEFINITION_REPRESENTATION(#2058,#18223);
#18223 = SHAPE_REPRESENTATION('',(#19),#2050);
#18224 = SHAPE_DEFINITION_REPRESENTATION(#2959,#18225);
#18225 = SHAPE_REPRESENTATION('',(#23),#2951);
#18226 = SHAPE_DEFINITION_REPRESENTATION(#3900,#18227);
#18227 = SHAPE_REPRESENTATION('',(#27),#3892);
#18228 = SHAPE_DEFINITION_REPRESENTATION(#4249,#18229);
#18229 = SHAPE_REPRESENTATION('',(#31),#4241);
#18230 = SHAPE_DEFINITION_REPRESENTATION(#4598,#18231);
#18231 = SHAPE_REPRESENTATION('',(#35),#4590);
#18232 = SHAPE_DEFINITION_REPRESENTATION(#4947,#18233);
#18233 = SHAPE_REPRESENTATION('',(#39),#4939);
#18234 = SHAPE_DEFINITION_REPRESENTATION(#5532,#18235);
#18235 = SHAPE_REPRESENTATION('',(#43),#5524);
#18236 = SHAPE_DEFINITION_REPRESENTATION(#6125,#18237);
#18237 = SHAPE_REPRESENTATION('',(#47),#6117);
#18238 = SHAPE_DEFINITION_REPRESENTATION(#6326,#18239);
#18239 = SHAPE_REPRESENTATION('',(#51),#6318);
#18240 = SHAPE_DEFINITION_REPRESENTATION(#6760,#18241);
#18241 = SHAPE_REPRESENTATION('',(#55),#6752);
#18242 = SHAPE_DEFINITION_REPRESENTATION(#6877,#18243);
#18243 = SHAPE_REPRESENTATION('',(#59),#6869);
#18244 = SHAPE_DEFINITION_REPRESENTATION(#7226,#18245);
#18245 = SHAPE_REPRESENTATION('',(#63),#7218);
#18246 = SHAPE_DEFINITION_REPRESENTATION(#7575,#18247);
#18247 = SHAPE_REPRESENTATION('',(#67),#7567);
#18248 = SHAPE_DEFINITION_REPRESENTATION(#7924,#18249);
#18249 = SHAPE_REPRESENTATION('',(#71),#7916);
#18250 = SHAPE_DEFINITION_REPRESENTATION(#8357,#18251);
#18251 = SHAPE_REPRESENTATION('',(#75),#8349);
#18252 = SHAPE_DEFINITION_REPRESENTATION(#8798,#18253);
#18253 = SHAPE_REPRESENTATION('',(#79),#8790);
#18254 = SHAPE_DEFINITION_REPRESENTATION(#9231,#18255);
#18255 = SHAPE_REPRESENTATION('',(#83),#9223);
#18256 = SHAPE_DEFINITION_REPRESENTATION(#9672,#18257);
#18257 = SHAPE_REPRESENTATION('',(#87),#9664);
#18258 = SHAPE_DEFINITION_REPRESENTATION(#9789,#18259);
#18259 = SHAPE_REPRESENTATION('',(#91),#9781);
#18260 = SHAPE_DEFINITION_REPRESENTATION(#9906,#18261);
#18261 = SHAPE_REPRESENTATION('',(#95),#9898);
#18262 = SHAPE_DEFINITION_REPRESENTATION(#10023,#18263);
#18263 = SHAPE_REPRESENTATION('',(#99),#10015);
#18264 = SHAPE_DEFINITION_REPRESENTATION(#10616,#18265);
#18265 = SHAPE_REPRESENTATION('',(#103),#10608);
#18266 = SHAPE_DEFINITION_REPRESENTATION(#11233,#18267);
#18267 = SHAPE_REPRESENTATION('',(#107),#11225);
#18268 = SHAPE_DEFINITION_REPRESENTATION(#11582,#18269);
#18269 = SHAPE_REPRESENTATION('',(#111),#11574);
#18270 = SHAPE_DEFINITION_REPRESENTATION(#11931,#18271);
#18271 = SHAPE_REPRESENTATION('',(#115),#11923);
#18272 = SHAPE_DEFINITION_REPRESENTATION(#12364,#18273);
#18273 = SHAPE_REPRESENTATION('',(#119),#12356);
#18274 = SHAPE_DEFINITION_REPRESENTATION(#12481,#18275);
#18275 = SHAPE_REPRESENTATION('',(#123),#12473);
#18276 = SHAPE_DEFINITION_REPRESENTATION(#13244,#18277);
#18277 = SHAPE_REPRESENTATION('',(#127),#13236);
#18278 = SHAPE_DEFINITION_REPRESENTATION(#13361,#18279);
#18279 = SHAPE_REPRESENTATION('',(#131),#13353);
#18280 = SHAPE_DEFINITION_REPRESENTATION(#13478,#18281);
#18281 = SHAPE_REPRESENTATION('',(#135),#13470);
#18282 = SHAPE_DEFINITION_REPRESENTATION(#14391,#18283);
#18283 = SHAPE_REPRESENTATION('',(#139),#14383);
#18284 = SHAPE_DEFINITION_REPRESENTATION(#15312,#18285);
#18285 = SHAPE_REPRESENTATION('',(#143),#15304);
#18286 = SHAPE_DEFINITION_REPRESENTATION(#15661,#18287);
#18287 = SHAPE_REPRESENTATION('',(#147),#15653);
#18288 = SHAPE_DEFINITION_REPRESENTATION(#16346,#18289);
#18289 = SHAPE_REPRESENTATION('',(#151),#16338);
#18290 = SHAPE_DEFINITION_REPRESENTATION(#17031,#18291);
#18291 = SHAPE_REPRESENTATION('',(#155),#17023);
#18292 = SHAPE_DEFINITION_REPRESENTATION(#17624,#18293);
#18293 = SHAPE_REPRESENTATION('',(#159),#17616);
#18294 = SHAPE_DEFINITION_REPRESENTATION(#18217,#18295);
#18295 = SHAPE_REPRESENTATION('',(#163),#18209);
#18296 = SHAPE_DEFINITION_REPRESENTATION(#1093,#18297);
#18297 = SHAPE_REPRESENTATION('',(#15),#1085);
#18298 = SHAPE_DEFINITION_REPRESENTATION(#2058,#18299);
#18299 = SHAPE_REPRESENTATION('',(#19),#2050);
#18300 = SHAPE_DEFINITION_REPRESENTATION(#2959,#18301);
#18301 = SHAPE_REPRESENTATION('',(#23),#2951);
#18302 = SHAPE_DEFINITION_REPRESENTATION(#3900,#18303);
#18303 = SHAPE_REPRESENTATION('',(#27),#3892);
#18304 = SHAPE_DEFINITION_REPRESENTATION(#4249,#18305);
#18305 = SHAPE_REPRESENTATION('',(#31),#4241);
#18306 = SHAPE_DEFINITION_REPRESENTATION(#4598,#18307);
#18307 = SHAPE_REPRESENTATION('',(#35),#4590);
#18308 = SHAPE_DEFINITION_REPRESENTATION(#4947,#18309);
#18309 = SHAPE_REPRESENTATION('',(#39),#4939);
#18310 = SHAPE_DEFINITION_REPRESENTATION(#5532,#18311);
#18311 = SHAPE_REPRESENTATION('',(#43),#5524);
#18312 = SHAPE_DEFINITION_REPRESENTATION(#6125,#18313);
#18313 = SHAPE_REPRESENTATION('',(#47),#6117);
#18314 = SHAPE_DEFINITION_REPRESENTATION(#6326,#18315);
#18315 = SHAPE_REPRESENTATION('',(#51),#6318);
#18316 = SHAPE_DEFINITION_REPRESENTATION(#6760,#18317);
#18317 = SHAPE_REPRESENTATION('',(#55),#6752);
#18318 = SHAPE_DEFINITION_REPRESENTATION(#6877,#18319);
#18319 = SHAPE_REPRESENTATION('',(#59),#6869);
#18320 = SHAPE_DEFINITION_REPRESENTATION(#7226,#18321);
#18321 = SHAPE_REPRESENTATION('',(#63),#7218);
#18322 = SHAPE_DEFINITION_REPRESENTATION(#7575,#18323);
#18323 = SHAPE_REPRESENTATION('',(#67),#7567);
#18324 = SHAPE_DEFINITION_REPRESENTATION(#7924,#18325);
#18325 = SHAPE_REPRESENTATION('',(#71),#7916);
#18326 = SHAPE_DEFINITION_REPRESENTATION(#8357,#18327);
#18327 = SHAPE_REPRESENTATION('',(#75),#8349);
#18328 = SHAPE_DEFINITION_REPRESENTATION(#8798,#18329);
#18329 = SHAPE_REPRESENTATION('',(#79),#8790);
#18330 = SHAPE_DEFINITION_REPRESENTATION(#9231,#18331);
#18331 = SHAPE_REPRESENTATION('',(#83),#9223);
#18332 = SHAPE_DEFINITION_REPRESENTATION(#9672,#18333);
#18333 = SHAPE_REPRESENTATION('',(#87),#9664);
#18334 = SHAPE_DEFINITION_REPRESENTATION(#9789,#18335);
#18335 = SHAPE_REPRESENTATION('',(#91),#9781);
#18336 = SHAPE_DEFINITION_REPRESENTATION(#9906,#18337);
#18337 = SHAPE_REPRESENTATION('',(#95),#9898);
#18338 = SHAPE_DEFINITION_REPRESENTATION(#10023,#18339);
#18339 = SHAPE_REPRESENTATION('',(#99),#10015);
#18340 = SHAPE_DEFINITION_REPRESENTATION(#10616,#18341);
#18341 = SHAPE_REPRESENTATION('',(#103),#10608);
#18342 = SHAPE_DEFINITION_REPRESENTATION(#11233,#18343);
#18343 = SHAPE_REPRESENTATION('',(#107),#11225);
#18344 = SHAPE_DEFINITION_REPRESENTATION(#11582,#18345);
#18345 = SHAPE_REPRESENTATION('',(#111),#11574);
#18346 = SHAPE_DEFINITION_REPRESENTATION(#11931,#18347);
#18347 = SHAPE_REPRESENTATION('',(#115),#11923);
#18348 = SHAPE_DEFINITION_REPRESENTATION(#12364,#18349);
#18349 = SHAPE_REPRESENTATION('',(#119),#12356);
#18350 = SHAPE_DEFINITION_REPRESENTATION(#12481,#18351);
#18351 = SHAPE_REPRESENTATION('',(#123),#12473);
#18352 = SHAPE_DEFINITION_REPRESENTATION(#13244,#18353);
#18353 = SHAPE_REPRESENTATION('',(#127),#13236);
#18354 = SHAPE_DEFINITION_REPRESENTATION(#13361,#18355);
#18355 = SHAPE_REPRESENTATION('',(#131),#13353);
#18356 = SHAPE_DEFINITION_REPRESENTATION(#13478,#18357);
#18357 = SHAPE_REPRESENTATION('',(#135),#13470);
#18358 = SHAPE_DEFINITION_REPRESENTATION(#14391,#18359);
#18359 = SHAPE_REPRESENTATION('',(#139),#14383);
#18360 = SHAPE_DEFINITION_REPRESENTATION(#15312,#18361);
#18361 = SHAPE_REPRESENTATION('',(#143),#15304);
#18362 = SHAPE_DEFINITION_REPRESENTATION(#15661,#18363);
#18363 = SHAPE_REPRESENTATION('',(#147),#15653);
#18364 = SHAPE_DEFINITION_REPRESENTATION(#16346,#18365);
#18365 = SHAPE_REPRESENTATION('',(#151),#16338);
#18366 = SHAPE_DEFINITION_REPRESENTATION(#17031,#18367);
#18367 = SHAPE_REPRESENTATION('',(#155),#17023);
#18368 = SHAPE_DEFINITION_REPRESENTATION(#17624,#18369);
#18369 = SHAPE_REPRESENTATION('',(#159),#17616);
#18370 = SHAPE_DEFINITION_REPRESENTATION(#18217,#18371);
#18371 = SHAPE_REPRESENTATION('',(#163),#18209);
#18372 = MECHANICAL_DESIGN_GEOMETRIC_PRESENTATION_REPRESENTATION('',(
    #18373),#12473);
#18373 = STYLED_ITEM('color',(#18374),#12375);
#18374 = PRESENTATION_STYLE_ASSIGNMENT((#18375,#18381));
#18375 = SURFACE_STYLE_USAGE(.BOTH.,#18376);
#18376 = SURFACE_SIDE_STYLE('',(#18377));
#18377 = SURFACE_STYLE_FILL_AREA(#18378);
#18378 = FILL_AREA_STYLE('',(#18379));
#18379 = FILL_AREA_STYLE_COLOUR('',#18380);
#18380 = COLOUR_RGB('',0.500000003429,0.250000000672,0.649999988539);
#18381 = CURVE_STYLE('',#18382,POSITIVE_LENGTH_MEASURE(0.1),#18380);
#18382 = DRAUGHTING_PRE_DEFINED_CURVE_FONT('continuous');
#18383 = MECHANICAL_DESIGN_GEOMETRIC_PRESENTATION_REPRESENTATION('',(
    #18384,#18394),#17023);
#18384 = STYLED_ITEM('color',(#18385),#16357);
#18385 = PRESENTATION_STYLE_ASSIGNMENT((#18386,#18392));
#18386 = SURFACE_STYLE_USAGE(.BOTH.,#18387);
#18387 = SURFACE_SIDE_STYLE('',(#18388));
#18388 = SURFACE_STYLE_FILL_AREA(#18389);
#18389 = FILL_AREA_STYLE('',(#18390));
#18390 = FILL_AREA_STYLE_COLOUR('',#18391);
#18391 = COLOUR_RGB('',0.500000003429,0.299999996101,0.149999997808);
#18392 = CURVE_STYLE('',#18393,POSITIVE_LENGTH_MEASURE(0.1),#18391);
#18393 = DRAUGHTING_PRE_DEFINED_CURVE_FONT('continuous');
#18394 = OVER_RIDING_STYLED_ITEM('overriding color',(#18395),#16357,
  #18384);
#18395 = PRESENTATION_STYLE_BY_CONTEXT((#18396,#18402),#18367);
#18396 = SURFACE_STYLE_USAGE(.BOTH.,#18397);
#18397 = SURFACE_SIDE_STYLE('',(#18398));
#18398 = SURFACE_STYLE_FILL_AREA(#18399);
#18399 = FILL_AREA_STYLE('',(#18400));
#18400 = FILL_AREA_STYLE_COLOUR('',#18401);
#18401 = COLOUR_RGB('',0.500000003429,0.299999996101,0.149999997808);
#18402 = CURVE_STYLE('',#18403,POSITIVE_LENGTH_MEASURE(0.1),#18401);
#18403 = DRAUGHTING_PRE_DEFINED_CURVE_FONT('continuous');
#18404 = MECHANICAL_DESIGN_GEOMETRIC_PRESENTATION_REPRESENTATION('',(
    #18405,#18415),#1085);
#18405 = STYLED_ITEM('color',(#18406),#181);
#18406 = PRESENTATION_STYLE_ASSIGNMENT((#18407,#18413));
#18407 = SURFACE_STYLE_USAGE(.BOTH.,#18408);
#18408 = SURFACE_SIDE_STYLE('',(#18409));
#18409 = SURFACE_STYLE_FILL_AREA(#18410);
#18410 = FILL_AREA_STYLE('',(#18411));
#18411 = FILL_AREA_STYLE_COLOUR('',#18412);
#18412 = COLOUR_RGB('',0.199999998682,0.55000000909,0.199999998682);
#18413 = CURVE_STYLE('',#18414,POSITIVE_LENGTH_MEASURE(0.1),#18412);
#18414 = DRAUGHTING_PRE_DEFINED_CURVE_FONT('continuous');
#18415 = OVER_RIDING_STYLED_ITEM('overriding color',(#18416),#181,#18405
  );
#18416 = PRESENTATION_STYLE_BY_CONTEXT((#18417,#18423),#18297);
#18417 = SURFACE_STYLE_USAGE(.BOTH.,#18418);
#18418 = SURFACE_SIDE_STYLE('',(#18419));
#18419 = SURFACE_STYLE_FILL_AREA(#18420);
#18420 = FILL_AREA_STYLE('',(#18421));
#18421 = FILL_AREA_STYLE_COLOUR('',#18422);
#18422 = COLOUR_RGB('',0.199999998682,0.55000000909,0.199999998682);
#18423 = CURVE_STYLE('',#18424,POSITIVE_LENGTH_MEASURE(0.1),#18422);
#18424 = DRAUGHTING_PRE_DEFINED_CURVE_FONT('continuous');
#18425 = MECHANICAL_DESIGN_GEOMETRIC_PRESENTATION_REPRESENTATION('',(
    #18426,#18436),#2951);
#18426 = STYLED_ITEM('color',(#18427),#2069);
#18427 = PRESENTATION_STYLE_ASSIGNMENT((#18428,#18434));
#18428 = SURFACE_STYLE_USAGE(.BOTH.,#18429);
#18429 = SURFACE_SIDE_STYLE('',(#18430));
#18430 = SURFACE_STYLE_FILL_AREA(#18431);
#18431 = FILL_AREA_STYLE('',(#18432));
#18432 = FILL_AREA_STYLE_COLOUR('',#18433);
#18433 = COLOUR_RGB('',0.620000000292,0.620000000292,0.640000008347);
#18434 = CURVE_STYLE('',#18435,POSITIVE_LENGTH_MEASURE(0.1),#18433);
#18435 = DRAUGHTING_PRE_DEFINED_CURVE_FONT('continuous');
#18436 = OVER_RIDING_STYLED_ITEM('overriding color',(#18437),#2069,
  #18426);
#18437 = PRESENTATION_STYLE_BY_CONTEXT((#18438,#18444),#18301);
#18438 = SURFACE_STYLE_USAGE(.BOTH.,#18439);
#18439 = SURFACE_SIDE_STYLE('',(#18440));
#18440 = SURFACE_STYLE_FILL_AREA(#18441);
#18441 = FILL_AREA_STYLE('',(#18442));
#18442 = FILL_AREA_STYLE_COLOUR('',#18443);
#18443 = COLOUR_RGB('',0.620000000292,0.620000000292,0.640000008347);
#18444 = CURVE_STYLE('',#18445,POSITIVE_LENGTH_MEASURE(0.1),#18443);
#18445 = DRAUGHTING_PRE_DEFINED_CURVE_FONT('continuous');
#18446 = MECHANICAL_DESIGN_GEOMETRIC_PRESENTATION_REPRESENTATION('',(
    #18447),#11574);
#18447 = STYLED_ITEM('color',(#18448),#11244);
#18448 = PRESENTATION_STYLE_ASSIGNMENT((#18449,#18455));
#18449 = SURFACE_STYLE_USAGE(.BOTH.,#18450);
#18450 = SURFACE_SIDE_STYLE('',(#18451));
#18451 = SURFACE_STYLE_FILL_AREA(#18452);
#18452 = FILL_AREA_STYLE('',(#18453));
#18453 = FILL_AREA_STYLE_COLOUR('',#18454);
#18454 = COLOUR_RGB('',0.950000001282,0.55000000909,9.999999991362E-02);
#18455 = CURVE_STYLE('',#18456,POSITIVE_LENGTH_MEASURE(0.1),#18454);
#18456 = DRAUGHTING_PRE_DEFINED_CURVE_FONT('continuous');
#18457 = MECHANICAL_DESIGN_GEOMETRIC_PRESENTATION_REPRESENTATION('',(
    #18458),#6869);
#18458 = STYLED_ITEM('color',(#18459),#6771);
#18459 = PRESENTATION_STYLE_ASSIGNMENT((#18460,#18466));
#18460 = SURFACE_STYLE_USAGE(.BOTH.,#18461);
#18461 = SURFACE_SIDE_STYLE('',(#18462));
#18462 = SURFACE_STYLE_FILL_AREA(#18463);
#18463 = FILL_AREA_STYLE('',(#18464));
#18464 = FILL_AREA_STYLE_COLOUR('',#18465);
#18465 = COLOUR_RGB('',0.950000001282,0.950000001282,0.950000001282);
#18466 = CURVE_STYLE('',#18467,POSITIVE_LENGTH_MEASURE(0.1),#18465);
#18467 = DRAUGHTING_PRE_DEFINED_CURVE_FONT('continuous');
#18468 = MECHANICAL_DESIGN_GEOMETRIC_PRESENTATION_REPRESENTATION('',(
    #18469,#18479),#15304);
#18469 = STYLED_ITEM('color',(#18470),#14402);
#18470 = PRESENTATION_STYLE_ASSIGNMENT((#18471,#18477));
#18471 = SURFACE_STYLE_USAGE(.BOTH.,#18472);
#18472 = SURFACE_SIDE_STYLE('',(#18473));
#18473 = SURFACE_STYLE_FILL_AREA(#18474);
#18474 = FILL_AREA_STYLE('',(#18475));
#18475 = FILL_AREA_STYLE_COLOUR('',#18476);
#18476 = COLOUR_RGB('',0.950000001282,0.55000000909,0.700000005816);
#18477 = CURVE_STYLE('',#18478,POSITIVE_LENGTH_MEASURE(0.1),#18476);
#18478 = DRAUGHTING_PRE_DEFINED_CURVE_FONT('continuous');
#18479 = OVER_RIDING_STYLED_ITEM('overriding color',(#18480),#14402,
  #18469);
#18480 = PRESENTATION_STYLE_BY_CONTEXT((#18481,#18487),#18361);
#18481 = SURFACE_STYLE_USAGE(.BOTH.,#18482);
#18482 = SURFACE_SIDE_STYLE('',(#18483));
#18483 = SURFACE_STYLE_FILL_AREA(#18484);
#18484 = FILL_AREA_STYLE('',(#18485));
#18485 = FILL_AREA_STYLE_COLOUR('',#18486);
#18486 = COLOUR_RGB('',0.950000001282,0.55000000909,0.700000005816);
#18487 = CURVE_STYLE('',#18488,POSITIVE_LENGTH_MEASURE(0.1),#18486);
#18488 = DRAUGHTING_PRE_DEFINED_CURVE_FONT('continuous');
#18489 = MECHANICAL_DESIGN_GEOMETRIC_PRESENTATION_REPRESENTATION('',(
    #18490,#18499),#12356);
#18490 = STYLED_ITEM('color',(#18491),#11942);
#18491 = PRESENTATION_STYLE_ASSIGNMENT((#18492,#18497));
#18492 = SURFACE_STYLE_USAGE(.BOTH.,#18493);
#18493 = SURFACE_SIDE_STYLE('',(#18494));
#18494 = SURFACE_STYLE_FILL_AREA(#18495);
#18495 = FILL_AREA_STYLE('',(#18496));
#18496 = FILL_AREA_STYLE_COLOUR('',#18454);
#18497 = CURVE_STYLE('',#18498,POSITIVE_LENGTH_MEASURE(0.1),#18454);
#18498 = DRAUGHTING_PRE_DEFINED_CURVE_FONT('continuous');
#18499 = OVER_RIDING_STYLED_ITEM('overriding color',(#18500),#11942,
  #18490);
#18500 = PRESENTATION_STYLE_BY_CONTEXT((#18501,#18507),#18349);
#18501 = SURFACE_STYLE_USAGE(.BOTH.,#18502);
#18502 = SURFACE_SIDE_STYLE('',(#18503));
#18503 = SURFACE_STYLE_FILL_AREA(#18504);
#18504 = FILL_AREA_STYLE('',(#18505));
#18505 = FILL_AREA_STYLE_COLOUR('',#18506);
#18506 = COLOUR_RGB('',0.950000001282,0.55000000909,9.999999991362E-02);
#18507 = CURVE_STYLE('',#18508,POSITIVE_LENGTH_MEASURE(0.1),#18506);
#18508 = DRAUGHTING_PRE_DEFINED_CURVE_FONT('continuous');
#18509 = MECHANICAL_DESIGN_GEOMETRIC_PRESENTATION_REPRESENTATION('',(
    #18510),#7567);
#18510 = STYLED_ITEM('color',(#18511),#7237);
#18511 = PRESENTATION_STYLE_ASSIGNMENT((#18512,#18518));
#18512 = SURFACE_STYLE_USAGE(.BOTH.,#18513);
#18513 = SURFACE_SIDE_STYLE('',(#18514));
#18514 = SURFACE_STYLE_FILL_AREA(#18515);
#18515 = FILL_AREA_STYLE('',(#18516));
#18516 = FILL_AREA_STYLE_COLOUR('',#18517);
#18517 = COLOUR_RGB('',9.999999991362E-02,0.55000000909,0.55000000909);
#18518 = CURVE_STYLE('',#18519,POSITIVE_LENGTH_MEASURE(0.1),#18517);
#18519 = DRAUGHTING_PRE_DEFINED_CURVE_FONT('continuous');
#18520 = MECHANICAL_DESIGN_GEOMETRIC_PRESENTATION_REPRESENTATION('',(
    #18521),#4241);
#18521 = STYLED_ITEM('color',(#18522),#3911);
#18522 = PRESENTATION_STYLE_ASSIGNMENT((#18523,#18528));
#18523 = SURFACE_STYLE_USAGE(.BOTH.,#18524);
#18524 = SURFACE_SIDE_STYLE('',(#18525));
#18525 = SURFACE_STYLE_FILL_AREA(#18526);
#18526 = FILL_AREA_STYLE('',(#18527));
#18527 = FILL_AREA_STYLE_COLOUR('',#18433);
#18528 = CURVE_STYLE('',#18529,POSITIVE_LENGTH_MEASURE(0.1),#18433);
#18529 = DRAUGHTING_PRE_DEFINED_CURVE_FONT('continuous');
#18530 = MECHANICAL_DESIGN_GEOMETRIC_PRESENTATION_REPRESENTATION('',(
    #18531,#18540),#17616);
#18531 = STYLED_ITEM('color',(#18532),#17042);
#18532 = PRESENTATION_STYLE_ASSIGNMENT((#18533,#18538));
#18533 = SURFACE_STYLE_USAGE(.BOTH.,#18534);
#18534 = SURFACE_SIDE_STYLE('',(#18535));
#18535 = SURFACE_STYLE_FILL_AREA(#18536);
#18536 = FILL_AREA_STYLE('',(#18537));
#18537 = FILL_AREA_STYLE_COLOUR('',#18391);
#18538 = CURVE_STYLE('',#18539,POSITIVE_LENGTH_MEASURE(0.1),#18391);
#18539 = DRAUGHTING_PRE_DEFINED_CURVE_FONT('continuous');
#18540 = OVER_RIDING_STYLED_ITEM('overriding color',(#18541),#17042,
  #18531);
#18541 = PRESENTATION_STYLE_BY_CONTEXT((#18542,#18547),#18369);
#18542 = SURFACE_STYLE_USAGE(.BOTH.,#18543);
#18543 = SURFACE_SIDE_STYLE('',(#18544));
#18544 = SURFACE_STYLE_FILL_AREA(#18545);
#18545 = FILL_AREA_STYLE('',(#18546));
#18546 = FILL_AREA_STYLE_COLOUR('',#18401);
#18547 = CURVE_STYLE('',#18548,POSITIVE_LENGTH_MEASURE(0.1),#18401);
#18548 = DRAUGHTING_PRE_DEFINED_CURVE_FONT('continuous');
#18549 = MECHANICAL_DESIGN_GEOMETRIC_PRESENTATION_REPRESENTATION('',(
    #18550),#13353);
#18550 = STYLED_ITEM('color',(#18551),#13255);
#18551 = PRESENTATION_STYLE_ASSIGNMENT((#18552,#18557));
#18552 = SURFACE_STYLE_USAGE(.BOTH.,#18553);
#18553 = SURFACE_SIDE_STYLE('',(#18554));
#18554 = SURFACE_STYLE_FILL_AREA(#18555);
#18555 = FILL_AREA_STYLE('',(#18556));
#18556 = FILL_AREA_STYLE_COLOUR('',#18391);
#18557 = CURVE_STYLE('',#18558,POSITIVE_LENGTH_MEASURE(0.1),#18391);
#18558 = DRAUGHTING_PRE_DEFINED_CURVE_FONT('continuous');
#18559 = MECHANICAL_DESIGN_GEOMETRIC_PRESENTATION_REPRESENTATION('',(
    #18560,#18569),#11225);
#18560 = STYLED_ITEM('color',(#18561),#10627);
#18561 = PRESENTATION_STYLE_ASSIGNMENT((#18562,#18567));
#18562 = SURFACE_STYLE_USAGE(.BOTH.,#18563);
#18563 = SURFACE_SIDE_STYLE('',(#18564));
#18564 = SURFACE_STYLE_FILL_AREA(#18565);
#18565 = FILL_AREA_STYLE('',(#18566));
#18566 = FILL_AREA_STYLE_COLOUR('',#18454);
#18567 = CURVE_STYLE('',#18568,POSITIVE_LENGTH_MEASURE(0.1),#18454);
#18568 = DRAUGHTING_PRE_DEFINED_CURVE_FONT('continuous');
#18569 = OVER_RIDING_STYLED_ITEM('overriding color',(#18570),#10627,
  #18560);
#18570 = PRESENTATION_STYLE_BY_CONTEXT((#18571,#18576),#18343);
#18571 = SURFACE_STYLE_USAGE(.BOTH.,#18572);
#18572 = SURFACE_SIDE_STYLE('',(#18573));
#18573 = SURFACE_STYLE_FILL_AREA(#18574);
#18574 = FILL_AREA_STYLE('',(#18575));
#18575 = FILL_AREA_STYLE_COLOUR('',#18506);
#18576 = CURVE_STYLE('',#18577,POSITIVE_LENGTH_MEASURE(0.1),#18506);
#18577 = DRAUGHTING_PRE_DEFINED_CURVE_FONT('continuous');
#18578 = MECHANICAL_DESIGN_GEOMETRIC_PRESENTATION_REPRESENTATION('',(
    #18579,#18588),#8790);
#18579 = STYLED_ITEM('color',(#18580),#8368);
#18580 = PRESENTATION_STYLE_ASSIGNMENT((#18581,#18586));
#18581 = SURFACE_STYLE_USAGE(.BOTH.,#18582);
#18582 = SURFACE_SIDE_STYLE('',(#18583));
#18583 = SURFACE_STYLE_FILL_AREA(#18584);
#18584 = FILL_AREA_STYLE('',(#18585));
#18585 = FILL_AREA_STYLE_COLOUR('',#18517);
#18586 = CURVE_STYLE('',#18587,POSITIVE_LENGTH_MEASURE(0.1),#18517);
#18587 = DRAUGHTING_PRE_DEFINED_CURVE_FONT('continuous');
#18588 = OVER_RIDING_STYLED_ITEM('overriding color',(#18589),#8368,
  #18579);
#18589 = PRESENTATION_STYLE_BY_CONTEXT((#18590,#18596),#18329);
#18590 = SURFACE_STYLE_USAGE(.BOTH.,#18591);
#18591 = SURFACE_SIDE_STYLE('',(#18592));
#18592 = SURFACE_STYLE_FILL_AREA(#18593);
#18593 = FILL_AREA_STYLE('',(#18594));
#18594 = FILL_AREA_STYLE_COLOUR('',#18595);
#18595 = COLOUR_RGB('',9.999999991362E-02,0.55000000909,0.55000000909);
#18596 = CURVE_STYLE('',#18597,POSITIVE_LENGTH_MEASURE(0.1),#18595);
#18597 = DRAUGHTING_PRE_DEFINED_CURVE_FONT('continuous');
#18598 = MECHANICAL_DESIGN_GEOMETRIC_PRESENTATION_REPRESENTATION('',(
    #18599,#18608),#18209);
#18599 = STYLED_ITEM('color',(#18600),#17635);
#18600 = PRESENTATION_STYLE_ASSIGNMENT((#18601,#18606));
#18601 = SURFACE_STYLE_USAGE(.BOTH.,#18602);
#18602 = SURFACE_SIDE_STYLE('',(#18603));
#18603 = SURFACE_STYLE_FILL_AREA(#18604);
#18604 = FILL_AREA_STYLE('',(#18605));
#18605 = FILL_AREA_STYLE_COLOUR('',#18391);
#18606 = CURVE_STYLE('',#18607,POSITIVE_LENGTH_MEASURE(0.1),#18391);
#18607 = DRAUGHTING_PRE_DEFINED_CURVE_FONT('continuous');
#18608 = OVER_RIDING_STYLED_ITEM('overriding color',(#18609),#17635,
  #18599);
#18609 = PRESENTATION_STYLE_BY_CONTEXT((#18610,#18615),#18371);
#18610 = SURFACE_STYLE_USAGE(.BOTH.,#18611);
#18611 = SURFACE_SIDE_STYLE('',(#18612));
#18612 = SURFACE_STYLE_FILL_AREA(#18613);
#18613 = FILL_AREA_STYLE('',(#18614));
#18614 = FILL_AREA_STYLE_COLOUR('',#18401);
#18615 = CURVE_STYLE('',#18616,POSITIVE_LENGTH_MEASURE(0.1),#18401);
#18616 = DRAUGHTING_PRE_DEFINED_CURVE_FONT('continuous');
#18617 = MECHANICAL_DESIGN_GEOMETRIC_PRESENTATION_REPRESENTATION('',(
    #18618),#13470);
#18618 = STYLED_ITEM('color',(#18619),#13372);
#18619 = PRESENTATION_STYLE_ASSIGNMENT((#18620,#18625));
#18620 = SURFACE_STYLE_USAGE(.BOTH.,#18621);
#18621 = SURFACE_SIDE_STYLE('',(#18622));
#18622 = SURFACE_STYLE_FILL_AREA(#18623);
#18623 = FILL_AREA_STYLE('',(#18624));
#18624 = FILL_AREA_STYLE_COLOUR('',#18380);
#18625 = CURVE_STYLE('',#18626,POSITIVE_LENGTH_MEASURE(0.1),#18380);
#18626 = DRAUGHTING_PRE_DEFINED_CURVE_FONT('continuous');
#18627 = MECHANICAL_DESIGN_GEOMETRIC_PRESENTATION_REPRESENTATION('',(
    #18628),#7916);
#18628 = STYLED_ITEM('color',(#18629),#7586);
#18629 = PRESENTATION_STYLE_ASSIGNMENT((#18630,#18635));
#18630 = SURFACE_STYLE_USAGE(.BOTH.,#18631);
#18631 = SURFACE_SIDE_STYLE('',(#18632));
#18632 = SURFACE_STYLE_FILL_AREA(#18633);
#18633 = FILL_AREA_STYLE('',(#18634));
#18634 = FILL_AREA_STYLE_COLOUR('',#18517);
#18635 = CURVE_STYLE('',#18636,POSITIVE_LENGTH_MEASURE(0.1),#18517);
#18636 = DRAUGHTING_PRE_DEFINED_CURVE_FONT('continuous');
#18637 = MECHANICAL_DESIGN_GEOMETRIC_PRESENTATION_REPRESENTATION('',(
    #18638),#10015);
#18638 = STYLED_ITEM('color',(#18639),#9917);
#18639 = PRESENTATION_STYLE_ASSIGNMENT((#18640,#18645));
#18640 = SURFACE_STYLE_USAGE(.BOTH.,#18641);
#18641 = SURFACE_SIDE_STYLE('',(#18642));
#18642 = SURFACE_STYLE_FILL_AREA(#18643);
#18643 = FILL_AREA_STYLE('',(#18644));
#18644 = FILL_AREA_STYLE_COLOUR('',#18380);
#18645 = CURVE_STYLE('',#18646,POSITIVE_LENGTH_MEASURE(0.1),#18380);
#18646 = DRAUGHTING_PRE_DEFINED_CURVE_FONT('continuous');
#18647 = MECHANICAL_DESIGN_GEOMETRIC_PRESENTATION_REPRESENTATION('',(
    #18648,#18657),#9223);
#18648 = STYLED_ITEM('color',(#18649),#8809);
#18649 = PRESENTATION_STYLE_ASSIGNMENT((#18650,#18655));
#18650 = SURFACE_STYLE_USAGE(.BOTH.,#18651);
#18651 = SURFACE_SIDE_STYLE('',(#18652));
#18652 = SURFACE_STYLE_FILL_AREA(#18653);
#18653 = FILL_AREA_STYLE('',(#18654));
#18654 = FILL_AREA_STYLE_COLOUR('',#18517);
#18655 = CURVE_STYLE('',#18656,POSITIVE_LENGTH_MEASURE(0.1),#18517);
#18656 = DRAUGHTING_PRE_DEFINED_CURVE_FONT('continuous');
#18657 = OVER_RIDING_STYLED_ITEM('overriding color',(#18658),#8809,
  #18648);
#18658 = PRESENTATION_STYLE_BY_CONTEXT((#18659,#18664),#18331);
#18659 = SURFACE_STYLE_USAGE(.BOTH.,#18660);
#18660 = SURFACE_SIDE_STYLE('',(#18661));
#18661 = SURFACE_STYLE_FILL_AREA(#18662);
#18662 = FILL_AREA_STYLE('',(#18663));
#18663 = FILL_AREA_STYLE_COLOUR('',#18595);
#18664 = CURVE_STYLE('',#18665,POSITIVE_LENGTH_MEASURE(0.1),#18595);
#18665 = DRAUGHTING_PRE_DEFINED_CURVE_FONT('continuous');
#18666 = MECHANICAL_DESIGN_GEOMETRIC_PRESENTATION_REPRESENTATION('',(
    #18667,#18676),#8349);
#18667 = STYLED_ITEM('color',(#18668),#7935);
#18668 = PRESENTATION_STYLE_ASSIGNMENT((#18669,#18674));
#18669 = SURFACE_STYLE_USAGE(.BOTH.,#18670);
#18670 = SURFACE_SIDE_STYLE('',(#18671));
#18671 = SURFACE_STYLE_FILL_AREA(#18672);
#18672 = FILL_AREA_STYLE('',(#18673));
#18673 = FILL_AREA_STYLE_COLOUR('',#18517);
#18674 = CURVE_STYLE('',#18675,POSITIVE_LENGTH_MEASURE(0.1),#18517);
#18675 = DRAUGHTING_PRE_DEFINED_CURVE_FONT('continuous');
#18676 = OVER_RIDING_STYLED_ITEM('overriding color',(#18677),#7935,
  #18667);
#18677 = PRESENTATION_STYLE_BY_CONTEXT((#18678,#18683),#18327);
#18678 = SURFACE_STYLE_USAGE(.BOTH.,#18679);
#18679 = SURFACE_SIDE_STYLE('',(#18680));
#18680 = SURFACE_STYLE_FILL_AREA(#18681);
#18681 = FILL_AREA_STYLE('',(#18682));
#18682 = FILL_AREA_STYLE_COLOUR('',#18595);
#18683 = CURVE_STYLE('',#18684,POSITIVE_LENGTH_MEASURE(0.1),#18595);
#18684 = DRAUGHTING_PRE_DEFINED_CURVE_FONT('continuous');
#18685 = MECHANICAL_DESIGN_GEOMETRIC_PRESENTATION_REPRESENTATION('',(
    #18686),#9781);
#18686 = STYLED_ITEM('color',(#18687),#9683);
#18687 = PRESENTATION_STYLE_ASSIGNMENT((#18688,#18693));
#18688 = SURFACE_STYLE_USAGE(.BOTH.,#18689);
#18689 = SURFACE_SIDE_STYLE('',(#18690));
#18690 = SURFACE_STYLE_FILL_AREA(#18691);
#18691 = FILL_AREA_STYLE('',(#18692));
#18692 = FILL_AREA_STYLE_COLOUR('',#18380);
#18693 = CURVE_STYLE('',#18694,POSITIVE_LENGTH_MEASURE(0.1),#18380);
#18694 = DRAUGHTING_PRE_DEFINED_CURVE_FONT('continuous');
#18695 = MECHANICAL_DESIGN_GEOMETRIC_PRESENTATION_REPRESENTATION('',(
    #18696),#9898);
#18696 = STYLED_ITEM('color',(#18697),#9800);
#18697 = PRESENTATION_STYLE_ASSIGNMENT((#18698,#18703));
#18698 = SURFACE_STYLE_USAGE(.BOTH.,#18699);
#18699 = SURFACE_SIDE_STYLE('',(#18700));
#18700 = SURFACE_STYLE_FILL_AREA(#18701);
#18701 = FILL_AREA_STYLE('',(#18702));
#18702 = FILL_AREA_STYLE_COLOUR('',#18380);
#18703 = CURVE_STYLE('',#18704,POSITIVE_LENGTH_MEASURE(0.1),#18380);
#18704 = DRAUGHTING_PRE_DEFINED_CURVE_FONT('continuous');
#18705 = MECHANICAL_DESIGN_GEOMETRIC_PRESENTATION_REPRESENTATION('',(
    #18706,#18715),#6318);
#18706 = STYLED_ITEM('color',(#18707),#6136);
#18707 = PRESENTATION_STYLE_ASSIGNMENT((#18708,#18713));
#18708 = SURFACE_STYLE_USAGE(.BOTH.,#18709);
#18709 = SURFACE_SIDE_STYLE('',(#18710));
#18710 = SURFACE_STYLE_FILL_AREA(#18711);
#18711 = FILL_AREA_STYLE('',(#18712));
#18712 = FILL_AREA_STYLE_COLOUR('',#18465);
#18713 = CURVE_STYLE('',#18714,POSITIVE_LENGTH_MEASURE(0.1),#18465);
#18714 = DRAUGHTING_PRE_DEFINED_CURVE_FONT('continuous');
#18715 = OVER_RIDING_STYLED_ITEM('overriding color',(#18716),#6136,
  #18706);
#18716 = PRESENTATION_STYLE_BY_CONTEXT((#18717,#18723),#18315);
#18717 = SURFACE_STYLE_USAGE(.BOTH.,#18718);
#18718 = SURFACE_SIDE_STYLE('',(#18719));
#18719 = SURFACE_STYLE_FILL_AREA(#18720);
#18720 = FILL_AREA_STYLE('',(#18721));
#18721 = FILL_AREA_STYLE_COLOUR('',#18722);
#18722 = COLOUR_RGB('',0.950000001282,0.950000001282,0.950000001282);
#18723 = CURVE_STYLE('',#18724,POSITIVE_LENGTH_MEASURE(0.1),#18722);
#18724 = DRAUGHTING_PRE_DEFINED_CURVE_FONT('continuous');
#18725 = MECHANICAL_DESIGN_GEOMETRIC_PRESENTATION_REPRESENTATION('',(
    #18726,#18735),#9664);
#18726 = STYLED_ITEM('color',(#18727),#9242);
#18727 = PRESENTATION_STYLE_ASSIGNMENT((#18728,#18733));
#18728 = SURFACE_STYLE_USAGE(.BOTH.,#18729);
#18729 = SURFACE_SIDE_STYLE('',(#18730));
#18730 = SURFACE_STYLE_FILL_AREA(#18731);
#18731 = FILL_AREA_STYLE('',(#18732));
#18732 = FILL_AREA_STYLE_COLOUR('',#18517);
#18733 = CURVE_STYLE('',#18734,POSITIVE_LENGTH_MEASURE(0.1),#18517);
#18734 = DRAUGHTING_PRE_DEFINED_CURVE_FONT('continuous');
#18735 = OVER_RIDING_STYLED_ITEM('overriding color',(#18736),#9242,
  #18726);
#18736 = PRESENTATION_STYLE_BY_CONTEXT((#18737,#18742),#18333);
#18737 = SURFACE_STYLE_USAGE(.BOTH.,#18738);
#18738 = SURFACE_SIDE_STYLE('',(#18739));
#18739 = SURFACE_STYLE_FILL_AREA(#18740);
#18740 = FILL_AREA_STYLE('',(#18741));
#18741 = FILL_AREA_STYLE_COLOUR('',#18595);
#18742 = CURVE_STYLE('',#18743,POSITIVE_LENGTH_MEASURE(0.1),#18595);
#18743 = DRAUGHTING_PRE_DEFINED_CURVE_FONT('continuous');
#18744 = MECHANICAL_DESIGN_GEOMETRIC_PRESENTATION_REPRESENTATION('',(
    #18745,#18755),#5524);
#18745 = STYLED_ITEM('color',(#18746),#4958);
#18746 = PRESENTATION_STYLE_ASSIGNMENT((#18747,#18753));
#18747 = SURFACE_STYLE_USAGE(.BOTH.,#18748);
#18748 = SURFACE_SIDE_STYLE('',(#18749));
#18749 = SURFACE_STYLE_FILL_AREA(#18750);
#18750 = FILL_AREA_STYLE('',(#18751));
#18751 = FILL_AREA_STYLE_COLOUR('',#18752);
#18752 = COLOUR_RGB('',0.800000010877,0.149999997808,0.120000001395);
#18753 = CURVE_STYLE('',#18754,POSITIVE_LENGTH_MEASURE(0.1),#18752);
#18754 = DRAUGHTING_PRE_DEFINED_CURVE_FONT('continuous');
#18755 = OVER_RIDING_STYLED_ITEM('overriding color',(#18756),#4958,
  #18745);
#18756 = PRESENTATION_STYLE_BY_CONTEXT((#18757,#18763),#18311);
#18757 = SURFACE_STYLE_USAGE(.BOTH.,#18758);
#18758 = SURFACE_SIDE_STYLE('',(#18759));
#18759 = SURFACE_STYLE_FILL_AREA(#18760);
#18760 = FILL_AREA_STYLE('',(#18761));
#18761 = FILL_AREA_STYLE_COLOUR('',#18762);
#18762 = COLOUR_RGB('',0.800000010877,0.149999997808,0.120000001395);
#18763 = CURVE_STYLE('',#18764,POSITIVE_LENGTH_MEASURE(0.1),#18762);
#18764 = DRAUGHTING_PRE_DEFINED_CURVE_FONT('continuous');
#18765 = MECHANICAL_DESIGN_GEOMETRIC_PRESENTATION_REPRESENTATION('',(
    #18766),#4590);
#18766 = STYLED_ITEM('color',(#18767),#4260);
#18767 = PRESENTATION_STYLE_ASSIGNMENT((#18768,#18773));
#18768 = SURFACE_STYLE_USAGE(.BOTH.,#18769);
#18769 = SURFACE_SIDE_STYLE('',(#18770));
#18770 = SURFACE_STYLE_FILL_AREA(#18771);
#18771 = FILL_AREA_STYLE('',(#18772));
#18772 = FILL_AREA_STYLE_COLOUR('',#18433);
#18773 = CURVE_STYLE('',#18774,POSITIVE_LENGTH_MEASURE(0.1),#18433);
#18774 = DRAUGHTING_PRE_DEFINED_CURVE_FONT('continuous');
#18775 = MECHANICAL_DESIGN_GEOMETRIC_PRESENTATION_REPRESENTATION('',(
    #18776),#4939);
#18776 = STYLED_ITEM('color',(#18777),#4609);
#18777 = PRESENTATION_STYLE_ASSIGNMENT((#18778,#18783));
#18778 = SURFACE_STYLE_USAGE(.BOTH.,#18779);
#18779 = SURFACE_SIDE_STYLE('',(#18780));
#18780 = SURFACE_STYLE_FILL_AREA(#18781);
#18781 = FILL_AREA_STYLE('',(#18782));
#18782 = FILL_AREA_STYLE_COLOUR('',#18752);
#18783 = CURVE_STYLE('',#18784,POSITIVE_LENGTH_MEASURE(0.1),#18752);
#18784 = DRAUGHTING_PRE_DEFINED_CURVE_FONT('continuous');
#18785 = MECHANICAL_DESIGN_GEOMETRIC_PRESENTATION_REPRESENTATION('',(
    #18786),#15653);
#18786 = STYLED_ITEM('color',(#18787),#15323);
#18787 = PRESENTATION_STYLE_ASSIGNMENT((#18788,#18793));
#18788 = SURFACE_STYLE_USAGE(.BOTH.,#18789);
#18789 = SURFACE_SIDE_STYLE('',(#18790));
#18790 = SURFACE_STYLE_FILL_AREA(#18791);
#18791 = FILL_AREA_STYLE('',(#18792));
#18792 = FILL_AREA_STYLE_COLOUR('',#18476);
#18793 = CURVE_STYLE('',#18794,POSITIVE_LENGTH_MEASURE(0.1),#18476);
#18794 = DRAUGHTING_PRE_DEFINED_CURVE_FONT('continuous');
#18795 = MECHANICAL_DESIGN_GEOMETRIC_PRESENTATION_REPRESENTATION('',(
    #18796,#18805),#6117);
#18796 = STYLED_ITEM('color',(#18797),#5543);
#18797 = PRESENTATION_STYLE_ASSIGNMENT((#18798,#18803));
#18798 = SURFACE_STYLE_USAGE(.BOTH.,#18799);
#18799 = SURFACE_SIDE_STYLE('',(#18800));
#18800 = SURFACE_STYLE_FILL_AREA(#18801);
#18801 = FILL_AREA_STYLE('',(#18802));
#18802 = FILL_AREA_STYLE_COLOUR('',#18752);
#18803 = CURVE_STYLE('',#18804,POSITIVE_LENGTH_MEASURE(0.1),#18752);
#18804 = DRAUGHTING_PRE_DEFINED_CURVE_FONT('continuous');
#18805 = OVER_RIDING_STYLED_ITEM('overriding color',(#18806),#5543,
  #18796);
#18806 = PRESENTATION_STYLE_BY_CONTEXT((#18807,#18812),#18313);
#18807 = SURFACE_STYLE_USAGE(.BOTH.,#18808);
#18808 = SURFACE_SIDE_STYLE('',(#18809));
#18809 = SURFACE_STYLE_FILL_AREA(#18810);
#18810 = FILL_AREA_STYLE('',(#18811));
#18811 = FILL_AREA_STYLE_COLOUR('',#18762);
#18812 = CURVE_STYLE('',#18813,POSITIVE_LENGTH_MEASURE(0.1),#18762);
#18813 = DRAUGHTING_PRE_DEFINED_CURVE_FONT('continuous');
#18814 = MECHANICAL_DESIGN_GEOMETRIC_PRESENTATION_REPRESENTATION('',(
    #18815),#11923);
#18815 = STYLED_ITEM('color',(#18816),#11593);
#18816 = PRESENTATION_STYLE_ASSIGNMENT((#18817,#18822));
#18817 = SURFACE_STYLE_USAGE(.BOTH.,#18818);
#18818 = SURFACE_SIDE_STYLE('',(#18819));
#18819 = SURFACE_STYLE_FILL_AREA(#18820);
#18820 = FILL_AREA_STYLE('',(#18821));
#18821 = FILL_AREA_STYLE_COLOUR('',#18454);
#18822 = CURVE_STYLE('',#18823,POSITIVE_LENGTH_MEASURE(0.1),#18454);
#18823 = DRAUGHTING_PRE_DEFINED_CURVE_FONT('continuous');
#18824 = MECHANICAL_DESIGN_GEOMETRIC_PRESENTATION_REPRESENTATION('',(
    #18825),#7218);
#18825 = STYLED_ITEM('color',(#18826),#6888);
#18826 = PRESENTATION_STYLE_ASSIGNMENT((#18827,#18832));
#18827 = SURFACE_STYLE_USAGE(.BOTH.,#18828);
#18828 = SURFACE_SIDE_STYLE('',(#18829));
#18829 = SURFACE_STYLE_FILL_AREA(#18830);
#18830 = FILL_AREA_STYLE('',(#18831));
#18831 = FILL_AREA_STYLE_COLOUR('',#18517);
#18832 = CURVE_STYLE('',#18833,POSITIVE_LENGTH_MEASURE(0.1),#18517);
#18833 = DRAUGHTING_PRE_DEFINED_CURVE_FONT('continuous');
#18834 = MECHANICAL_DESIGN_GEOMETRIC_PRESENTATION_REPRESENTATION('',(
    #18835,#18844),#10608);
#18835 = STYLED_ITEM('color',(#18836),#10034);
#18836 = PRESENTATION_STYLE_ASSIGNMENT((#18837,#18842));
#18837 = SURFACE_STYLE_USAGE(.BOTH.,#18838);
#18838 = SURFACE_SIDE_STYLE('',(#18839));
#18839 = SURFACE_STYLE_FILL_AREA(#18840);
#18840 = FILL_AREA_STYLE('',(#18841));
#18841 = FILL_AREA_STYLE_COLOUR('',#18454);
#18842 = CURVE_STYLE('',#18843,POSITIVE_LENGTH_MEASURE(0.1),#18454);
#18843 = DRAUGHTING_PRE_DEFINED_CURVE_FONT('continuous');
#18844 = OVER_RIDING_STYLED_ITEM('overriding color',(#18845),#10034,
  #18835);
#18845 = PRESENTATION_STYLE_BY_CONTEXT((#18846,#18851),#18341);
#18846 = SURFACE_STYLE_USAGE(.BOTH.,#18847);
#18847 = SURFACE_SIDE_STYLE('',(#18848));
#18848 = SURFACE_STYLE_FILL_AREA(#18849);
#18849 = FILL_AREA_STYLE('',(#18850));
#18850 = FILL_AREA_STYLE_COLOUR('',#18506);
#18851 = CURVE_STYLE('',#18852,POSITIVE_LENGTH_MEASURE(0.1),#18506);
#18852 = DRAUGHTING_PRE_DEFINED_CURVE_FONT('continuous');
#18853 = MECHANICAL_DESIGN_GEOMETRIC_PRESENTATION_REPRESENTATION('',(
    #18854,#18863),#16338);
#18854 = STYLED_ITEM('color',(#18855),#15672);
#18855 = PRESENTATION_STYLE_ASSIGNMENT((#18856,#18861));
#18856 = SURFACE_STYLE_USAGE(.BOTH.,#18857);
#18857 = SURFACE_SIDE_STYLE('',(#18858));
#18858 = SURFACE_STYLE_FILL_AREA(#18859);
#18859 = FILL_AREA_STYLE('',(#18860));
#18860 = FILL_AREA_STYLE_COLOUR('',#18391);
#18861 = CURVE_STYLE('',#18862,POSITIVE_LENGTH_MEASURE(0.1),#18391);
#18862 = DRAUGHTING_PRE_DEFINED_CURVE_FONT('continuous');
#18863 = OVER_RIDING_STYLED_ITEM('overriding color',(#18864),#15672,
  #18854);
#18864 = PRESENTATION_STYLE_BY_CONTEXT((#18865,#18870),#18365);
#18865 = SURFACE_STYLE_USAGE(.BOTH.,#18866);
#18866 = SURFACE_SIDE_STYLE('',(#18867));
#18867 = SURFACE_STYLE_FILL_AREA(#18868);
#18868 = FILL_AREA_STYLE('',(#18869));
#18869 = FILL_AREA_STYLE_COLOUR('',#18401);
#18870 = CURVE_STYLE('',#18871,POSITIVE_LENGTH_MEASURE(0.1),#18401);
#18871 = DRAUGHTING_PRE_DEFINED_CURVE_FONT('continuous');
#18872 = MECHANICAL_DESIGN_GEOMETRIC_PRESENTATION_REPRESENTATION('',(
    #18873,#18882),#2050);
#18873 = STYLED_ITEM('color',(#18874),#1104);
#18874 = PRESENTATION_STYLE_ASSIGNMENT((#18875,#18880));
#18875 = SURFACE_STYLE_USAGE(.BOTH.,#18876);
#18876 = SURFACE_SIDE_STYLE('',(#18877));
#18877 = SURFACE_STYLE_FILL_AREA(#18878);
#18878 = FILL_AREA_STYLE('',(#18879));
#18879 = FILL_AREA_STYLE_COLOUR('',#18412);
#18880 = CURVE_STYLE('',#18881,POSITIVE_LENGTH_MEASURE(0.1),#18412);
#18881 = DRAUGHTING_PRE_DEFINED_CURVE_FONT('continuous');
#18882 = OVER_RIDING_STYLED_ITEM('overriding color',(#18883),#1104,
  #18873);
#18883 = PRESENTATION_STYLE_BY_CONTEXT((#18884,#18889),#18299);
#18884 = SURFACE_STYLE_USAGE(.BOTH.,#18885);
#18885 = SURFACE_SIDE_STYLE('',(#18886));
#18886 = SURFACE_STYLE_FILL_AREA(#18887);
#18887 = FILL_AREA_STYLE('',(#18888));
#18888 = FILL_AREA_STYLE_COLOUR('',#18422);
#18889 = CURVE_STYLE('',#18890,POSITIVE_LENGTH_MEASURE(0.1),#18422);
#18890 = DRAUGHTING_PRE_DEFINED_CURVE_FONT('continuous');
#18891 = MECHANICAL_DESIGN_GEOMETRIC_PRESENTATION_REPRESENTATION('',(
    #18892,#18901),#14383);
#18892 = STYLED_ITEM('color',(#18893),#13489);
#18893 = PRESENTATION_STYLE_ASSIGNMENT((#18894,#18899));
#18894 = SURFACE_STYLE_USAGE(.BOTH.,#18895);
#18895 = SURFACE_SIDE_STYLE('',(#18896));
#18896 = SURFACE_STYLE_FILL_AREA(#18897);
#18897 = FILL_AREA_STYLE('',(#18898));
#18898 = FILL_AREA_STYLE_COLOUR('',#18476);
#18899 = CURVE_STYLE('',#18900,POSITIVE_LENGTH_MEASURE(0.1),#18476);
#18900 = DRAUGHTING_PRE_DEFINED_CURVE_FONT('continuous');
#18901 = OVER_RIDING_STYLED_ITEM('overriding color',(#18902),#13489,
  #18892);
#18902 = PRESENTATION_STYLE_BY_CONTEXT((#18903,#18908),#18359);
#18903 = SURFACE_STYLE_USAGE(.BOTH.,#18904);
#18904 = SURFACE_SIDE_STYLE('',(#18905));
#18905 = SURFACE_STYLE_FILL_AREA(#18906);
#18906 = FILL_AREA_STYLE('',(#18907));
#18907 = FILL_AREA_STYLE_COLOUR('',#18486);
#18908 = CURVE_STYLE('',#18909,POSITIVE_LENGTH_MEASURE(0.1),#18486);
#18909 = DRAUGHTING_PRE_DEFINED_CURVE_FONT('continuous');
#18910 = MECHANICAL_DESIGN_GEOMETRIC_PRESENTATION_REPRESENTATION('',(
    #18911,#18920),#13236);
#18911 = STYLED_ITEM('color',(#18912),#12492);
#18912 = PRESENTATION_STYLE_ASSIGNMENT((#18913,#18918));
#18913 = SURFACE_STYLE_USAGE(.BOTH.,#18914);
#18914 = SURFACE_SIDE_STYLE('',(#18915));
#18915 = SURFACE_STYLE_FILL_AREA(#18916);
#18916 = FILL_AREA_STYLE('',(#18917));
#18917 = FILL_AREA_STYLE_COLOUR('',#18391);
#18918 = CURVE_STYLE('',#18919,POSITIVE_LENGTH_MEASURE(0.1),#18391);
#18919 = DRAUGHTING_PRE_DEFINED_CURVE_FONT('continuous');
#18920 = OVER_RIDING_STYLED_ITEM('overriding color',(#18921),#12492,
  #18911);
#18921 = PRESENTATION_STYLE_BY_CONTEXT((#18922,#18927),#18353);
#18922 = SURFACE_STYLE_USAGE(.BOTH.,#18923);
#18923 = SURFACE_SIDE_STYLE('',(#18924));
#18924 = SURFACE_STYLE_FILL_AREA(#18925);
#18925 = FILL_AREA_STYLE('',(#18926));
#18926 = FILL_AREA_STYLE_COLOUR('',#18401);
#18927 = CURVE_STYLE('',#18928,POSITIVE_LENGTH_MEASURE(0.1),#18401);
#18928 = DRAUGHTING_PRE_DEFINED_CURVE_FONT('continuous');
#18929 = MECHANICAL_DESIGN_GEOMETRIC_PRESENTATION_REPRESENTATION('',(
    #18930,#18939),#6752);
#18930 = STYLED_ITEM('color',(#18931),#6337);
#18931 = PRESENTATION_STYLE_ASSIGNMENT((#18932,#18937));
#18932 = SURFACE_STYLE_USAGE(.BOTH.,#18933);
#18933 = SURFACE_SIDE_STYLE('',(#18934));
#18934 = SURFACE_STYLE_FILL_AREA(#18935);
#18935 = FILL_AREA_STYLE('',(#18936));
#18936 = FILL_AREA_STYLE_COLOUR('',#18752);
#18937 = CURVE_STYLE('',#18938,POSITIVE_LENGTH_MEASURE(0.1),#18752);
#18938 = DRAUGHTING_PRE_DEFINED_CURVE_FONT('continuous');
#18939 = OVER_RIDING_STYLED_ITEM('overriding color',(#18940),#6337,
  #18930);
#18940 = PRESENTATION_STYLE_BY_CONTEXT((#18941,#18946),#18317);
#18941 = SURFACE_STYLE_USAGE(.BOTH.,#18942);
#18942 = SURFACE_SIDE_STYLE('',(#18943));
#18943 = SURFACE_STYLE_FILL_AREA(#18944);
#18944 = FILL_AREA_STYLE('',(#18945));
#18945 = FILL_AREA_STYLE_COLOUR('',#18762);
#18946 = CURVE_STYLE('',#18947,POSITIVE_LENGTH_MEASURE(0.1),#18762);
#18947 = DRAUGHTING_PRE_DEFINED_CURVE_FONT('continuous');
#18948 = MECHANICAL_DESIGN_GEOMETRIC_PRESENTATION_REPRESENTATION('',(
    #18949,#18958),#3892);
#18949 = STYLED_ITEM('color',(#18950),#2970);
#18950 = PRESENTATION_STYLE_ASSIGNMENT((#18951,#18956));
#18951 = SURFACE_STYLE_USAGE(.BOTH.,#18952);
#18952 = SURFACE_SIDE_STYLE('',(#18953));
#18953 = SURFACE_STYLE_FILL_AREA(#18954);
#18954 = FILL_AREA_STYLE('',(#18955));
#18955 = FILL_AREA_STYLE_COLOUR('',#18433);
#18956 = CURVE_STYLE('',#18957,POSITIVE_LENGTH_MEASURE(0.1),#18433);
#18957 = DRAUGHTING_PRE_DEFINED_CURVE_FONT('continuous');
#18958 = OVER_RIDING_STYLED_ITEM('overriding color',(#18959),#2970,
  #18949);
#18959 = PRESENTATION_STYLE_BY_CONTEXT((#18960,#18965),#18303);
#18960 = SURFACE_STYLE_USAGE(.BOTH.,#18961);
#18961 = SURFACE_SIDE_STYLE('',(#18962));
#18962 = SURFACE_STYLE_FILL_AREA(#18963);
#18963 = FILL_AREA_STYLE('',(#18964));
#18964 = FILL_AREA_STYLE_COLOUR('',#18443);
#18965 = CURVE_STYLE('',#18966,POSITIVE_LENGTH_MEASURE(0.1),#18443);
#18966 = DRAUGHTING_PRE_DEFINED_CURVE_FONT('continuous');
ENDSEC;
END-ISO-10303-21;
